Creator_ID,Channel_Name,Handle,Platform,Category,Content_Type,Country,Followers,Avg_Views,Monthly_Views,Engagement_Rate,Nox_Score,Target_Age,Target_Gender,Estimated_CPM,Upload_Per_Month,Views_Trend_6M,Last_Upload_Date,Controversy_Flag,Ad_Content_Ratio,Risk_Score,Creator_Tier,Collab_Type_Pref,Created_At,Daily_Views,Thumbnail_URL,Channel_ID,Channel_URL
CR_YT_0001,김프로KIMPRO,@yt_ucivs2pn,YouTube,엔터테인먼트,브이로그,Korea,130000000,34900741,628213338,6.43,2.7,18-34,Mixed,13437.0,2,상승,2026-01-08,없음,11,4.5,메가,브랜디드콘텐츠,2026-06-13,16290236,https://yt3.ggpht.com/61lpQx0TizD-UeJSv10975lLAt09xRHu0T8cz_6LnLGFwA_5L-Vz-Qa_GOXsthdkh8G7jXv1oQ=s240-c-k-c0x00ffffff-no-rj,UCiVs2pnGW5mLIc1jS2nxhjg,https://www.youtube.com/channel/UCiVs2pnGW5mLIc1jS2nxhjg
CR_YT_0002,BLACKPINK,@yt_ucomhun-,YouTube,엔터테인먼트,예능,Korea,100000000,63333333,569999997,4.54,2.1,18-34,Mixed,7014.0,2,유지,2026-04-19,없음,39,3.7,메가,브랜디드콘텐츠,2026-06-13,16207884,https://yt3.ggpht.com/U3VrCkKjzTpQ3VYv4SCPjNfDHeJV-swGNnhLYhr0nV4lZz_GVUNzK4EB-HFRfKv9S5VNh14uAg=s240-c-k-c0x00ffffff-no-rj,UCOmHUn--16B90oW2L6FRR3A,https://www.youtube.com/channel/UCOmHUn--16B90oW2L6FRR3A
CR_YT_0003,BANGTANTV,@yt_uclkaepw,YouTube,엔터테인먼트,리액션,Korea,84000000,9161974,119105662,2.22,4.3,18-34,Mixed,5705.0,1,유지,2026-04-28,없음,10,4.0,메가,브랜디드콘텐츠,2026-06-13,3551373,https://yt3.ggpht.com/lFkJ8u633H3Cdk_vs9Oio2gqTDYqsjU-Oj-G62uzVEjONaF4webUp-H_5gDbkKHw3OUUEGMHig=s240-c-k-c0x00ffffff-no-rj,UCLkAepWjdylmXSltofFvsYQ,https://www.youtube.com/channel/UCLkAepWjdylmXSltofFvsYQ
CR_YT_0004,HYBE LABELS,@yt_uc3izkse,YouTube,엔터테인먼트,버라이어티,Korea,81400000,13983616,223737856,7.88,2.2,18-34,Mixed,10716.0,4,상승,2026-01-21,없음,28,4.7,메가,PPL,2026-06-13,5872211,https://yt3.ggpht.com/ytc/AIdro_l8g0yRFG8xoe_qeqk8Ki9UFy36cB2IjZEWZWz0h7gl-t0=s240-c-k-c0x00ffffff-no-rj,UC3IZKseVpdzPSBaWxBxundA,https://www.youtube.com/channel/UC3IZKseVpdzPSBaWxBxundA
CR_YT_0005,BeatboxJCOP,@yt_ucdx5kxi,YouTube,엔터테인먼트,예능,Korea,49200000,17916945,197086395,3.54,3.4,18-34,Mixed,5651.0,20,유지,2026-05-17,없음,28,4.7,메가,브랜디드콘텐츠,2026-06-13,8583365,https://yt3.ggpht.com/49iW-jgJ4MOWR0DqF17gXU8mwE8eEEkpKF4mUe_gmjPVRdKUJvKuXv1WpY4sZSdvl1kkFXVAoCA=s240-c-k-c0x00ffffff-no-rj,UCdX5KXiCTPYWYZscfphgQ4g,https://www.youtube.com/channel/UCdX5KXiCTPYWYZscfphgQ4g
CR_YT_0006,SMTOWN,@yt_ucef_bc-,YouTube,엔터테인먼트,버라이어티,Korea,33600000,7115672,135197768,4.2,2.8,18-34,Mixed,5202.0,16,상승,2026-03-22,없음,40,4.2,메가,브랜디드콘텐츠,2026-06-13,3926898,https://yt3.ggpht.com/42gxi39XmaHVEYxeuzdXitmJ_ig7QGPHczWLt2oPLG0g7AzuIWnNhYzSBXxAaQmPiVSM7Fi6=s240-c-k-c0x00ffffff-no-rj,UCEf_Bc-KVd7onSeifS3py9g,https://www.youtube.com/channel/UCEf_Bc-KVd7onSeifS3py9g
CR_YT_0007,CuRe 구래,@yt_ucklnhzz,YouTube,엔터테인먼트,버라이어티,Korea,33200000,32120000,449680000,2.19,4.8,18-34,Mixed,7739.0,16,유지,2026-02-05,없음,25,5.0,메가,PPL,2026-06-13,13301813,https://yt3.ggpht.com/ESeFH2AUcsxtnfxFOPxL3OBkZzpLmxF39-NAjXM5DiVj7qcVvL-2Wt6DINB0RjHAKzJdNEiJ=s240-c-k-c0x00ffffff-no-rj,UCkLNHZZsC3LKdUAroKNwOOw,https://www.youtube.com/channel/UCkLNHZZsC3LKdUAroKNwOOw
CR_YT_0008,JYP Entertainment,@yt_ucao6tyt,YouTube,엔터테인먼트,브이로그,Korea,31800000,9896564,108862204,4.81,4.2,18-34,Mixed,14961.0,8,상승,2026-01-13,없음,30,4.7,메가,브랜디드콘텐츠,2026-06-13,4432478,https://yt3.ggpht.com/2gb_g-qmLOeU6ZC3xyEPFN-fxDqkOkqr44TapTNi6iKQfLL13nOK6kuPWtYVTMPuiyT2tcb64A=s240-c-k-c0x00ffffff-no-rj,UCaO6TYtlC8U5ttz62hTrZgg,https://www.youtube.com/channel/UCaO6TYtlC8U5ttz62hTrZgg
CR_YT_0009,승비니 Seungbini,@yt_ucphhbet,YouTube,엔터테인먼트,리액션,Korea,30600000,39389204,354502836,1.78,4.0,18-34,Mixed,9140.0,12,유지,2026-01-30,없음,9,5.0,메가,브랜디드콘텐츠,2026-06-13,9535995,https://yt3.ggpht.com/Cx0TUP3z02QzKLn1wmsC5lMjdTBpUyWJR9Lq1UWxNRPWWv831PU3InakSa3e8acadB8uDLhyEy4=s240-c-k-c0x00ffffff-no-rj,UCPhHBEtG6dVZ5fJKoNArcJw,https://www.youtube.com/channel/UCPhHBEtG6dVZ5fJKoNArcJw
CR_YT_0010,ToyPuddingTV,@yt_uckqx9r4,YouTube,엔터테인먼트,리액션,Korea,27600000,6934487,124820766,6.51,4.3,18-34,Mixed,2793.0,4,상승,2026-05-10,없음,12,5.0,메가,브랜디드콘텐츠,2026-06-13,5489417,https://yt3.ggpht.com/WwL0MoSxSNdowQuelCyjEbYgKIHmEzzfTzsRlW3sGGb5orRtneREgfd7PtVqdwGZIxw8IBe_LfA=s240-c-k-c0x00ffffff-no-rj,UCKqx9r4mrFglauNBJc1L_eg,https://www.youtube.com/channel/UCKqx9r4mrFglauNBJc1L_eg
CR_YT_0011,GH'S,@yt_ucdrbnbn,YouTube,엔터테인먼트,예능,Korea,27300000,23920000,215280000,2.89,3.9,18-34,Mixed,11556.0,12,하락,2026-05-06,없음,17,5.0,메가,PPL,2026-06-13,9395988,https://yt3.ggpht.com/EIgEVfLNXj7LHM98mXOoG0mBE_7nsL6Pf9wjfiofqF5Un9akWxLbTIRZtasy3jd_WcaJmQxk=s240-c-k-c0x00ffffff-no-rj,UCdrBnBNLsN4_cH32HWbr9qg,https://www.youtube.com/channel/UCdrBnBNLsN4_cH32HWbr9qg
CR_YT_0012,1MILLION Dance Studio,@yt_ucw8zhlp,YouTube,엔터테인먼트,예능,Korea,26400000,968169,7745352,3.4,5.0,18-34,Mixed,3993.0,20,하락,2026-05-05,없음,24,5.0,메가,브랜디드콘텐츠,2026-06-13,200942,https://yt3.ggpht.com/GIdwcpAh62v63hM78S2RO0dy74qSVHs72kNlluDzSSCTkFUe34XDQSTrpxSKSJDOmgUHdiiGkw=s240-c-k-c0x00ffffff-no-rj,UCw8ZhLPdQ0u_Y-TLKd61hGA,https://www.youtube.com/channel/UCw8ZhLPdQ0u_Y-TLKd61hGA
CR_YT_0013,1theK (원더케이),@yt_ucweokpb,YouTube,엔터테인먼트,브이로그,Korea,25100000,1211739,10905651,4.76,2.4,18-34,Mixed,2894.0,16,하락,2026-05-19,없음,35,4.7,메가,브랜디드콘텐츠,2026-06-13,503328,https://yt3.ggpht.com/N9zJYmTpFKxrDlxmKv09gsjvrSrcVYWcK8lxWTyvTbXd5VMChyKzkf1cVpOT902d1-ZQIQQWeg=s240-c-k-c0x00ffffff-no-rj,UCweOkPb1wVVH0Q0Tlj4a5Pw,https://www.youtube.com/channel/UCweOkPb1wVVH0Q0Tlj4a5Pw
CR_YT_0014,Stray Kids,@yt_uc9rmiej,YouTube,엔터테인먼트,버라이어티,Korea,24000000,5601918,112038360,2.11,2.9,13-17,Mixed,8005.0,16,상승,2026-01-17,없음,28,4.7,메가,브랜디드콘텐츠,2026-06-13,4522434,https://yt3.ggpht.com/rKpjNGv_TGpBsNXsm46VAxZqy7_uf6wWCnw-ZLnFHV7jOzbUvF9tNMlZMKl_djtzaNCDyLQ0VQ=s240-c-k-c0x00ffffff-no-rj,UC9rMiEjNaCSsebs31MRDCRA,https://www.youtube.com/channel/UC9rMiEjNaCSsebs31MRDCRA
CR_YT_0015,유백합 kkubi99,@yt_ucz8gf4p,YouTube,엔터테인먼트,예능,Korea,22600000,6637029,86281377,4.93,3.8,18-34,Mixed,1354.0,1,상승,2026-01-19,없음,9,4.0,메가,PPL,2026-06-13,2055578,https://yt3.ggpht.com/qqPRPkI1P9IcUd7c4PzytW-qTSnXxul20JwvL7taMNtMJtK2dJj_VkJIcXtaDYqpVuW8Bnz7_A=s240-c-k-c0x00ffffff-no-rj,UCz8gf4PK1Qth50lLHdvTCcA,https://www.youtube.com/channel/UCz8gf4PK1Qth50lLHdvTCcA
CR_YT_0016,Mnet K-POP,@yt_ucbd8epp,YouTube,엔터테인먼트,버라이어티,Korea,22400000,415869,6653904,5.85,2.6,18-34,Mixed,7358.0,2,유지,2026-01-25,없음,35,4.2,메가,브랜디드콘텐츠,2026-06-13,192209,https://yt3.ggpht.com/GzpFOGCV-JDK37RDVpgQjpgbBNdbA_6egWS9UI1fRdRfoClR9cY-nFHKPXY-F7_ddgHZ1cM=s240-c-k-c0x00ffffff-no-rj,UCbD8EppRX3ZwJSou-TVo90A,https://www.youtube.com/channel/UCbD8EppRX3ZwJSou-TVo90A
CR_YT_0017,officialpsy,@yt_ucrdkavw,YouTube,엔터테인먼트,예능,Korea,20400000,69468085,1250425530,3.89,3.4,18-34,Mixed,14770.0,16,상승,2026-03-28,없음,8,5.0,메가,PPL,2026-06-13,41753201,https://yt3.ggpht.com/kJ8zwS_VhJ0TE-XDumnshGQ86hazfhHjjU4xn80Dc8xmSghA_2xw4OJTHaGreyeoro6q_vcT=s240-c-k-c0x00ffffff-no-rj,UCrDkAvwZum-UTjHmzDI2iIw,https://www.youtube.com/channel/UCrDkAvwZum-UTjHmzDI2iIw
CR_YT_0018,ROSÉ,@yt_ucbo1hnz,YouTube,엔터테인먼트,예능,Korea,19900000,59456521,1189130420,2.49,2.6,18-34,Mixed,4539.0,8,상승,2026-05-21,없음,13,5.0,메가,PPL,2026-06-13,51654667,https://yt3.ggpht.com/qjsflFmyakGs5ekX8fPsDNfuKABx-yxIDrv-4ooPAFcZ6JUUpUPlue7g_d-VAk2YAiYR-0yr=s240-c-k-c0x00ffffff-no-rj,UCBo1hnzxV9rz3WVsv__Rn1g,https://www.youtube.com/channel/UCBo1hnzxV9rz3WVsv__Rn1g
CR_YT_0019,TWICE,@yt_uczgxx_d,YouTube,엔터테인먼트,브이로그,Korea,19300000,3702366,33321294,8.49,4.5,18-34,Mixed,7542.0,1,상승,2026-02-12,없음,20,4.0,메가,브랜디드콘텐츠,2026-06-13,816829,https://yt3.ggpht.com/rj-m7CQIV8hIHx_lB8cjs0NxrDFJaUkVwZ5tCnZTNSVEr2IqXGF-2e7nr7og1IGeRXtHikce=s240-c-k-c0x00ffffff-no-rj,UCzgxx_DM2Dcb9Y1spb9mUJA,https://www.youtube.com/channel/UCzgxx_DM2Dcb9Y1spb9mUJA
CR_YT_0020,보겸TV,@yt_ucu9bctg,YouTube,엔터테인먼트,브이로그,Korea,18400000,465467,6516538,3.62,4.8,18-34,Mixed,10601.0,20,하락,2026-02-18,없음,34,4.7,메가,브랜디드콘텐츠,2026-06-13,152380,https://yt3.ggpht.com/OfZ8KusIKgE_C3wJCmz9iyXazYhox89xoF400-vxYCuxcmRJkxWxzHOt8vj6sXay2V1XBaYriA=s240-c-k-c0x00ffffff-no-rj,UCu9BCtGIEr73LXZsKmoujKw,https://www.youtube.com/channel/UCu9BCtGIEr73LXZsKmoujKw
CR_YT_0021,Jane ASMR 제인,@yt_uc2fsxqr,YouTube,라이프스타일,리뷰,Korea,18400000,2980491,35765892,0.97,4.2,18-34,Mixed,8971.0,1,하락,2026-01-15,확인필요,25,2.5,메가,PPL,2026-06-13,1016217,https://yt3.ggpht.com/KbQov_kjsMo39ninn_sx3T4HacY15t29JGVospz7gA_uDKlqb7AlVwcgr0c8MT2Jt-MfUQ6vwg=s240-c-k-c0x00ffffff-no-rj,UC2fsxQr6Hcx1enORxXgKpxQ,https://www.youtube.com/channel/UC2fsxQr6Hcx1enORxXgKpxQ
CR_YT_0022,JENNIE,@yt_ucnyi_zg,YouTube,엔터테인먼트,버라이어티,Korea,17600000,27966101,447457616,1.99,3.8,18-34,Mixed,14153.0,16,하락,2026-06-08,없음,20,5.0,메가,브랜디드콘텐츠,2026-06-13,11277095,https://yt3.ggpht.com/Pb5o6YfIvifCkLV5IZ2J_DoP8KtOneSrE6u_ap-0x_45Lzoej4cX8sv12RXLgM7EDH_gpZ7t=s240-c-k-c0x00ffffff-no-rj,UCNYi_zGmR519r5gYdOKLTjQ,https://www.youtube.com/channel/UCNYi_zGmR519r5gYdOKLTjQ
CR_YT_0023,SEVENTEEN,@yt_ucfkxdy7,YouTube,엔터테인먼트,브이로그,Korea,17400000,2358647,21227823,5.17,3.6,18-34,Mixed,5056.0,4,유지,2026-03-18,없음,18,5.0,메가,브랜디드콘텐츠,2026-06-13,702964,https://yt3.ggpht.com/SJoMHFpg1gf3EOnvnD1yJJlHiEzD4A0tKbZEf5D_Otr_pvU4JutAu3Zd9ipNF5vLKiWzZhaSQg=s240-c-k-c0x00ffffff-no-rj,UCfkXDY7vwkcJ8ddFGz8KusA,https://www.youtube.com/channel/UCfkXDY7vwkcJ8ddFGz8KusA
CR_YT_0024,JFlaMusic,@yt_uclkrzsd,YouTube,엔터테인먼트,버라이어티,Korea,17200000,10386597,155798955,6.51,2.2,18-34,Mixed,3591.0,8,유지,2026-01-18,확인필요,11,3.5,메가,PPL,2026-06-13,4784710,https://yt3.ggpht.com/Viw4JO0fhLBsSpzGUf8KteV1VcnZfGsjZ2oLvw7cwx19EgrYg5Ul2QkAB-zquKiMJY4eMOBmIdM=s240-c-k-c0x00ffffff-no-rj,UClkRzsdvg7_RKVhwDwiDZOA,https://www.youtube.com/channel/UClkRzsdvg7_RKVhwDwiDZOA
CR_YT_0025,Hongyu ASMR 홍유,@yt_ucxtlc0j,YouTube,라이프스타일,브이로그,Korea,16800000,5468227,60150497,1.76,4.5,18-34,Mixed,14815.0,16,하락,2026-01-27,없음,24,5.0,메가,브랜디드콘텐츠,2026-06-13,1922147,https://yt3.ggpht.com/s2Llndi5lUM9IAP4bpzCiVtrbuTHQ8rqAaPixulaE2gqM8ljDSp9Phy9ynAt5fA1IZpGPx_jxA=s240-c-k-c0x00ffffff-no-rj,UCxtLc0Jqq3SKBWlIXM_OC9g,https://www.youtube.com/channel/UCxtLc0Jqq3SKBWlIXM_OC9g
CR_YT_0026,BIGBANG,@yt_uczw-c7f,YouTube,엔터테인먼트,버라이어티,Korea,16800000,13290653,132906530,7.62,4.2,18-34,Mixed,3554.0,2,유지,2026-05-10,없음,22,4.5,메가,PPL,2026-06-13,3921301,https://yt3.ggpht.com/ytc/AIdro_n0J82ENLVh_wfaD7eOSjwfqloqGswqBxH4H-gg8PscRKw=s240-c-k-c0x00ffffff-no-rj,UCzw-C7fNfs018R1FzIKnlaA,https://www.youtube.com/channel/UCzw-C7fNfs018R1FzIKnlaA
CR_YT_0027,핑크퐁 (인기 동요・동화),@yt_ucqxwku6,YouTube,교육,스터디,Korea,16500000,3327358,49910370,7.77,2.2,25-44,Mixed,1139.0,16,유지,2026-02-11,없음,32,4.7,메가,스폰서십,2026-06-13,1457024,https://yt3.ggpht.com/_eKpYjoEsVpD9hajullwZblg5A1Hgf0RdjKmQGLZ5MvB1v03uA4X7QWCpEs2L_TCVOpJDVodKQ=s240-c-k-c0x00ffffff-no-rj,UCqXwKu6dKobXEQFhdKtiJLQ,https://www.youtube.com/channel/UCqXwKu6dKobXEQFhdKtiJLQ
CR_YT_0028,설기양SULGI,@yt_uciafb9e,YouTube,푸드,쿠킹,Korea,16200000,4885496,92824424,6.15,3.7,18-34,Mixed,10520.0,1,상승,2026-04-05,없음,9,4.0,메가,먹방협찬,2026-06-13,3122876,https://yt3.ggpht.com/ytc/AIdro_mujghlCKM2BIbBVJ_gYPD617iJ6RM5oZffWjYBJGGe-_Y=s240-c-k-c0x00ffffff-no-rj,UCIafb9ExBkh4WsCOagZssZA,https://www.youtube.com/channel/UCIafb9ExBkh4WsCOagZssZA
CR_YT_0029,BIBO와 장난감,@yt_ucl4r3zh,YouTube,엔터테인먼트,예능,Korea,15900000,20292682,344975594,3.94,2.1,18-34,Mixed,3546.0,4,상승,2026-05-24,없음,7,5.0,메가,PPL,2026-06-13,12496942,https://yt3.ggpht.com/ytc/AIdro_mRHSG2K-O_o7R_aMjc2dNKMGrqfqgylQtfsNMUV6fik4g=s240-c-k-c0x00ffffff-no-rj,UCL4r3zHKJpcJ0jEYSbobk1Q,https://www.youtube.com/channel/UCL4r3zHKJpcJ0jEYSbobk1Q
CR_YT_0030,GONGSAM TABLE 이공삼,@yt_uc2b5onl,YouTube,푸드,레시피,Korea,15400000,3728956,52205384,6.5,4.8,18-34,Mixed,12256.0,2,유지,2026-03-27,없음,15,4.5,메가,먹방협찬,2026-06-13,2404381,https://yt3.ggpht.com/ytc/AIdro_l6JZuD6XU65aVvlI0Wf79qltdvQFvExNwe1XkrYvpBY4A=s240-c-k-c0x00ffffff-no-rj,UC2B5onlYkZ7IaVekR9yIB6w,https://www.youtube.com/channel/UC2B5onlYkZ7IaVekR9yIB6w
CR_YT_0031,Boram Tube ToysReview [보람튜브 토이리뷰],@yt_uc3pnq7m,YouTube,엔터테인먼트,브이로그,Korea,14900000,7716763,154335260,6.92,4.6,18-34,Mixed,11917.0,20,상승,2026-05-01,없음,20,5.0,메가,브랜디드콘텐츠,2026-06-13,6953169,https://yt3.ggpht.com/ytc/AIdro_nw8XtWr0TzUYmcKucgYcT5R6OVN6QCW2L5y_Gtjt0zC54=s240-c-k-c0x00ffffff-no-rj,UC3pnQ7MHDABUFungNcMQ7dA,https://www.youtube.com/channel/UC3pnQ7MHDABUFungNcMQ7dA
CR_YT_0032,당비 Dangbee EATING,@yt_ucdtz84r,YouTube,푸드,먹방,Korea,14300000,3541114,38952254,7.85,3.0,18-34,Mixed,10070.0,20,유지,2026-01-18,없음,19,5.0,메가,제품리뷰,2026-06-13,1090274,https://yt3.ggpht.com/TiH_F8S45SL5ds9OWICwJw9fwgMPVhrNuK-KCRuGRZQgOu9L86_tVZ_KXX07moDIjw6cpIAIPA=s240-c-k-c0x00ffffff-no-rj,UCDtz84R5bn4fY8AgHuouojg,https://www.youtube.com/channel/UCDtz84R5bn4fY8AgHuouojg
CR_YT_0033,[햄지]Hamzy,@yt_ucpknkld,YouTube,푸드,레시피,Korea,14100000,4711864,94237280,5.63,3.2,18-34,Mixed,900.0,20,유지,2026-01-10,없음,39,4.2,메가,제품리뷰,2026-06-13,2812629,https://yt3.ggpht.com/iLXgJAWo5zn0fBY0RgKXkxgTtkzTcDXjgeriRAElnqNm9Zsf7VySgOVq7WNPCJEIxXm266XupQ=s240-c-k-c0x00ffffff-no-rj,UCPKNKldggioffXPkSmjs5lQ,https://www.youtube.com/channel/UCPKNKldggioffXPkSmjs5lQ
CR_YT_0034,ENHYPEN,@yt_ucarlzto,YouTube,엔터테인먼트,리액션,Korea,13800000,1826220,16435980,3.27,4.4,18-34,Mixed,13543.0,8,상승,2026-04-22,없음,37,4.2,메가,브랜디드콘텐츠,2026-06-13,612294,https://yt3.ggpht.com/gKp9WExdyzEEBpHM7WgVEgIhl7-yVhIAzOe1U5jJEYSYi17AbvUXyW4dGRk2KykXeCsgUhqD4A=s240-c-k-c0x00ffffff-no-rj,UCArLZtok93cO5R9RI4_Y5Jw,https://www.youtube.com/channel/UCArLZtok93cO5R9RI4_Y5Jw
CR_YT_0035,서은일상이야기,@yt_ucraan4f,YouTube,엔터테인먼트,리액션,Korea,13800000,1113043,8904344,6.95,4.1,18-34,Mixed,1515.0,16,유지,2026-03-18,없음,17,5.0,메가,브랜디드콘텐츠,2026-06-13,315790,https://yt3.ggpht.com/ytc/AIdro_lOej74yZfILEMVNJkDiI494SFRT5cBUCI4dZxqZxG_bZ8=s240-c-k-c0x00ffffff-no-rj,UCraaN4FiNe7l3F4XR6s246A,https://www.youtube.com/channel/UCraaN4FiNe7l3F4XR6s246A
CR_YT_0036,tzuyang쯔양,@yt_ucfpasru,YouTube,푸드,쿠킹,Korea,13300000,3485130,55762080,3.77,3.2,18-34,Mixed,6596.0,4,유지,2026-06-07,없음,40,4.2,메가,먹방협찬,2026-06-13,1703530,https://yt3.ggpht.com/X33l_vqFwjzDTwlXilfakO6lwf2zz_JjDozCaBHkUS57e2XzE8IjL9v9v_Q4v_my-T5tpt24jA=s240-c-k-c0x00ffffff-no-rj,UCfpaSruWW3S4dibonKXENjA,https://www.youtube.com/channel/UCfpaSruWW3S4dibonKXENjA
CR_YT_0037,TOMORROW X TOGETHER OFFICIAL,@yt_uctiobj3,YouTube,엔터테인먼트,브이로그,Korea,13300000,1179302,20048134,4.88,2.0,18-34,Mixed,8910.0,4,유지,2026-04-24,없음,18,5.0,메가,PPL,2026-06-13,608571,https://yt3.ggpht.com/RRRNWsQbSqBaW8YB750AZo2Ad3f_YnRVDV5BFn54PrxM606rxcHLICm1rs_6EsxlC_4w9JN23Q=s240-c-k-c0x00ffffff-no-rj,UCtiObj3CsEAdNU6ZPWDsddQ,https://www.youtube.com/channel/UCtiObj3CsEAdNU6ZPWDsddQ
CR_YT_0038,쏘영 Ssoyoung,@yt_uc4ppfur,YouTube,푸드,먹방,Korea,12300000,1780564,32050152,4.29,4.7,18-34,Mixed,4615.0,20,하락,2026-03-02,없음,15,5.0,메가,먹방협찬,2026-06-13,907650,https://yt3.ggpht.com/ytc/AIdro_n1eVcavGdPI70m8fVwMWEDzSrX6rqZ8HOwf5gtPxYShmc=s240-c-k-c0x00ffffff-no-rj,UC4PpFUrfT2Pou7OwpVF0MUQ,https://www.youtube.com/channel/UC4PpFUrfT2Pou7OwpVF0MUQ
CR_YT_0039,Lilifilm Official,@yt_uc35hkvk,YouTube,라이프스타일,일상,Korea,11600000,24615384,443076912,6.95,2.4,18-34,Mixed,9363.0,1,상승,2026-06-11,없음,20,4.0,메가,브랜디드콘텐츠,2026-06-13,13547720,https://yt3.ggpht.com/ytc/AIdro_kaA0ajzVALXoPMdWKapVBAgJKjfVIiWdDfQrytNs49LWI=s240-c-k-c0x00ffffff-no-rj,UC35HKvKYPkri4Grd5KXl3wQ,https://www.youtube.com/channel/UC35HKvKYPkri4Grd5KXl3wQ
CR_YT_0040,BABYMONSTER,@yt_ucqwungg,YouTube,엔터테인먼트,브이로그,Korea,11500000,9786432,166369344,6.07,3.5,18-34,Mixed,580.0,2,상승,2026-02-15,없음,14,4.5,메가,브랜디드콘텐츠,2026-06-13,4636739,https://yt3.ggpht.com/guzIoEyd9IyKWaD7Jfnlp1rD7k9SiEOV7go0ItyJ3O9V-j8ez6Jvs4Yj3LfrCu3Z7rFcdIqYLTI=s240-c-k-c0x00ffffff-no-rj,UCqwUnggBBct-AY2lAdI88jQ,https://www.youtube.com/channel/UCqwUnggBBct-AY2lAdI88jQ
CR_YT_0041,MBCkpop,@yt_uce52oeb,YouTube,엔터테인먼트,리액션,Korea,11400000,196842,3936840,4.64,2.2,18-34,Mixed,12121.0,2,하락,2026-06-06,없음,12,4.5,메가,PPL,2026-06-13,179857,https://yt3.ggpht.com/lMLCpSdIgJNZ11RW-0hyfU3Xb4f-molFbQFPn_302s1BAjJUFL8298P4Sbz_W76YEWtwscXi-48=s240-c-k-c0x00ffffff-no-rj,UCe52oeb7Xv_KaJsEzcKXJJg,https://www.youtube.com/channel/UCe52oeb7Xv_KaJsEzcKXJJg
CR_YT_0042,Stone Music Entertainment,@yt_uc_pwixk,YouTube,엔터테인먼트,버라이어티,Korea,11100000,805714,15308566,3.91,4.7,18-34,Mixed,7383.0,8,유지,2026-05-14,없음,15,5.0,메가,PPL,2026-06-13,675829,https://yt3.ggpht.com/_P_rnE3VjFpxgyip2Zo-KMocdVi7jc2rRrxfE9E5xugJmAo3363bR_RIw3iQvJWzzxVOCXsw=s240-c-k-c0x00ffffff-no-rj,UC_pwIXKXNm5KGhdEVzmY60A,https://www.youtube.com/channel/UC_pwIXKXNm5KGhdEVzmY60A
CR_YT_0043,문복희 Eat with Boki,@yt_ucolqz4z,YouTube,푸드,레시피,Korea,11000000,3140764,47111460,2.7,2.2,18-34,Mixed,5136.0,4,하락,2026-02-08,없음,20,5.0,메가,먹방협찬,2026-06-13,1788231,https://yt3.ggpht.com/ytc/AIdro_mTvyQqvy_sv5elJeZB6-6h8EgQFWFHB6Ib_6eBa7sbuYM=s240-c-k-c0x00ffffff-no-rj,UCoLQZ4ZClFqVPCvvjuiUSRA,https://www.youtube.com/channel/UCoLQZ4ZClFqVPCvvjuiUSRA
CR_YT_0044,토이몽 TV - ToyMong Tv,@yt_uc0vdcy8,YouTube,엔터테인먼트,버라이어티,Korea,10800000,60000,660000,1.72,2.6,18-34,Mixed,7256.0,8,상승,2026-04-10,없음,31,4.7,메가,PPL,2026-06-13,21298,https://yt3.ggpht.com/XPabeOMaUt6VHVVVHXiDU5JMyBJWnLTTtWUfi0PTSdzra90tGuDO0A2IBw4akXMUacOIq2zh=s240-c-k-c0x00ffffff-no-rj,UC0vDCy8moGUhR7kRL19wWpw,https://www.youtube.com/channel/UC0vDCy8moGUhR7kRL19wWpw
CR_YT_0045,M2,@yt_uctqvixv,YouTube,엔터테인먼트,브이로그,Korea,10600000,372187,7443740,6.06,4.6,18-34,Mixed,14170.0,20,유지,2026-05-18,없음,29,4.7,메가,PPL,2026-06-13,275134,https://yt3.ggpht.com/-CMwNSrdUuj-abbE1fB1ml62omQHViexCOp4IrDmans8QgqKC153dCgPk9wtBLJfXEP1gNGa=s240-c-k-c0x00ffffff-no-rj,UCTQVIXvcHrR9jYoJ6qaBAow,https://www.youtube.com/channel/UCTQVIXvcHrR9jYoJ6qaBAow
CR_YT_0046,TwinRoozi 쌍둥이 루지,@yt_ucma-5a4,YouTube,푸드,먹방,Korea,10600000,9471365,179955935,6.9,4.7,18-34,Mixed,7542.0,8,유지,2026-02-12,없음,19,5.0,메가,제품리뷰,2026-06-13,7283679,https://yt3.ggpht.com/ZAxJI9hICpzP8KRoiyVQgZyaFbF5dU4klAo6WJW4sgORJtWKr7JTot1pl1HDiS92mLHRzX0lIbs=s240-c-k-c0x00ffffff-no-rj,UCMa-5a4Hg3KnbiDOvhdfb3w,https://www.youtube.com/channel/UCMa-5a4Hg3KnbiDOvhdfb3w
CR_YT_0047,이지금 [IU Official],@yt_uc3syt4_,YouTube,엔터테인먼트,버라이어티,Korea,10300000,8128440,121926600,8.35,3.6,18-34,Mixed,6715.0,8,유지,2026-03-08,없음,6,5.0,메가,브랜디드콘텐츠,2026-06-13,5461007,https://yt3.ggpht.com/nDDHm_IlcdZsX82K4cCxtCL-Cn0ewpC_14WOOvWUJlksQFZZB-C_6I58MTlzyx_fbltTgNST=s240-c-k-c0x00ffffff-no-rj,UC3SyT4_WLHzN7JmHQwKQZww,https://www.youtube.com/channel/UC3SyT4_WLHzN7JmHQwKQZww
CR_YT_0048,Cha Dabin,@yt_ucv50vqa,YouTube,엔터테인먼트,예능,Korea,10300000,5060096,70841344,4.14,3.0,18-34,Mixed,12563.0,8,유지,2026-01-05,없음,22,5.0,메가,PPL,2026-06-13,2194067,https://yt3.ggpht.com/_Emc-eYapkmDiJZ8xdvXDAyKPtX-bdnJTJOkJW46F_v8iXstwOIcKTo-n_Alqp-vli4zusRzbpw=s240-c-k-c0x00ffffff-no-rj,UCv50vqaNYubTfuOvvH1cuAg,https://www.youtube.com/channel/UCv50vqaNYubTfuOvvH1cuAg
CR_YT_0049,KBS Kpop,@yt_ucelpm9y,YouTube,엔터테인먼트,버라이어티,Korea,10200000,193230,3671370,8.5,3.0,18-34,Mixed,9950.0,16,상승,2026-01-06,없음,9,5.0,메가,브랜디드콘텐츠,2026-06-13,131874,https://yt3.ggpht.com/bfuCyrlo74z5K_0A1voFD7leSSlafqfb953tFQ4Oe5X9CFDN23X_vm07yV8f_YCY63dxBjiB=s240-c-k-c0x00ffffff-no-rj,UCeLPm9yH_a_QH8n6445G-Ow,https://www.youtube.com/channel/UCeLPm9yH_a_QH8n6445G-Ow
CR_YT_0050,조이밤 Joy_Bamm,@yt_uc2p1noh,YouTube,엔터테인먼트,버라이어티,Korea,10200000,15940246,270984182,1.51,4.0,18-34,Mixed,4216.0,12,유지,2026-02-11,없음,18,5.0,메가,브랜디드콘텐츠,2026-06-13,7286472,https://yt3.ggpht.com/wuAEYvIKsOqPAYRB7baaAi9JWnARv_7bvmvYVEb3OXTPyqlMuAt_vsoLfltAaHgFwQk-_cHYaA=s240-c-k-c0x00ffffff-no-rj,UC2p1nohpGOnK7u_3JgDpvog,https://www.youtube.com/channel/UC2p1nohpGOnK7u_3JgDpvog
CR_YT_0051,Samsung,@yt_ucwwgak7,YouTube,테크,IT정보,Korea,10100000,975409,11704908,0.71,2.9,25-44,Male,10868.0,16,상승,2026-01-27,없음,29,4.7,메가,제품리뷰,2026-06-13,302637,https://yt3.ggpht.com/Ul4xFDiUAHZT1h8P7dDrNpW5RrVqff3b0-yKgZxSgn6QLXzkOJSmJnYsZS7l2L5LcfXXN7o-kw=s240-c-k-c0x00ffffff-no-rj,UCWwgaK7x0_FR1goeSRazfsQ,https://www.youtube.com/channel/UCWwgaK7x0_FR1goeSRazfsQ
CR_YT_0052,EXO,@yt_uczcedbc,YouTube,엔터테인먼트,예능,Korea,9870000,2142857,40714283,7.3,3.8,18-34,Mixed,6711.0,1,유지,2026-01-04,없음,7,4.0,메가,PPL,2026-06-13,1683856,https://yt3.ggpht.com/ujB2n35HjiBrD1UHWY6aLdZJ4-g01agipoXe2NFQaAbuEhnIPnJHbrfi9ScdgawZWSuKZkPGhg=s240-c-k-c0x00ffffff-no-rj,UCzCedBCSSltI1TFd3bKyN6g,https://www.youtube.com/channel/UCzCedBCSSltI1TFd3bKyN6g
CR_YT_0053,ITZY,@yt_ucdhm2k2,YouTube,엔터테인먼트,리액션,Korea,9800000,1625000,22750000,1.34,4.9,18-34,Mixed,6815.0,16,하락,2026-04-30,없음,34,4.7,메가,PPL,2026-06-13,967353,https://yt3.ggpht.com/K_YJ1Lr0UBrtIZCAqbF3gmB258wrHQthumrWkHVgr7b32_ChoixS4LAKnMT8lw432MsnX5XODCU=s240-c-k-c0x00ffffff-no-rj,UCDhM2k2Cua-JdobAh5moMFg,https://www.youtube.com/channel/UCDhM2k2Cua-JdobAh5moMFg
CR_YT_0054,팀일루션 노성율,@yt_uctctoxl,YouTube,피트니스,헬스,Korea,9790000,7885646,110399044,5.24,3.0,25-44,Mixed,7037.0,2,유지,2026-03-28,없음,10,4.5,메가,PPL,2026-06-13,4703051,https://yt3.ggpht.com/35FyimegOtZPbOIhwhBmAxSzEfa5h6D0l2QWrNSU5eKO-0QD3XWUOSCVeixjDjVuFx-4gj-_3g=s240-c-k-c0x00ffffff-no-rj,UCtctOXlHYeQyuXSgW861nMA,https://www.youtube.com/channel/UCtctOXlHYeQyuXSgW861nMA
CR_YT_0055,i-dle (아이들),@yt_ucritgvo,YouTube,엔터테인먼트,예능,Korea,9690000,3270676,26165408,3.1,3.5,18-34,Mixed,13265.0,4,유지,2026-01-22,없음,21,5.0,메가,브랜디드콘텐츠,2026-06-13,912313,https://yt3.ggpht.com/_sDaQadipZMANZ_Otu2ZHZJIFe8BqCj8vy4oOMWGUJTGReKbxgTzGZG7LJJKoqwnC7l5QrGB=s240-c-k-c0x00ffffff-no-rj,UCritGVo7pLJLUS8wEu32vow,https://www.youtube.com/channel/UCritGVo7pLJLUS8wEu32vow
CR_YT_0056,Mnet TV,@yt_ucepuwup,YouTube,엔터테인먼트,예능,Korea,9570000,483793,5321723,4.41,4.3,18-34,Mixed,7617.0,16,상승,2026-02-26,없음,35,4.7,메가,PPL,2026-06-13,213587,https://yt3.ggpht.com/jmW01UkLcaKUxZFyKxkgG3iRu7jFt1V7mzSKpbEyAFJqMjLoZ-ZTSNtYDVueSk4-XGRCAxCt=s240-c-k-c0x00ffffff-no-rj,UCepUWUpH45hRTi-QePdq1Bg,https://www.youtube.com/channel/UCepUWUpH45hRTi-QePdq1Bg
CR_YT_0057,SEALOOK Official,@yt_ucwshews,YouTube,엔터테인먼트,리액션,Korea,9330000,2686945,37617230,2.95,3.7,18-34,Mixed,6670.0,8,하락,2026-04-27,없음,40,4.2,메가,PPL,2026-06-13,1484941,https://yt3.ggpht.com/zmlcWuMhdKNrT30deSjKB0DnOT2_Ifs8qjgZTWYY9QzBemseO4FxhMKaoitH8TkUwseGGfOFNB8=s240-c-k-c0x00ffffff-no-rj,UCwSheWsZiJ9IxtbDWNj8cOw,https://www.youtube.com/channel/UCwSheWsZiJ9IxtbDWNj8cOw
CR_YT_0058,MBCentertainment,@yt_ucibr0bk,YouTube,엔터테인먼트,버라이어티,Korea,9230000,167079,2004948,2.34,4.2,18-34,Mixed,14288.0,4,상승,2026-05-04,없음,12,5.0,메가,브랜디드콘텐츠,2026-06-13,61126,https://yt3.ggpht.com/ytc/AIdro_mFzRJydGE8SDVBDfbOro5OnaGX9Yre0-WoZ2ACD8_tcIU=s240-c-k-c0x00ffffff-no-rj,UCiBr0bK06imaMbLc8sAEz0A,https://www.youtube.com/channel/UCiBr0bK06imaMbLc8sAEz0A
CR_YT_0059,서은이야기[SeoeunStory],@yt_ucvihezv,YouTube,라이프스타일,브이로그,Korea,9220000,1599402,19192824,8.31,3.6,18-34,Mixed,4796.0,4,유지,2026-01-04,없음,11,5.0,메가,브랜디드콘텐츠,2026-06-13,772325,https://yt3.ggpht.com/ytc/AIdro_kdxvNAyUnMrqGOb4d60rsPIUwYJs_aWKlpryOv2MkCKg=s240-c-k-c0x00ffffff-no-rj,UCVihezVtsguXEouYvtKmKYA,https://www.youtube.com/channel/UCVihezVtsguXEouYvtKmKYA
CR_YT_0060,PP,@yt_uct6-x_4,YouTube,게임,게임리뷰,Korea,8750000,9043478,171826082,2.69,4.9,18-34,Male,2331.0,12,유지,2026-05-27,없음,23,5.0,메가,제품리뷰,2026-06-13,6150769,https://yt3.ggpht.com/Dspv5-_ANFcemGkjZnuncpbvpzsBjv_sFy7zLmHk-5DoxieIMcFWwTuVidJUSzgJI7ZUgoen9A=s240-c-k-c0x00ffffff-no-rj,UCt6-x_4GZmi8LGo2MX6lH8w,https://www.youtube.com/channel/UCt6-x_4GZmi8LGo2MX6lH8w
CR_YT_0061,SBSKPOP X INKIGAYO,@yt_ucs_hnpj,YouTube,엔터테인먼트,브이로그,Korea,8730000,195853,2350236,4.02,2.6,18-34,Mixed,7427.0,1,상승,2026-01-19,없음,21,4.0,메가,PPL,2026-06-13,80580,https://yt3.ggpht.com/GqzNZfMlBCgXYpAA74wuCs9HTEJ7ePtImt6QpXwk2qt6LJEIrZ8hEdPHeLPusnCCqoEGJb1pEQ=s240-c-k-c0x00ffffff-no-rj,UCS_hnpJLQTvBkqALgapi_4g,https://www.youtube.com/channel/UCS_hnpJLQTvBkqALgapi_4g
CR_YT_0062,JISOO,@yt_ucre-097,YouTube,엔터테인먼트,브이로그,Korea,8730000,7022900,119389300,0.93,2.4,18-34,Mixed,4099.0,12,하락,2026-05-14,없음,24,5.0,메가,브랜디드콘텐츠,2026-06-13,4539228,https://yt3.ggpht.com/kHhDPnOv3d7FyTlis1nRYaLIv6D-uPFIuby5R5eXAKcOjRXXDfBUXH1v2hQbNU3ahK07yWBrbw=s240-c-k-c0x00ffffff-no-rj,UCRE-097LGtx_Zo7LrHvkycA,https://www.youtube.com/channel/UCRE-097LGtx_Zo7LrHvkycA
CR_YT_0063,aespa,@yt_uc9gtsle,YouTube,엔터테인먼트,버라이어티,Korea,8490000,3539976,49559664,4.04,4.6,18-34,Mixed,1373.0,8,상승,2026-03-09,없음,24,5.0,메가,브랜디드콘텐츠,2026-06-13,1677363,https://yt3.ggpht.com/U3FU_SmYdXZjjmAC7vzedKfbP_x2QbVHNHa87dGETdDazD7GHe9oaDyLpcY6C6nrMOY7j02T=s240-c-k-c0x00ffffff-no-rj,UC9GtSLeksfK4yuJ_g1lgQbg,https://www.youtube.com/channel/UC9GtSLeksfK4yuJ_g1lgQbg
CR_YT_0064,YG ENTERTAINMENT,@yt_ucqi67q4,YouTube,엔터테인먼트,리액션,Korea,8480000,4448398,80071164,2.42,3.7,18-34,Mixed,10496.0,2,유지,2026-03-01,없음,5,4.5,메가,브랜디드콘텐츠,2026-06-13,2020011,https://yt3.ggpht.com/ytc/AIdro_ncnsFrs9NNi0n9retd_cyfFkZO0ICOOQ_q1f7lG1wFSlo=s240-c-k-c0x00ffffff-no-rj,UCQi67q4kGdmnJaRzX81uK5g,https://www.youtube.com/channel/UCQi67q4kGdmnJaRzX81uK5g
CR_YT_0065,JTBC Entertainment,@yt_ucfl1sca,YouTube,엔터테인먼트,버라이어티,Korea,8200000,150744,1808928,6.12,3.4,18-34,Mixed,11924.0,16,하락,2026-01-30,없음,19,5.0,메가,PPL,2026-06-13,72047,https://yt3.ggpht.com/vsTOwrvjlLIGUg0YB0jFlMCuLLGF-mHZoa5EJMzAicIVPo8fFiUzwQY_82LZSqPVYGOaa18N1A=s240-c-k-c0x00ffffff-no-rj,UCFL1sCAksD6_7JIZwwHcwjQ,https://www.youtube.com/channel/UCFL1sCAksD6_7JIZwwHcwjQ
CR_YT_0066,TREASURE (트레저),@yt_ucx9hxyo,YouTube,엔터테인먼트,리액션,Korea,7990000,2182336,34917376,1.69,2.8,18-34,Mixed,11993.0,2,하락,2026-02-01,확인필요,9,3.0,메가,PPL,2026-06-13,997899,https://yt3.ggpht.com/aUvewrJGTcI4ANkUkWnnwkDr0esbtIrWntgvCb1GWGnRAEKHePNCirzbC2YdoIdKSA0_c63XBQ=s240-c-k-c0x00ffffff-no-rj,UCx9hXYOCvUYwrprEqe4ZQHA,https://www.youtube.com/channel/UCx9hXYOCvUYwrprEqe4ZQHA
CR_YT_0067,BEATPELLA HOUSE,@yt_ucwulbea,YouTube,엔터테인먼트,브이로그,Korea,7650000,2348578,35228670,6.1,4.8,18-34,Mixed,1666.0,12,상승,2026-06-04,없음,39,4.2,메가,PPL,2026-06-13,1388097,https://yt3.ggpht.com/vqP6FIYhcOahQcjWY46fJ-qlp1PY00t4Z1PRmI6M6SIiRkZF19adKVgNmZtYLha8YuNFFcXqBQ=s240-c-k-c0x00ffffff-no-rj,UCWuLbEABJ8AmK7H_2bA8Y-w,https://www.youtube.com/channel/UCWuLbEABJ8AmK7H_2bA8Y-w
CR_YT_0068,MariAndKids,@yt_ucpgfluu,YouTube,교육,정보,Korea,7570000,3130193,37562316,2.33,4.0,13-17,Mixed,10248.0,20,유지,2026-02-14,없음,6,5.0,메가,제품리뷰,2026-06-13,899123,https://yt3.ggpht.com/ytc/AIdro_nPXB8sfDynyAOPasDwoMKf2JOxtxhmEhs7U9xuM8NNPgU=s240-c-k-c0x00ffffff-no-rj,UCPGFLUUESbnhkOTpIt71Awg,https://www.youtube.com/channel/UCPGFLUUESbnhkOTpIt71Awg
CR_YT_0069,LE SSERAFIM,@yt_ucs-qbt4,YouTube,엔터테인먼트,브이로그,Korea,7570000,2029033,30435495,4.04,2.8,18-34,Mixed,7630.0,12,상승,2026-04-15,없음,32,4.7,메가,PPL,2026-06-13,1078709,https://yt3.ggpht.com/nR0oJ7FTLOQZQkQejg1k4Cki6Nz5ohOtN_2rWlED43DXOa8iNAQlWL1ytaUAbL4YQTtHmCtjs3s=s240-c-k-c0x00ffffff-no-rj,UCs-QBT4qkj_YiQw1ZntDO3g,https://www.youtube.com/channel/UCs-QBT4qkj_YiQw1ZntDO3g
CR_YT_0070,채널 십오야,@yt_ucq2o-if,YouTube,엔터테인먼트,예능,Korea,7500000,1410545,18337085,1.34,2.5,18-34,Mixed,14205.0,8,하락,2026-01-23,없음,36,4.2,메가,PPL,2026-06-13,565235,https://yt3.ggpht.com/iKz6OMmWDbyN7Yi5AN6E-pKw-d9em-C9UVYvClL2A4EmUdHL1qlrxs4WL20QJF8ym0QBXD9EcQ=s240-c-k-c0x00ffffff-no-rj,UCQ2O-iftmnlfrBuNsUUTofQ,https://www.youtube.com/channel/UCQ2O-iftmnlfrBuNsUUTofQ
CR_YT_0071,SBS Entertainment,@yt_ucmjnkt6,YouTube,엔터테인먼트,브이로그,Korea,7490000,45349,589537,1.43,4.3,18-34,Mixed,517.0,20,하락,2026-01-14,없음,37,4.2,메가,PPL,2026-06-13,17227,https://yt3.ggpht.com/3A8COy3FuJc7voZpNhG_Ao1gGj8O-C_edb40_IjhX4l0UBc1rCYtICQs1w2EWnUqVmF7ZpSiubM=s240-c-k-c0x00ffffff-no-rj,UCmjNKt6kITwaZTqvWuaSPLg,https://www.youtube.com/channel/UCmjNKt6kITwaZTqvWuaSPLg
CR_YT_0072,tvN DRAMA,@yt_uc9w-h_c,YouTube,엔터테인먼트,브이로그,Korea,7470000,154285,1697135,5.48,3.5,18-34,Mixed,8464.0,8,유지,2026-02-01,없음,8,5.0,메가,PPL,2026-06-13,60129,https://yt3.ggpht.com/crnwfWsJig2wkNfRQyX0oDvfiWk6NOYBEG0HgP8xDs4_oKmmJWB09ioEbLlBQhJB6HIFg_qT_IM=s240-c-k-c0x00ffffff-no-rj,UC9w-h_ciMmX64TcLRcb1xPg,https://www.youtube.com/channel/UC9w-h_ciMmX64TcLRcb1xPg
CR_YT_0073,뽀로로(Pororo),@yt_ucpuegc_,YouTube,교육,스터디,Korea,7400000,1979686,15837488,5.37,2.7,25-44,Mixed,8508.0,2,상승,2026-04-29,없음,24,4.5,메가,제품리뷰,2026-06-13,729159,https://yt3.ggpht.com/lZhJCaZloizCCPM4KbppoLbFHpD-mR-byhrB2KQYyN8EJzeAPECYwe4Kco4JzxjBlMKlfM__tw=s240-c-k-c0x00ffffff-no-rj,UCPUeGC_AL-OnDQORKhRm6iA,https://www.youtube.com/channel/UCPUeGC_AL-OnDQORKhRm6iA
CR_YT_0074,베이비버스 -인기 동요・동화,@yt_ucscjd-a,YouTube,교육,강의,Korea,7310000,2514417,22629753,1.73,4.8,25-44,Mixed,6525.0,4,유지,2026-04-27,없음,37,4.2,메가,제품리뷰,2026-06-13,870036,https://yt3.ggpht.com/ytc/AIdro_lcu2PPM7-qrGHmMr8-5e5HJ0ouM2ThMcxwaUrbzNnvJoo=s240-c-k-c0x00ffffff-no-rj,UCscjd-azZ1AqHxxrO6YDIQg,https://www.youtube.com/channel/UCscjd-azZ1AqHxxrO6YDIQg
CR_YT_0075,Sungha Jung,@yt_ucjwri2q,YouTube,엔터테인먼트,리액션,Korea,7210000,1339401,21430416,2.02,3.8,18-34,Mixed,4506.0,16,유지,2026-01-01,없음,13,5.0,메가,PPL,2026-06-13,572370,https://yt3.ggpht.com/ytc/AIdro_mnaZtxqN8I_gExAdnAfuxE2ILMx5tyi-FZCHVbQGNoY7A=s240-c-k-c0x00ffffff-no-rj,UCjWRi2qaGtKjQyoQLc4OGkw,https://www.youtube.com/channel/UCjWRi2qaGtKjQyoQLc4OGkw
CR_YT_0076,SonicToy소닉토이,@yt_uc2nvql2,YouTube,라이프스타일,일상,Korea,7120000,13333333,159999996,7.2,3.7,18-34,Mixed,6975.0,16,유지,2026-05-22,없음,36,4.2,메가,브랜디드콘텐츠,2026-06-13,6443923,https://yt3.ggpht.com/ytc/AIdro_nSKZ-jFhTFNrSe6hftcMlrRUP48Sq0OXWfzDldafL_55U=s240-c-k-c0x00ffffff-no-rj,UC2NvqL2gbWQXbfnLN7C9XFg,https://www.youtube.com/channel/UC2NvqL2gbWQXbfnLN7C9XFg
CR_YT_0077,playlist mood,@yt_uc4pentl,YouTube,엔터테인먼트,예능,Korea,7100000,6461,129220,4.14,3.0,18-34,Mixed,3887.0,2,유지,2026-05-02,없음,20,4.5,메가,PPL,2026-06-13,4653,https://yt3.ggpht.com/M01MvV02sd8FreMcHEha1qrqFIeQWt-9a_hw_Q0T1Lq4qMJW0ypWQmEA-5o5oBhBM6kVB_71Sw=s240-c-k-c0x00ffffff-no-rj,UC4PenTl_MO3-Mh77J7lZk5w,https://www.youtube.com/channel/UC4PenTl_MO3-Mh77J7lZk5w
CR_YT_0078,NCT DREAM,@yt_ucxurhjr,YouTube,엔터테인먼트,리액션,Korea,7080000,1798245,34166655,3.55,5.0,18-34,Mixed,1037.0,20,하락,2026-04-23,없음,14,5.0,메가,브랜디드콘텐츠,2026-06-13,1525428,https://yt3.ggpht.com/zueBt4nWmanBgh4z4W1-S5wbiOIESaXVad_TKTbeHlx97T8fKcbjyX-0iwGaPvZ8BQA1Esyybw=s240-c-k-c0x00ffffff-no-rj,UCXURHJRGr4-EB3l87kcbElw,https://www.youtube.com/channel/UCXURHJRGr4-EB3l87kcbElw
CR_YT_0079,SBS 스브스 Drama,@yt_uc6eridu,YouTube,엔터테인먼트,리액션,Korea,7020000,24617,221553,4.16,4.2,18-34,Mixed,11832.0,8,유지,2026-01-21,확인필요,14,3.5,메가,PPL,2026-06-13,7888,https://yt3.ggpht.com/3hQ43_TCjHDHCmFcELKbAxjnilFMaOrepsoa3r_U-RHaCHWc8iz9NsY48OEsGhEMjHwfxc-x6g=s240-c-k-c0x00ffffff-no-rj,UC6erIDuvbOaAO-OT5rB2Xew,https://www.youtube.com/channel/UC6erIDuvbOaAO-OT5rB2Xew
CR_YT_0080,ALL THE K-POP,@yt_ucpde4gu,YouTube,엔터테인먼트,버라이어티,Korea,6950000,137567,1788371,7.37,3.1,18-34,Mixed,1021.0,4,상승,2026-02-28,없음,36,4.2,메가,PPL,2026-06-13,77295,https://yt3.ggpht.com/KmtLGIgpEOIRca9yfl8WzQedKkkooLw7kszl0ieVBfq7aq9u6PmFLdMIYAF2FcDONszSl1JZbA=s240-c-k-c0x00ffffff-no-rj,UCPde4guD9yFBRzkxk2PatoA,https://www.youtube.com/channel/UCPde4guD9yFBRzkxk2PatoA
CR_YT_0081,With Kids Playground [위드키즈 놀이터],@yt_ucnhcat7,YouTube,교육,스터디,Korea,6940000,3952095,75089805,8.33,4.3,13-17,Mixed,10563.0,16,상승,2026-01-15,없음,11,5.0,메가,스폰서십,2026-06-13,1910448,https://yt3.ggpht.com/ytc/AIdro_kpD2z_ZG-ya1XOwPUnrn0N7OC8ZRxbL25L1dau8w0ScA=s240-c-k-c0x00ffffff-no-rj,UCnHCaT79--qqZKBSWoJq_NA,https://www.youtube.com/channel/UCnHCaT79--qqZKBSWoJq_NA
CR_YT_0082,MAMAMOO,@yt_ucuhauml,YouTube,엔터테인먼트,버라이어티,Korea,6840000,2290372,27484464,3.95,2.7,18-34,Mixed,1645.0,8,유지,2026-05-30,없음,16,5.0,메가,PPL,2026-06-13,871188,https://yt3.ggpht.com/V0y6r38_i7SmDNtJRg_HTwIRl6xKVAWcO-YLEDrmdyVSYa0XaYvRrJQt0SJjJYHuRda8_fGYPt0=s240-c-k-c0x00ffffff-no-rj,UCuhAUMLzJxlP1W7mEk0_6lA,https://www.youtube.com/channel/UCuhAUMLzJxlP1W7mEk0_6lA
CR_YT_0083,STARSHIP,@yt_ucydmx2s,YouTube,엔터테인먼트,버라이어티,Korea,6700000,2496782,24967820,5.6,3.4,18-34,Mixed,7246.0,16,유지,2026-04-24,없음,5,5.0,메가,브랜디드콘텐츠,2026-06-13,717851,https://yt3.ggpht.com/k6p06Jx1N1ItWTjYjdDhDPadzWvIRFPdbqqtM-81QuHF9bzqCj4yy_ZVc40AaFsRvtjwd7ex=s240-c-k-c0x00ffffff-no-rj,UCYDmx2Sfpnaxg488yBpZIGg,https://www.youtube.com/channel/UCYDmx2Sfpnaxg488yBpZIGg
CR_YT_0084,미니팡TV,@yt_ucduozoi,YouTube,게임,게임플레이,Korea,6650000,4234062,55042806,2.89,4.9,18-34,Male,4881.0,16,유지,2026-03-02,없음,21,5.0,메가,제품리뷰,2026-06-13,2552804,https://yt3.ggpht.com/ytc/AIdro_k9ooTKGnoVZIUyD-IGesAWAion7m4dMTAjiz1jDlyD46Q=s240-c-k-c0x00ffffff-no-rj,UCDuoZoikGpBAlX4BZBDdGtw,https://www.youtube.com/channel/UCDuoZoikGpBAlX4BZBDdGtw
CR_YT_0085,Jeffrey X,@yt_uc2qkqjn,YouTube,엔터테인먼트,예능,Korea,6620000,7249190,101488660,5.1,5.0,18-34,Mixed,10044.0,4,유지,2026-06-05,없음,6,5.0,메가,브랜디드콘텐츠,2026-06-13,3722420,https://yt3.ggpht.com/rn-5Co7NEhRRNnP5zeRFvCEk4hXZHoBq8Ntgm4AbO2TJhAfmg6NJ1tPer_vrhqXTb8W6qIIscos=s240-c-k-c0x00ffffff-no-rj,UC2qKQjnZI_tnG7XemGBOHxQ,https://www.youtube.com/channel/UC2qKQjnZI_tnG7XemGBOHxQ
CR_YT_0086,깨비키즈 [KEBIKIDS],@yt_ucd_-n4v,YouTube,교육,정보,Korea,6520000,2299513,43690747,7.73,2.9,13-17,Mixed,5609.0,20,상승,2026-02-05,없음,19,5.0,메가,스폰서십,2026-06-13,1525839,https://yt3.ggpht.com/ytc/AIdro_nJgMY_3ZRq07af4J7qTGccc7yMBH1CTtbcLVG1vDoGgpU=s240-c-k-c0x00ffffff-no-rj,UCD_-N4vf-tsqbUxrQ4CrJIA,https://www.youtube.com/channel/UCD_-N4vf-tsqbUxrQ4CrJIA
CR_YT_0087,NCT,@yt_ucwgtord,YouTube,엔터테인먼트,예능,Korea,6430000,827783,14900094,5.52,2.1,18-34,Mixed,5790.0,20,상승,2026-03-25,확인필요,33,3.2,메가,PPL,2026-06-13,381449,https://yt3.ggpht.com/gUb_101FVPJBvSqT-4JJQA6xkBtipUsZFTAZ-sNP7VoShBumdPnASi5eiu1QlTjhL1YJJd-SQek=s240-c-k-c0x00ffffff-no-rj,UCwgtORdDtUKhpjE1VBv6XfA,https://www.youtube.com/channel/UCwgtORdDtUKhpjE1VBv6XfA
CR_YT_0088,HIU 하이유,@yt_ucw-qmow,YouTube,푸드,먹방,Korea,6410000,2908792,55267048,2.11,4.4,18-34,Mixed,4452.0,4,상승,2026-03-17,없음,38,4.2,메가,제품리뷰,2026-06-13,1825382,https://yt3.ggpht.com/ytc/AIdro_kRfDWJsmcZyEFuTvhSwjP9AwNHBwbI3ujE_KhFsN_LEA=s240-c-k-c0x00ffffff-no-rj,UCw-QmownJwilhTje10TYlIg,https://www.youtube.com/channel/UCw-QmownJwilhTje10TYlIg
CR_YT_0089,ANA Craft,@yt_ucmyqd9i,YouTube,게임,e스포츠,Korea,6360000,5451263,103573997,6.93,3.4,18-34,Male,3771.0,1,유지,2026-01-24,없음,14,4.0,메가,스폰서십,2026-06-13,4520238,https://yt3.ggpht.com/ou_SMJZGbPCg4ZmbIIcOYOIZG9PYQmRWIbCOhzewZreSbDTX2YNjhZteQ0ezdk8RlOdGP_guaNM=s240-c-k-c0x00ffffff-no-rj,UCMyqd9iofhTAVD4SlK7H-Lg,https://www.youtube.com/channel/UCMyqd9iofhTAVD4SlK7H-Lg
CR_YT_0090,영국남자 Korean Englishman,@yt_ucg-p3lq,YouTube,푸드,레시피,Korea,6180000,2878953,57579060,2.62,2.4,18-34,Mixed,12425.0,4,유지,2026-05-01,없음,21,5.0,메가,먹방협찬,2026-06-13,1873626,https://yt3.ggpht.com/ytc/AIdro_l3NBOaLOnWVdNU7jOKWzusqmRxIdfsMFDyqugLcRM6dvs=s240-c-k-c0x00ffffff-no-rj,UCg-p3lQIqmhh7gHpyaOmOiQ,https://www.youtube.com/channel/UCg-p3lQIqmhh7gHpyaOmOiQ
CR_YT_0091,DDDDANI 따니,@yt_ucegmm7v,YouTube,엔터테인먼트,리액션,Korea,6070000,12845188,102761504,8.05,3.0,18-34,Mixed,9713.0,12,유지,2026-01-30,없음,19,5.0,메가,PPL,2026-06-13,3883298,https://yt3.ggpht.com/fdCCEzxn6GCOs2q_68K81QjP2YxZpOPPD0AlaZpfCIXfxnwwLQTW118JZVqtAlDQXHMOjPAWqA=s240-c-k-c0x00ffffff-no-rj,UCEgmm7v9hE21K3OWCyQ9gHg,https://www.youtube.com/channel/UCEgmm7v9hE21K3OWCyQ9gHg
CR_YT_0092,STUDIO CHOOM [스튜디오 춤],@yt_uceii7zf,YouTube,엔터테인먼트,브이로그,Korea,6030000,1115073,11150730,0.8,5.0,18-34,Mixed,8294.0,1,유지,2026-05-19,없음,11,4.0,메가,PPL,2026-06-13,271982,https://yt3.ggpht.com/3ZjSjNuOP8ho8qlpEsOMT_KbbK6lLs4EFBgVMZg1fK3nnJipRoJ4Pq1sSIKbf-rEdcu5CmAnvQ=s240-c-k-c0x00ffffff-no-rj,UCEIi7zFR_wE23jFncVtd6-A,https://www.youtube.com/channel/UCEIi7zFR_wE23jFncVtd6-A
CR_YT_0093,푸메Fume,@yt_ucbzi92w,YouTube,푸드,레시피,Korea,5990000,1228209,17194926,6.31,4.7,18-34,Mixed,9427.0,16,유지,2026-02-25,없음,11,5.0,메가,제품리뷰,2026-06-13,636864,https://yt3.ggpht.com/sCaWAsYNMdQaMPFCqcna8HY2jbVk87WJUVALr0jnyFfoRecKyQFjoYMt7ePX0HeWTnetQZIJaQ=s240-c-k-c0x00ffffff-no-rj,UCbzI92w5vWa6mEj1dACfy6g,https://www.youtube.com/channel/UCbzI92w5vWa6mEj1dACfy6g
CR_YT_0094,백종원 PAIK JONG WON,@yt_ucyn-k7r,YouTube,푸드,레시피,Korea,5970000,1849427,27741405,2.39,3.1,18-34,Mixed,14679.0,16,유지,2026-03-12,없음,28,4.7,메가,제품리뷰,2026-06-13,935150,https://yt3.ggpht.com/tVvGKye5hDl70LaxrUsJBfm-rE9RES7bJDxSrjyO-vQDVb5EUJvUJefjUJ0dp-ixLIkrDYVX4A=s240-c-k-c0x00ffffff-no-rj,UCyn-K7rZLXjGl7VXGweIlcA,https://www.youtube.com/channel/UCyn-K7rZLXjGl7VXGweIlcA
CR_YT_0095,티디키즈 (인기 동요・동화),@yt_ucqvhycz,YouTube,교육,스터디,Korea,5930000,5921052,65131572,8.09,4.5,13-17,Mixed,9159.0,1,상승,2026-03-04,없음,18,4.0,메가,스폰서십,2026-06-13,2991156,https://yt3.ggpht.com/DvMf1QMJKQwIzePA--RjlsP-Jz45iwY86iSXSLz9HwbAPpB_aAPYLu0hL80SEXAJvzJlFs8BTQ=s240-c-k-c0x00ffffff-no-rj,UCqvhycZ4nzxTHU4RxHjYgWQ,https://www.youtube.com/channel/UCqvhycZ4nzxTHU4RxHjYgWQ
CR_YT_0096,콩순이 Kongsuni,@yt_uc3scmmm,YouTube,엔터테인먼트,리액션,Korea,5880000,3299284,32992840,2.14,4.5,18-34,Mixed,12289.0,12,상승,2026-06-02,없음,18,5.0,메가,브랜디드콘텐츠,2026-06-13,1375674,https://yt3.ggpht.com/xEKKWSByMbzsT_LFsXlknpMQScOl3Q3uVGw3fh8CC86lc3ZCeh_UU5yptSjLsQHbyQ_PaQd3=s240-c-k-c0x00ffffff-no-rj,UC3sCmmMaM383cjv1jNdiU2w,https://www.youtube.com/channel/UC3sCmmMaM383cjv1jNdiU2w
CR_YT_0097,PONY Syndrome,@yt_uct-_4gq,YouTube,뷰티,메이크업,Korea,5870000,1272084,10176672,8.37,5.0,18-34,Female,2094.0,12,상승,2026-04-02,없음,21,5.0,메가,제품리뷰,2026-06-13,303296,https://yt3.ggpht.com/KIuukC7yn-HmxrJlLYy0LNwmJLlv3iEwtn6jSP2iFbn6EdXcU9HeO7lSqWF7FTzH3_njUeyjxQ=s240-c-k-c0x00ffffff-no-rj,UCT-_4GqC-yLY1xtTHhwY0hA,https://www.youtube.com/channel/UCT-_4GqC-yLY1xtTHhwY0hA
CR_YT_0098,Jaeguchi,@yt_ucmth4hm,YouTube,엔터테인먼트,예능,Korea,5850000,3507853,70157060,5.21,2.0,18-34,Mixed,6604.0,4,상승,2026-04-25,없음,8,5.0,메가,PPL,2026-06-13,2927658,https://yt3.ggpht.com/9F5zmU3prMddmTpWc34tcCt69zIgSsBsecjLZHkdaPx0tPU_2z4RFYksrg03GwayvC29DIys=s240-c-k-c0x00ffffff-no-rj,UCmth4hMyizG-_W9jidBqs_A,https://www.youtube.com/channel/UCmth4hMyizG-_W9jidBqs_A
CR_YT_0099,SBS NOW / SBS 공식 채널,@yt_uccoyem7,YouTube,엔터테인먼트,리액션,Korea,5840000,220000,4400000,5.25,3.4,18-34,Mixed,13677.0,2,하락,2026-01-08,없음,7,4.5,메가,PPL,2026-06-13,139836,https://yt3.ggpht.com/5mkcNMrddF0r3uSG5yZYsRTlPTXb_D6R8l7v8u8xxh64mCn9haPCdcfjP_WtzRPho3kaNIU-paE=s240-c-k-c0x00ffffff-no-rj,UCcOYEm78CpaZQvPE6LtoSeA,https://www.youtube.com/channel/UCcOYEm78CpaZQvPE6LtoSeA
CR_YT_0100,NURItuber,@yt_ucu9ye0a,YouTube,게임,게임플레이,Korea,5770000,4714599,37716792,7.28,3.3,18-34,Male,6932.0,1,상승,2026-01-17,없음,36,3.2,메가,제품리뷰,2026-06-13,1758873,https://yt3.ggpht.com/JNYzDzVCSVSmdGtIF3Ox5ejNAhUvHQm-GKVABSnRa-J5e3BeMqqIlOlPSem_pVzvbP027Uqj=s240-c-k-c0x00ffffff-no-rj,UCU9YE0acRc6JfJO53S2cgIA,https://www.youtube.com/channel/UCU9YE0acRc6JfJO53S2cgIA
CR_YT_0101,KBS Entertain,@yt_uck1svux,YouTube,엔터테인먼트,브이로그,Korea,5700000,79136,791360,5.56,3.6,18-34,Mixed,8193.0,4,유지,2026-01-30,없음,29,4.7,메가,브랜디드콘텐츠,2026-06-13,23543,https://yt3.ggpht.com/3Wu4J_3hwOm0ApDrIDbTon64jfXlEqS-eU4vDWNF9ULIsuAd-b9OGaR4Ff6l7vHGUqX9WV8dxg=s240-c-k-c0x00ffffff-no-rj,UCK1sVuXaDvJeNwl9noN5nOA,https://www.youtube.com/channel/UCK1sVuXaDvJeNwl9noN5nOA
CR_YT_0102,NCT 127,@yt_uck2e0db,YouTube,엔터테인먼트,브이로그,Korea,5630000,1561561,28108098,6.65,4.2,18-34,Mixed,3813.0,2,유지,2026-04-17,없음,32,4.2,메가,PPL,2026-06-13,1082762,https://yt3.ggpht.com/e8K-7Yu4rcqxSFJwqQrIvwYF14oEgUJ5X510R5rDz8EUe6BC7pPVSA5tG4F1ZTAjXvFl2jMGzg=s240-c-k-c0x00ffffff-no-rj,UCk2E0dbAyEJWnrN2bbQOcbg,https://www.youtube.com/channel/UCk2E0dbAyEJWnrN2bbQOcbg
CR_YT_0103,JaeYeol ASMR 재열,@yt_ucg7xkck,YouTube,라이프스타일,브이로그,Korea,5580000,1065400,20242600,3.91,4.0,18-34,Mixed,7377.0,4,상승,2026-04-21,없음,14,5.0,메가,PPL,2026-06-13,517238,https://yt3.ggpht.com/7d0F9AH-_s83CStMJutlO6cJemC6JG5Zb8-jI0gkri2RnrNitovGLiICRbdnTkzezWx1cyPH=s240-c-k-c0x00ffffff-no-rj,UCg7xkCKcxA84xSTGgtF9ySA,https://www.youtube.com/channel/UCg7xkCKcxA84xSTGgtF9ySA
CR_YT_0104,Red Velvet,@yt_uck9gmdl,YouTube,엔터테인먼트,리액션,Korea,5550000,3055555,27499995,3.48,2.4,18-34,Mixed,10215.0,1,유지,2026-01-14,없음,40,3.2,메가,PPL,2026-06-13,1119444,https://yt3.ggpht.com/8-pUU8kJ1sXmDY9OVaglW5UO-t9vmnOt9SKZd0OvEEpULpOUhhcOvgoTaOgZVi-H7FukRNL2Zg=s240-c-k-c0x00ffffff-no-rj,UCk9GmdlDTBfgGRb7vXeRMoQ,https://www.youtube.com/channel/UCk9GmdlDTBfgGRb7vXeRMoQ
CR_YT_0105,bree 브리,@yt_ucnfelb3,YouTube,게임,게임플레이,Korea,5530000,3888888,46666656,3.31,3.7,18-34,Male,3752.0,2,상승,2026-01-30,없음,14,4.5,메가,스폰서십,2026-06-13,1742668,https://yt3.ggpht.com/YETFU9OWzuM_DLyMyjdmmOBN1ar5HDT3lPHRNPxvVCboRboW3YiKr4wJljruHGTqRiGYdVeYIw=s240-c-k-c0x00ffffff-no-rj,UCnfeLB3sMd71ugraoLrH_aw,https://www.youtube.com/channel/UCnfeLB3sMd71ugraoLrH_aw
CR_YT_0106,딩고 뮤직 / dingo music,@yt_uctcio5t,YouTube,엔터테인먼트,예능,Korea,5490000,910708,18214160,2.31,3.3,18-34,Mixed,13972.0,12,유지,2026-03-11,확인필요,40,2.7,메가,브랜디드콘텐츠,2026-06-13,543387,https://yt3.ggpht.com/wKlU4fLFFmnuaZYlLmBkubI5YlE07IA5BodqEcOyyXctw4YUAdeN9sZsScX1lQC3hy1zFXSofg=s240-c-k-c0x00ffffff-no-rj,UCtCiO5t2voB14CmZKTkIzPQ,https://www.youtube.com/channel/UCtCiO5t2voB14CmZKTkIzPQ
CR_YT_0107,CoCosToy 꼬꼬스토이,@yt_ucfvd4zg,YouTube,교육,정보,Korea,5480000,3300653,62712407,7.87,3.1,25-44,Mixed,6311.0,2,상승,2026-01-24,없음,14,4.5,메가,제품리뷰,2026-06-13,2578915,https://yt3.ggpht.com/1iTQZ3zMEOJFKTrtob9wc67sdKfhFSCQtArwuc90kBqj-u7u1ZwmlReW3AszUbnwB0eauIi_=s240-c-k-c0x00ffffff-no-rj,UCfVd4ZgG0hwe3F0cqRTvUWQ,https://www.youtube.com/channel/UCfVd4ZgG0hwe3F0cqRTvUWQ
CR_YT_0108,봉길이 Bonggil,@yt_uchqnfdx,YouTube,푸드,쿠킹,Korea,5460000,1443202,27420838,3.51,3.4,18-34,Mixed,5204.0,2,하락,2026-01-14,없음,28,4.2,메가,먹방협찬,2026-06-13,979232,https://yt3.ggpht.com/mG_KSMQ3osYdJojVCTiad1TcKzG28JJBgAr9DnW_ORLR99vuAvxSLk1o44m3lOS18mCI-rmi=s240-c-k-c0x00ffffff-no-rj,UCHQnFdxn3kqIzx4yLENS-Iw,https://www.youtube.com/channel/UCHQnFdxn3kqIzx4yLENS-Iw
CR_YT_0109,매일맛나 delicious day,@yt_ucfiypuh,YouTube,푸드,먹방,Korea,5430000,1127946,11279460,5.44,4.0,18-34,Mixed,7542.0,4,유지,2026-02-25,없음,33,4.7,메가,제품리뷰,2026-06-13,304615,https://yt3.ggpht.com/ytc/AIdro_mMKkc5wt24mrNHj3WNuDueA3kSOHpmIFlSMlRAIAXoe0s=s240-c-k-c0x00ffffff-no-rj,UCFiYPUhUzLKoi-cZ0AwpjLA,https://www.youtube.com/channel/UCFiYPUhUzLKoi-cZ0AwpjLA
CR_YT_0110,스위트티비 SweetTV,@yt_ucncxqo9,YouTube,교육,강의,Korea,5410000,6788990,135779800,3.26,2.3,25-44,Mixed,4972.0,16,상승,2026-01-02,없음,36,4.2,메가,제품리뷰,2026-06-13,4791408,https://yt3.ggpht.com/ytc/AIdro_knpUpK9T3rcp_ENaFPkAmEtjMiwV8Ev9bxoS4LSzMWhNE=s240-c-k-c0x00ffffff-no-rj,UCnCXqo9jcQaHjW0iZM7tPOQ,https://www.youtube.com/channel/UCnCXqo9jcQaHjW0iZM7tPOQ
CR_YT_0111,EBSDocumentary (EBS 다큐),@yt_ucfctzjt,YouTube,엔터테인먼트,버라이어티,Korea,5390000,111343,1224773,2.19,2.4,18-34,Mixed,612.0,4,유지,2026-04-08,없음,23,5.0,메가,브랜디드콘텐츠,2026-06-13,37192,https://yt3.ggpht.com/JCoc_tttfLn5nzycdjiSFwv0gg-AKMIU2pyLw_13CzftUAchPNt4pJ8sHymyp_PcpF9KqSH-yIQ=s240-c-k-c0x00ffffff-no-rj,UCFCtZJTuJhE18k8IXwmXTYQ,https://www.youtube.com/channel/UCFCtZJTuJhE18k8IXwmXTYQ
CR_YT_0112,떵개떵,@yt_uc-i2ywi,YouTube,푸드,먹방,Korea,5370000,599656,9594496,4.5,4.5,18-34,Mixed,12996.0,20,상승,2026-04-28,확인필요,27,3.2,메가,먹방협찬,2026-06-13,381403,https://yt3.ggpht.com/OFaRlmp8TmuR0OS9qylx_DVTtBUYNFFv5bXeRWoNsSPRE9H5J-yanXxOozamsW45lNcaegCj6CM=s240-c-k-c0x00ffffff-no-rj,UC-i2ywiuvjvpTy2zW-tXfkw,https://www.youtube.com/channel/UC-i2ywiuvjvpTy2zW-tXfkw
CR_YT_0113,tvN D ENT,@yt_ucsriht5,YouTube,교육,스터디,Korea,5350000,206944,1862496,5.11,3.7,25-44,Mixed,6373.0,16,유지,2026-04-03,없음,31,4.7,메가,스폰서십,2026-06-13,80924,https://yt3.ggpht.com/jL5zONefgk9GUvBOwhgXdAGtczbNJiqMIBhOpRaTukq8ibRUqzL1KQ9OXVyWmMhwKaSj_UTekg=s240-c-k-c0x00ffffff-no-rj,UCsRIHt5FkbGc6cQtCxt-ufA,https://www.youtube.com/channel/UCsRIHt5FkbGc6cQtCxt-ufA
CR_YT_0114,라바두비라바,@yt_uc2z3nag,YouTube,엔터테인먼트,버라이어티,Korea,5340000,23290598,209615382,1.35,3.3,18-34,Mixed,13123.0,8,유지,2026-02-13,확인필요,38,2.7,메가,PPL,2026-06-13,7026994,https://yt3.ggpht.com/gJiQq7j8dj5wZNe2kqwaJE95jNOqcWSZWytKB_vM5VGaWwA33rgHPrNczjBLfSXCT6aDKzpgQA=s240-c-k-c0x00ffffff-no-rj,UC2Z3naGqcQ3EKxilsv5WHHA,https://www.youtube.com/channel/UC2Z3naGqcQ3EKxilsv5WHHA
CR_YT_0115,푸드킹덤 Food Kingdom,@yt_uc4bfinf,YouTube,푸드,레시피,Korea,5310000,1540816,13867344,1.41,3.5,18-34,Mixed,14394.0,20,상승,2026-02-07,없음,27,4.7,메가,먹방협찬,2026-06-13,488749,https://yt3.ggpht.com/ytc/AIdro_nmhFS4dhZVwHRDgNIfqd8rRJUb7d6y8EfyjJYdowOuuA=s240-c-k-c0x00ffffff-no-rj,UC4BfinFCS1o6t1tAsl0RVWQ,https://www.youtube.com/channel/UC4BfinFCS1o6t1tAsl0RVWQ
CR_YT_0116,MBCdrama,@yt_uc7lb15p,YouTube,엔터테인먼트,브이로그,Korea,5300000,96428,1157136,5.32,4.3,18-34,Mixed,11706.0,16,유지,2026-05-25,없음,9,5.0,메가,PPL,2026-06-13,32326,https://yt3.ggpht.com/_OXM9I4HH63HGhZlp2ecz3xgupWqiAL8r-viJLEUtNaAfpH5qbRvJt3WF52IMDV8YIjzU8M4GKg=s240-c-k-c0x00ffffff-no-rj,UC7lb15P-Hux7A5gBuhCxtuQ,https://www.youtube.com/channel/UC7lb15P-Hux7A5gBuhCxtuQ
CR_YT_0117,ZOEY ASMR 조이,@yt_ucgisu4y,YouTube,라이프스타일,리뷰,Korea,5270000,1391752,25051536,5.5,4.6,18-34,Mixed,1490.0,16,유지,2026-03-12,없음,25,5.0,메가,브랜디드콘텐츠,2026-06-13,955890,https://yt3.ggpht.com/ytc/AIdro_lpvupM5X28Izw7JJP74Zst-FqXEKdoHfzg1-xDhHD18DE=s240-c-k-c0x00ffffff-no-rj,UCGISU4yWiEf4lB9RzdY8O4w,https://www.youtube.com/channel/UCGISU4yWiEf4lB9RzdY8O4w
CR_YT_0118,Cooking tree 쿠킹트리,@yt_uctby6rj,YouTube,푸드,쿠킹,Korea,5200000,259951,4419167,4.56,2.9,18-34,Mixed,12560.0,8,상승,2026-06-07,확인필요,7,3.5,메가,먹방협찬,2026-06-13,108906,https://yt3.ggpht.com/ytc/AIdro_n7OHI5bBU6Y9DZKeBydgHIsLQPqiW_nlfsMKV8zYcxlek=s240-c-k-c0x00ffffff-no-rj,UCtby6rJtBGgUm-2oD_E7bzw,https://www.youtube.com/channel/UCtby6rJtBGgUm-2oD_E7bzw
CR_YT_0119,호기! 핑크퐁 - 놀면서 배워요,@yt_ucjlnbdr,YouTube,교육,강의,Korea,5190000,2280519,38768823,4.2,3.7,25-44,Mixed,12242.0,20,상승,2026-05-09,없음,7,5.0,메가,스폰서십,2026-06-13,1363302,https://yt3.ggpht.com/BAeZvoZsA4CO-ZuwIzvsKAgfGp47SdsF7KtrOZXbPOjPjM9KyVfHT0_GkrowCpITDWD-_BKg5UI=s240-c-k-c0x00ffffff-no-rj,UCJlNBdRJPnxsHjdaTNEqmOg,https://www.youtube.com/channel/UCJlNBdRJPnxsHjdaTNEqmOg
CR_YT_0120,FUNNY 🤣,@yt_ucwhec07,YouTube,엔터테인먼트,예능,Korea,5120000,917073,9170730,4.1,4.4,18-34,Mixed,1723.0,20,상승,2026-04-23,없음,26,4.7,메가,브랜디드콘텐츠,2026-06-13,418920,https://yt3.ggpht.com/yDw5fVXEDcYHu7abNr_PA2oAD7TOvdJzJ9_nuPnbMtTf7iF-Vu9UHi0-QNmkMo3S79hocsrFkw=s240-c-k-c0x00ffffff-no-rj,UCWheC07UYzRWXsv9yUnZJFw,https://www.youtube.com/channel/UCWheC07UYzRWXsv9yUnZJFw
CR_YT_0121,SBS TV동물농장x애니멀봐,@yt_uc22go5l,YouTube,엔터테인먼트,예능,Korea,5060000,763302,11449530,5.38,3.1,18-34,Mixed,5406.0,4,하락,2026-01-17,없음,29,4.7,메가,PPL,2026-06-13,407163,https://yt3.ggpht.com/jBozf7lxshwY133mW-tLqAqyhCUz7e_cfukiYB1GIMX3xQVGPZ1oC2R1mdGl6KYP0XZdhY7a4A=s240-c-k-c0x00ffffff-no-rj,UC22go5LdQEw-iDuxFb4C0hw,https://www.youtube.com/channel/UC22go5LdQEw-iDuxFb4C0hw
CR_YT_0122,ARTBEAT,@yt_ucgzlbrl,YouTube,엔터테인먼트,리액션,Korea,5030000,374116,4863508,5.93,2.9,18-34,Mixed,8950.0,16,상승,2026-04-11,없음,14,5.0,메가,PPL,2026-06-13,124206,https://yt3.ggpht.com/uoQTYdC9DPKQjQcqfHEGKWrBPZyC2K4SOS5SgmSw3VuAQqdtEL32gaXBxvHGjcG3tv4gVrHJ9A=s240-c-k-c0x00ffffff-no-rj,UCgZlBRLRB1-0l-qL9BkecLQ,https://www.youtube.com/channel/UCgZlBRLRB1-0l-qL9BkecLQ
CR_YT_0123,"까니짱 [ KANI, 蟹ちゃん]",@yt_uc2wzjuu,YouTube,푸드,레시피,Korea,5010000,1452318,14523180,8.0,2.9,18-34,Mixed,10217.0,8,하락,2026-05-11,없음,26,4.7,메가,제품리뷰,2026-06-13,540518,https://yt3.ggpht.com/yI_oN1mjuDPb5fvq0F8EFp-qXCFBdHwxtQlaOeW2cIxMX0d1LMZ1WQiw4oQtJhmn-mC2JAnwdiM=s240-c-k-c0x00ffffff-no-rj,UC2wZJuuD_WA9ps2FORco1EQ,https://www.youtube.com/channel/UC2wZJuuD_WA9ps2FORco1EQ
CR_YT_0124,[Awesome Haeun]어썸하은,@yt_uccpatov,YouTube,엔터테인먼트,예능,Korea,5000000,37500000,487500000,2.97,4.9,18-34,Mixed,15000.0,4,상승,2026-01-26,없음,36,4.2,메가,PPL,2026-06-13,11582372,https://yt3.ggpht.com/o-OGIhBSQiLahqpx-XCZ2clLjcc9pk8YSdhloM4XPvhoxu0ewqE-FUxGKFpvDrNR3-bA-OgYIA=s240-c-k-c0x00ffffff-no-rj,UCcpAtOvcne_cX7gvarTgKsQ,https://www.youtube.com/channel/UCcpAtOvcne_cX7gvarTgKsQ
CR_YT_0125,JTBC Drama,@yt_uckbjc8j,YouTube,엔터테인먼트,브이로그,Korea,4960000,183142,2930272,7.18,4.7,18-34,Mixed,9461.0,1,하락,2026-02-11,없음,26,3.7,메가,브랜디드콘텐츠,2026-06-13,121080,https://yt3.ggpht.com/owK7Mx_4O7DU2lc1yrE0XIeerGHtJK_7ekIj0uvPa84PeaDPehNLS1BqHwOs-SPs15aY9-mKoA=s240-c-k-c0x00ffffff-no-rj,UCkbJc8jMcTXwhtmN5VMwfXg,https://www.youtube.com/channel/UCkbJc8jMcTXwhtmN5VMwfXg
CR_YT_0126,IVE,@yt_uc-fnix7,YouTube,엔터테인먼트,브이로그,Korea,4960000,1868644,18686440,6.67,4.4,18-34,Mixed,5782.0,2,상승,2026-04-25,확인필요,33,2.7,메가,PPL,2026-06-13,798497,https://yt3.ggpht.com/_CyiM1Ob0gRzu4d3Y4-l1vJTyZSRld8OR7oJ9PmtLNdDMtN0koRRs_asLpIEsSGmKAwEKK_CTqs=s240-c-k-c0x00ffffff-no-rj,UC-Fnix71vRP64WXeo0ikd0Q,https://www.youtube.com/channel/UC-Fnix71vRP64WXeo0ikd0Q
CR_YT_0127,베베핀 Bebefinn - 키즈 인기 동요,@yt_uc_py3vq,YouTube,교육,강의,Korea,4930000,3880455,42685005,2.98,4.4,13-17,Mixed,14233.0,8,유지,2026-04-08,없음,17,5.0,메가,스폰서십,2026-06-13,1527849,https://yt3.ggpht.com/tPuB3Qe6b2SnyvHq1wIIDg1T727MNfWdkFACaWFk4e5S9SlUjKbSHw-fMdrDEi9id-OY3S5E0A=s240-c-k-c0x00ffffff-no-rj,UC_Py3VQ4sjXHj1c4Rhb5ITw,https://www.youtube.com/channel/UC_Py3VQ4sjXHj1c4Rhb5ITw
CR_YT_0128,ATEEZ,@yt_uc2e4ukj,YouTube,엔터테인먼트,리액션,Korea,4910000,743127,11890032,8.23,4.5,18-34,Mixed,1257.0,20,유지,2026-05-13,없음,13,5.0,메가,브랜디드콘텐츠,2026-06-13,423769,https://yt3.ggpht.com/M_RKZsb4YRL8uunqGIlLOT3Qd9nLMbdcdBrOyH3fOi3yLxh0YBH4pTxfydlUv2KktrcKVujzH9o=s240-c-k-c0x00ffffff-no-rj,UC2e4Ukj5Pfr7cb3KpJAFBdQ,https://www.youtube.com/channel/UC2e4Ukj5Pfr7cb3KpJAFBdQ
CR_YT_0129,YouTube Fanfest,@yt_uchigu8b,YouTube,라이프스타일,일상,Korea,4880000,0,0,6.6,2.8,18-34,Mixed,1830.0,12,상승,2026-01-07,없음,14,4.2,메가,브랜디드콘텐츠,2026-06-13,0,,UChIGU8b4l5cj6i5D9REsqdg,https://www.youtube.com/channel/UChIGU8b4l5cj6i5D9REsqdg
CR_YT_0130,EBS 키즈,@yt_ucx_dzpi,YouTube,엔터테인먼트,리액션,Korea,4870000,261538,3661532,4.52,2.7,13-17,Mixed,5121.0,1,상승,2026-02-05,없음,28,3.7,메가,브랜디드콘텐츠,2026-06-13,89985,https://yt3.ggpht.com/AwlonqTyz1bVUPmP2r1fW8MFPi2mCawmWF1ON96K0LzPKYxtUncBU-ainItYRRLMQwW-TE_IWmM=s240-c-k-c0x00ffffff-no-rj,UCx_dzPI6efSohgtOkAG43-A,https://www.youtube.com/channel/UCx_dzPI6efSohgtOkAG43-A
CR_YT_0131,키즈팡TV,@yt_uck2gfjc,YouTube,교육,스터디,Korea,4780000,924082,7392656,7.14,4.1,13-17,Mixed,576.0,2,상승,2026-02-25,없음,35,4.2,메가,스폰서십,2026-06-13,221980,https://yt3.ggpht.com/ytc/AIdro_lktOV7hb9GVjZNghmutOhyOnVnp58aazy8SRWiaQZhnw=s240-c-k-c0x00ffffff-no-rj,UCK2GFjc2PnRViSHRObX5nKA,https://www.youtube.com/channel/UCK2GFjc2PnRViSHRObX5nKA
CR_YT_0132,Allblanc TV,@yt_ucq7br6r,YouTube,피트니스,다이어트,Korea,4670000,1461483,14614830,6.32,3.6,25-44,Mixed,2267.0,1,상승,2026-01-17,없음,23,4.0,메가,PPL,2026-06-13,528161,https://yt3.ggpht.com/ytc/AIdro_n-75R3oYmOOIdz2ZN9Hgeixs6XaGXrqwbvogLW_m_fIJ0=s240-c-k-c0x00ffffff-no-rj,UCq7bR6RxqqOx8cptc1-0AVQ,https://www.youtube.com/channel/UCq7bR6RxqqOx8cptc1-0AVQ
CR_YT_0133,JTBC Voyage,@yt_ucf3uevp,YouTube,엔터테인먼트,브이로그,Korea,4650000,341250,3071250,4.5,3.6,18-34,Mixed,10919.0,16,유지,2026-06-07,없음,37,4.2,메가,브랜디드콘텐츠,2026-06-13,131621,https://yt3.ggpht.com/5AlD5RdceUXKYu0IgsH7DUID6yqMINL6TlsSau6QZLjLduGezUp9SXa-H44pnJlQVcCWXcpj750=s240-c-k-c0x00ffffff-no-rj,UCF3UEVPt5zZTlBVJwDG317g,https://www.youtube.com/channel/UCF3UEVPt5zZTlBVJwDG317g
CR_YT_0134,보경 Bokyoung,@yt_ucall6ur,YouTube,푸드,쿠킹,Korea,4610000,880056,11440728,3.83,4.0,18-34,Mixed,1481.0,1,하락,2026-04-10,없음,38,3.2,메가,먹방협찬,2026-06-13,331169,https://yt3.ggpht.com/u7YslsuidT-KA_wkTXtoIfnEThVEoHvms3pzTGNR3qXCfc0f63VEkp8DkF1Xz30gkrTlL4Zk=s240-c-k-c0x00ffffff-no-rj,UCALl6UrYtJndCXo2p6hANPQ,https://www.youtube.com/channel/UCALl6UrYtJndCXo2p6hANPQ
CR_YT_0135,SDK SANDIP,@yt_ucnf3owf,YouTube,교육,정보,Korea,4590000,5625000,84375000,3.6,3.1,25-44,Mixed,1480.0,16,상승,2026-05-29,없음,6,5.0,메가,제품리뷰,2026-06-13,2054458,https://yt3.ggpht.com/2rjgCirJWoEP5yCzFoSoqBU1ZVrze5vp6JBH-pIjna9NoaIZi6Op4CQG0uBIjI7OVU7tmrjOol4=s240-c-k-c0x00ffffff-no-rj,UCnf3OwFk9ocjxaj7hvlFw0w,https://www.youtube.com/channel/UCnf3OwFk9ocjxaj7hvlFw0w
CR_YT_0136,NMIXX,@yt_ucnuayd4,YouTube,엔터테인먼트,버라이어티,Korea,4530000,1197771,22757649,1.57,3.1,18-34,Mixed,10428.0,4,유지,2026-01-17,없음,16,5.0,메가,브랜디드콘텐츠,2026-06-13,932817,https://yt3.ggpht.com/67GqZ7FPYeBoHqvJhrvm3L0nmAe4hwM7lh_9O0JHKoBGe_bo6mPR9mUnXZ5gWDini2t7ss-v=s240-c-k-c0x00ffffff-no-rj,UCnUAyD4t2LkvW68YrDh7fDg,https://www.youtube.com/channel/UCnUAyD4t2LkvW68YrDh7fDg
CR_YT_0137,tvN Joy,@yt_uc78pmqp,YouTube,엔터테인먼트,브이로그,Korea,4520000,77142,1465698,4.16,2.9,18-34,Mixed,5076.0,1,유지,2026-03-06,없음,17,4.0,메가,PPL,2026-06-13,60745,https://yt3.ggpht.com/bpSGI1weZmTuMvzXz0k9vwRDugXHTCDPc9qlih808OH88OKUHxhK6uzBGxbjzzQ5czMav9zVOQ=s240-c-k-c0x00ffffff-no-rj,UC78PMQprrZTbU0IlMDsYZPw,https://www.youtube.com/channel/UC78PMQprrZTbU0IlMDsYZPw
CR_YT_0138,Raon,@yt_ucqn1fqr,YouTube,엔터테인먼트,리액션,Korea,4520000,2253521,18028168,2.03,3.1,18-34,Mixed,5313.0,20,상승,2026-04-13,없음,8,5.0,메가,PPL,2026-06-13,737534,https://yt3.ggpht.com/4I-q2cMICHTe5C4cmqsXM3nmXu6fzvHuPWk2S00CsRtc_a4krfYT5nOqDWQbOWBHXylOUL7zI9Q=s240-c-k-c0x00ffffff-no-rj,UCQn1FqrR2OCjSe6Nl4GlVHw,https://www.youtube.com/channel/UCQn1FqrR2OCjSe6Nl4GlVHw
CR_YT_0139,여행 대통령ㅡ최박사,@yt_ucmewr6o,YouTube,여행,여행리뷰,Korea,4520000,161892,3075948,8.15,3.0,25-44,Mixed,5827.0,2,하락,2026-04-19,없음,36,3.7,메가,스폰서십,2026-06-13,103332,https://yt3.ggpht.com/ERKoUKiUYj48CrZJk7YeBVe-6q77mS_-9s75pqkGzViJBQYowORdBG4LuC_isXVjw2pZPV0-=s240-c-k-c0x00ffffff-no-rj,UCmEWR6oh5y_iGNh3tOBYhqw,https://www.youtube.com/channel/UCmEWR6oh5y_iGNh3tOBYhqw
CR_YT_0140,꼬마버스 타요,@yt_ucxuzwds,YouTube,교육,강의,Korea,4370000,1086763,9780867,8.46,2.5,25-44,Mixed,5255.0,4,유지,2026-06-04,없음,25,5.0,메가,스폰서십,2026-06-13,326493,https://yt3.ggpht.com/aGY-D1HnOxa07PrjhGa0PybKGNJ_AxWkU9yIrpxT54BHczaj5JptLDJyO1DIeBzCqKSbm39f=s240-c-k-c0x00ffffff-no-rj,UCxUZwdsqshu2iLQwdEE6e7Q,https://www.youtube.com/channel/UCxUZwdsqshu2iLQwdEE6e7Q
CR_YT_0141,KBS Drama,@yt_uchpjiae,YouTube,라이프스타일,브이로그,Korea,4310000,45266,860054,6.02,3.1,18-34,Mixed,6807.0,1,상승,2026-04-04,없음,27,3.7,메가,브랜디드콘텐츠,2026-06-13,28619,https://yt3.ggpht.com/ytc/AIdro_m19daA-KZgxvYoXuRtSHO6vCjzoOBoqLdNxSfmHjZgdNY=s240-c-k-c0x00ffffff-no-rj,UChpjIaEgwtDZtmWEkzFulSA,https://www.youtube.com/channel/UChpjIaEgwtDZtmWEkzFulSA
CR_YT_0142,Toica Nation,@yt_ucsurcji,YouTube,엔터테인먼트,리액션,Korea,4310000,4696629,75146064,5.94,4.9,18-34,Mixed,1475.0,2,유지,2026-05-26,확인필요,33,2.7,메가,PPL,2026-06-13,3158056,https://yt3.ggpht.com/e1P6vHBwS0dvxgTQTTkNglqiKtGICwjLW-FTWlH9ei8CH0c-jtHuE_s9MHgX8vrPI1SQCXqrjQ=s240-c-k-c0x00ffffff-no-rj,UCSurcJiD_l3lnV8RsnQTmVQ,https://www.youtube.com/channel/UCSurcJiD_l3lnV8RsnQTmVQ
CR_YT_0143,THEBLACKLABEL,@yt_ucg8zzlo,YouTube,엔터테인먼트,리액션,Korea,4280000,5552325,44418600,5.93,4.8,18-34,Mixed,8822.0,4,하락,2026-03-22,없음,33,4.7,메가,PPL,2026-06-13,1663574,https://yt3.ggpht.com/LEcbAsUdaCZOOg3D95fRQftRe_vKhijRr0nI_oSbVjpVauPOKecWxId8K4OznKwRVthTAuUa=s240-c-k-c0x00ffffff-no-rj,UCg8ZzloDPTrOiGztK0C9txQ,https://www.youtube.com/channel/UCg8ZzloDPTrOiGztK0C9txQ
CR_YT_0144,워크맨-Workman,@yt_ucwx6n_4,YouTube,엔터테인먼트,리액션,Korea,4260000,1256377,22614786,8.18,2.1,18-34,Mixed,13746.0,2,상승,2026-04-25,없음,36,3.7,메가,PPL,2026-06-13,674736,https://yt3.ggpht.com/drHybAWMlHQdHt2VtTJCxo3q6riCxt1EBmEfc_S9xH_nPa4r5_8A6q079B1Mn9z-EfIuMzN3mw=s240-c-k-c0x00ffffff-no-rj,UCwx6n_4OcLgzAGdty0RWCoA,https://www.youtube.com/channel/UCwx6n_4OcLgzAGdty0RWCoA
CR_YT_0145,옛드 : MBC 옛날 드라마,@yt_ucg5bass,YouTube,교육,스터디,Korea,4260000,218000,2398000,2.78,4.7,25-44,Mixed,12866.0,8,유지,2026-01-23,없음,17,5.0,메가,스폰서십,2026-06-13,111703,https://yt3.ggpht.com/4x86T_CGUqXUWGGLxrfVr7r_Os8Vy1-7-M4IlvnaPSox_IsfDgBjziT9istSxWrejVtIaamDVA=s240-c-k-c0x00ffffff-no-rj,UCG5bAssl2H0wjLG4BEv5ScQ,https://www.youtube.com/channel/UCG5bAssl2H0wjLG4BEv5ScQ
CR_YT_0146,차린건 쥐뿔도 없지만,@yt_uchdqwmh,YouTube,엔터테인먼트,버라이어티,Korea,4260000,8983050,179661000,7.26,3.0,18-34,Mixed,4710.0,4,유지,2026-04-03,없음,9,5.0,메가,브랜디드콘텐츠,2026-06-13,7050798,https://yt3.ggpht.com/C4dPDs8-NNwprxRzrWroikxSXBKKuVaVvJ3xrAWGP9q8yapuOXyIptMoTHCkGTnnlYRbmWwA=s240-c-k-c0x00ffffff-no-rj,UChdqwmHLPoL3UJmm9Fw-LsA,https://www.youtube.com/channel/UChdqwmHLPoL3UJmm9Fw-LsA
CR_YT_0147,허팝Heopop,@yt_uck6bx-m,YouTube,엔터테인먼트,브이로그,Korea,4250000,1756478,28103648,8.38,4.4,18-34,Mixed,8533.0,2,유지,2026-06-06,확인필요,36,2.2,메가,브랜디드콘텐츠,2026-06-13,802798,https://yt3.ggpht.com/ytc/AIdro_m5xnUl-rZCwachtdJq6XyByVvVy1h_8C-7FwNrhRci5EI=s240-c-k-c0x00ffffff-no-rj,UCk6bX-MZXdte_7kG8TbMkqg,https://www.youtube.com/channel/UCk6bX-MZXdte_7kG8TbMkqg
CR_YT_0148,디글 :Diggle,@yt_ucwyzc_p,YouTube,엔터테인먼트,예능,Korea,4250000,142073,1278657,3.69,4.2,18-34,Mixed,6437.0,8,하락,2026-03-23,없음,38,4.2,메가,브랜디드콘텐츠,2026-06-13,31796,https://yt3.ggpht.com/m4J2Rpz6CwcqAKtqjOuvTjCXBDbORywU1TIQlo4j49LPMClAbt_ugICQ4r2ONwWxWUv39PtR=s240-c-k-c0x00ffffff-no-rj,UCWYzc_p0GgfCepIWDHGFmEg,https://www.youtube.com/channel/UCWYzc_p0GgfCepIWDHGFmEg
CR_YT_0149,하루한끼 one meal a day,@yt_ucpwfxcw,YouTube,푸드,먹방,Korea,4210000,1562500,28125000,4.23,3.6,18-34,Mixed,3138.0,2,상승,2026-02-01,없음,40,3.7,메가,먹방협찬,2026-06-13,704920,https://yt3.ggpht.com/ytc/AIdro_loTXlkLeirbpOF-9ruDPMBtV28vfLxSBEE9AalRTp9Lg=s240-c-k-c0x00ffffff-no-rj,UCPWFxcwPliEBMwJjmeFIDIg,https://www.youtube.com/channel/UCPWFxcwPliEBMwJjmeFIDIg
CR_YT_0150,OfficialGDRAGON,@yt_uceu5qtu,YouTube,엔터테인먼트,예능,Korea,4210000,14301075,228817200,1.82,3.0,18-34,Mixed,14143.0,16,유지,2026-02-20,없음,19,5.0,메가,PPL,2026-06-13,6156027,https://yt3.ggpht.com/lwmgwa2stvbxCPXv0ROr1Eu54zGc9AIQ5GZVzliJoh3GIXIOEglrVDCFxHiP-Tf7Q65zbQsR=s240-c-k-c0x00ffffff-no-rj,UCeU5qTuBiqTU5z-hyL6WITQ,https://www.youtube.com/channel/UCeU5qTuBiqTU5z-hyL6WITQ
CR_YT_0151,일상템즈,@yt_uc-2neut,YouTube,뷰티,뷰티리뷰,Korea,4170000,756800,13622400,2.7,3.9,18-34,Female,9794.0,12,하락,2026-02-13,없음,39,4.2,메가,제품리뷰,2026-06-13,621838,https://yt3.ggpht.com/BrcZEman5G17YVWShA0se_3T4kerKJvQS27mJpxjmEDnc_G3-RPS8pnZzz-uJXaETPtU6Yl0-Q=s240-c-k-c0x00ffffff-no-rj,UC-2NEutR5i5Qivdp9ETkmNA,https://www.youtube.com/channel/UC-2NEutR5i5Qivdp9ETkmNA
CR_YT_0152,Tang & Nami [탕이와나미상],@yt_ucm9wdwb,YouTube,엔터테인먼트,리액션,Korea,4160000,14191176,255441168,7.72,3.0,18-34,Mixed,911.0,12,상승,2026-05-27,없음,7,5.0,메가,브랜디드콘텐츠,2026-06-13,9682373,https://yt3.ggpht.com/ytc/AIdro_nhrMan8H1UnL6BhqEJAL5u40mJSJEVAMFoSYdsF57UuXE=s240-c-k-c0x00ffffff-no-rj,UCM9wDwBSOAqEfFJOrbX97aw,https://www.youtube.com/channel/UCM9wDwBSOAqEfFJOrbX97aw
CR_YT_0153,사나고 Sanago,@yt_ucd4fmcw,YouTube,테크,IT정보,Korea,4120000,3702290,51832060,0.74,4.7,25-44,Male,4880.0,12,상승,2026-03-18,없음,23,5.0,메가,언박싱협찬,2026-06-13,1956964,https://yt3.ggpht.com/ytc/AIdro_nN-7Vdy0T2PEWo5palhhFWXuNaDYqGDlLYX_FR-96qbmQa=s240-c-k-c0x00ffffff-no-rj,UCd4FmcWIVdWAy0-Q8OJBloQ,https://www.youtube.com/channel/UCd4FmcWIVdWAy0-Q8OJBloQ
CR_YT_0154,헤이지니 Hey Jini,@yt_ucdet8uj,YouTube,라이프스타일,리뷰,Korea,4120000,1710775,25661625,0.98,3.3,18-34,Mixed,9297.0,8,유지,2026-03-30,없음,34,4.7,메가,브랜디드콘텐츠,2026-06-13,642465,https://yt3.ggpht.com/ytc/AIdro_mxkrECWnpV8C5eP0hikMAFU0mCDIzLYtEShX6I-92iCdU=s240-c-k-c0x00ffffff-no-rj,UCdet8uJfTFlACtY05BQmJ1Q,https://www.youtube.com/channel/UCdet8uJfTFlACtY05BQmJ1Q
CR_YT_0155,Pan K's Shorts,@yt_uceyzbf9,YouTube,게임,게임리뷰,Korea,4120000,2576923,36076922,3.46,3.7,18-34,Male,4378.0,4,상승,2026-01-13,없음,20,5.0,메가,제품리뷰,2026-06-13,951873,https://yt3.ggpht.com/VWNJhWZPuw6KkNLGjunJskt4EDm6a2RgDWwrmv27o_wE8sQRrtItoug-PVxS_8-Hh0y4F4G-91Q=s240-c-k-c0x00ffffff-no-rj,UCeyZbF9lR3NZGy4cno5nG6w,https://www.youtube.com/channel/UCeyZbF9lR3NZGy4cno5nG6w
CR_YT_0156,지무비 : G Movie,@yt_ucahgozo,YouTube,엔터테인먼트,버라이어티,Korea,4100000,1708385,20500620,7.41,3.3,18-34,Mixed,14039.0,20,유지,2026-05-08,없음,15,5.0,메가,브랜디드콘텐츠,2026-06-13,930570,https://yt3.ggpht.com/7Tnxb_PQu3oLQj1IYv3IJ3rv_S4YyyqY3fazd4yCg_kePd9DKalomOPIz6DBR-l_ItHyPHF6Pko=s240-c-k-c0x00ffffff-no-rj,UCaHGOzOyeYzLQeKsVkfLEGA,https://www.youtube.com/channel/UCaHGOzOyeYzLQeKsVkfLEGA
CR_YT_0157,ASMR LISA,@yt_ucesqv9a,YouTube,푸드,쿠킹,Korea,4080000,70357,1125712,7.53,3.5,18-34,Mixed,14517.0,1,상승,2026-01-13,없음,30,3.7,메가,제품리뷰,2026-06-13,38528,https://yt3.ggpht.com/lgw9gFKglxv4ilNSBvNV5RbkjSfq2BZJ_hzKp7SBYYkjfgLYYr1Zd1fyTUIUHjapyEgNb0_N=s240-c-k-c0x00ffffff-no-rj,UCESQv9a8PbqxzlBmOq-DADA,https://www.youtube.com/channel/UCESQv9a8PbqxzlBmOq-DADA
CR_YT_0158,[Dorothy]도로시,@yt_ucwuwrii,YouTube,푸드,먹방,Korea,4060000,1109979,8879832,5.28,4.5,18-34,Mixed,619.0,16,상승,2026-03-09,없음,35,4.7,메가,먹방협찬,2026-06-13,265492,https://yt3.ggpht.com/ytc/AIdro_nN70weXyZeWnXsBZpGVy4MQjNjvR2-glDlEwsrqRusjg=s240-c-k-c0x00ffffff-no-rj,UCWUwriihuQ_ybNrAOqbg3yg,https://www.youtube.com/channel/UCWUwriihuQ_ybNrAOqbg3yg
CR_YT_0159,WINNER,@yt_ucayqxfa,YouTube,엔터테인먼트,브이로그,Korea,4020000,2226463,42302797,3.73,2.1,18-34,Mixed,8522.0,1,상승,2026-05-21,없음,40,3.2,메가,PPL,2026-06-13,1348111,https://yt3.ggpht.com/ytc/AIdro_ncVjBdBRBdjUf5N8GX1rM2vbBPVdqY20lvsKV8E31LUkY=s240-c-k-c0x00ffffff-no-rj,UCayQxFAoFCvGariuQCtHRGQ,https://www.youtube.com/channel/UCayQxFAoFCvGariuQCtHRGQ
CR_YT_0160,제이제이 튜브 [JJ Tube],@yt_ucjcjjou,YouTube,엔터테인먼트,리액션,Korea,4010000,5445736,65348832,5.49,3.8,18-34,Mixed,12026.0,2,유지,2026-02-20,없음,11,4.5,메가,브랜디드콘텐츠,2026-06-13,2783245,https://yt3.ggpht.com/ytc/AIdro_l5VRcmc_d9FtdqaQS4y-pij1mjo5zuekXlpxyCC79A20E=s240-c-k-c0x00ffffff-no-rj,UCjcjjOUxGWhGgrHM7kpTjyw,https://www.youtube.com/channel/UCjcjjOUxGWhGgrHM7kpTjyw
CR_YT_0161,Asian Boss,@yt_uc2-_wwp,YouTube,엔터테인먼트,버라이어티,Korea,4010000,561143,9539431,4.5,2.1,18-34,Mixed,8030.0,2,상승,2026-06-06,없음,26,4.2,메가,PPL,2026-06-13,335910,https://yt3.ggpht.com/ytc/AIdro_mp7CGr2toYGm4D5pIEqYZxLaRHDsTvKRTy00w4NSHlY94=s240-c-k-c0x00ffffff-no-rj,UC2-_WWPT_124iN6jiym4fOw,https://www.youtube.com/channel/UC2-_WWPT_124iN6jiym4fOw
CR_YT_0162,총몇명,@yt_ucrusxvu,YouTube,엔터테인먼트,리액션,Korea,4000000,2834728,36851464,8.42,4.2,18-34,Mixed,7891.0,4,유지,2026-01-05,없음,26,4.7,메가,PPL,2026-06-13,999597,https://yt3.ggpht.com/V_QM_CFfVAn_t_vSoUyvpCaWw0Rwj8A2n8hf2w1bZPIO9A0CSqLhEQPsVk4q3MpffX4lH3A6=s240-c-k-c0x00ffffff-no-rj,UCRuSxVu4iqTK5kCh90ntAgA,https://www.youtube.com/channel/UCRuSxVu4iqTK5kCh90ntAgA
CR_YT_0163,Chihun ASMR 치훈,@yt_ucx_7isn,YouTube,푸드,쿠킹,Korea,3970000,1250000,16250000,1.38,3.2,18-34,Mixed,4350.0,4,하락,2026-01-14,없음,6,5.0,메가,먹방협찬,2026-06-13,504761,https://yt3.ggpht.com/ytc/AIdro_l3vd9REZ5beUYHO1uRaX3XDNt-G4mlJRa-rFn2j2JtnYw=s240-c-k-c0x00ffffff-no-rj,UCx_7Isnu10jfrlV7m1Fz06A,https://www.youtube.com/channel/UCx_7Isnu10jfrlV7m1Fz06A
CR_YT_0164,춤추는곰돌의 랜덤댄스,@yt_uclb86cl,YouTube,엔터테인먼트,예능,Korea,3970000,528946,8992082,4.69,4.2,18-34,Mixed,10371.0,20,상승,2026-01-05,없음,29,4.7,메가,브랜디드콘텐츠,2026-06-13,310620,https://yt3.ggpht.com/zbygDob3NfamJXciQjECU5aF6aNc5UwmNVntlZtYAuH5-rNBgd7keAJ95QnQxUyxTpM7pc8r=s240-c-k-c0x00ffffff-no-rj,UCLb86cLe-V30XbnQ8g1L_2A,https://www.youtube.com/channel/UCLb86cLe-V30XbnQ8g1L_2A
CR_YT_0165,흥삼이네 Heungsam's Family,@yt_uc5xuq-x,YouTube,푸드,쿠킹,Korea,3930000,851297,12769455,1.71,4.1,18-34,Mixed,13848.0,8,상승,2026-05-13,없음,37,4.2,메가,먹방협찬,2026-06-13,391419,https://yt3.ggpht.com/InCumZCkHVDzhfUIkEcORWnHdct--WxwrXW_jTcgkWspgLQ9S05pM2B4UMPeZKA58iT8SYuhD2c=s240-c-k-c0x00ffffff-no-rj,UC5XuQ-xiWAB6f-qu6gJMDBQ,https://www.youtube.com/channel/UC5XuQ-xiWAB6f-qu6gJMDBQ
CR_YT_0166,숏박스,@yt_uc1b6sal,YouTube,엔터테인먼트,리액션,Korea,3920000,5924657,65171227,8.48,3.4,18-34,Mixed,7165.0,8,하락,2026-03-09,없음,25,5.0,메가,PPL,2026-06-13,2373581,https://yt3.ggpht.com/zxq1JmbQt6HEzZP2fzSD-wImF4zdxaQ8nYYKf9cdO9DltO0F0KNEbziJkpGqE40fWoyKuEvlGQ=s240-c-k-c0x00ffffff-no-rj,UC1B6SalAoiJD7eHfMUA9QrA,https://www.youtube.com/channel/UC1B6SalAoiJD7eHfMUA9QrA
CR_YT_0167,교광TV,@yt_ucwsfljc,YouTube,푸드,쿠킹,Korea,3870000,1769480,30081160,8.16,2.8,18-34,Mixed,14743.0,4,유지,2026-05-06,없음,19,5.0,메가,먹방협찬,2026-06-13,1041736,https://yt3.ggpht.com/ytc/AIdro_kXezWGFJE2GJXTKxnXXJhnpKOfcB7jNgYqrPQRkmgtO9E=s240-c-k-c0x00ffffff-no-rj,UCwsFLjczPWiiWBS9_cdSQIQ,https://www.youtube.com/channel/UCwsFLjczPWiiWBS9_cdSQIQ
CR_YT_0168,Lime Tube[라임튜브],@yt_ucxutpqf,YouTube,엔터테인먼트,브이로그,Korea,3830000,1155393,15020109,4.98,4.8,18-34,Mixed,8815.0,16,하락,2026-03-30,없음,22,5.0,메가,PPL,2026-06-13,518625,https://yt3.ggpht.com/-kMMf4hTv25R0RTnzlqUBp2NZE0YtvKvbMCZo7or0lAXbFxGgCHD46Sas0YaKkonhw1LEwRsPQ=s240-c-k-c0x00ffffff-no-rj,UCxutPqfWSdYqaK8_tlc5PBA,https://www.youtube.com/channel/UCxutPqfWSdYqaK8_tlc5PBA
CR_YT_0169,반짝반짝 달님이 Dalimi_Animation,@yt_ucxb3qdm,YouTube,엔터테인먼트,브이로그,Korea,3820000,3166666,63333320,2.82,2.9,18-34,Mixed,6914.0,16,유지,2026-02-21,없음,10,5.0,메가,브랜디드콘텐츠,2026-06-13,2666820,https://yt3.ggpht.com/1TgVpk0-g9oZqqLd-JydG8SP79_HAp8s-WZVmk4VPMuic_Vv9-JuTQaMem8zfoH6s4uENjCQpQ=s240-c-k-c0x00ffffff-no-rj,UCXB3QDMncTKZFsGrd11zviw,https://www.youtube.com/channel/UCXB3QDMncTKZFsGrd11zviw
CR_YT_0170,쏴비TV,@yt_ucowaqol,YouTube,게임,게임리뷰,Korea,3780000,1102661,17642576,5.0,2.8,18-34,Male,10213.0,1,하락,2026-01-14,없음,20,4.0,메가,제품리뷰,2026-06-13,523274,https://yt3.ggpht.com/ytc/AIdro_msZgYR30ZkWrTbFeO5ctqNYWkRkbj72UQkELje_FTeiYo=s240-c-k-c0x00ffffff-no-rj,UCowAQOLSsXRHBHsUdvzIbJw,https://www.youtube.com/channel/UCowAQOLSsXRHBHsUdvzIbJw
CR_YT_0171,마샤와 곰,@yt_ucpdp0wl,YouTube,엔터테인먼트,브이로그,Korea,3770000,1209983,10889847,6.24,2.3,18-34,Mixed,8480.0,20,상승,2026-05-03,확인필요,13,3.5,메가,PPL,2026-06-13,359114,https://yt3.ggpht.com/xHruS3K-uBqx5LXNEc1w0nbhx6USJgSXmJIVSDRzZzBd_guzLDpg8A0SdSjLYHxkTTsWWgKVXg=s240-c-k-c0x00ffffff-no-rj,UCPDp0wLWyDx6XVYWRIjI2Kw,https://www.youtube.com/channel/UCPDp0wLWyDx6XVYWRIjI2Kw
CR_YT_0172,imlisarhee,@yt_ucida6ij,YouTube,엔터테인먼트,버라이어티,Korea,3740000,671015,12078270,8.21,3.0,18-34,Mixed,1797.0,16,하락,2026-02-14,없음,8,5.0,메가,브랜디드콘텐츠,2026-06-13,338038,https://yt3.ggpht.com/uWYxBmazq3YM-ozjEos6EM4ZDNIEXDv3w7DPg5OPUp3IpmDqHB07vDfuaE1A-kTLlKe1p511Ag=s240-c-k-c0x00ffffff-no-rj,UCIda6ijXAcziDMH1saI-3dg,https://www.youtube.com/channel/UCIda6ijXAcziDMH1saI-3dg
CR_YT_0173,하이틴에이저 Hi-teenager,@yt_uctcgj6r,YouTube,엔터테인먼트,예능,Korea,3740000,1137675,15927450,1.91,4.8,18-34,Mixed,3202.0,20,유지,2026-03-18,없음,30,4.7,메가,브랜디드콘텐츠,2026-06-13,699518,https://yt3.ggpht.com/ytc/AIdro_loH0zaOsN7b0JAa6OICzkgy8y6g9y6JNmh_dfsFyFRBPI=s240-c-k-c0x00ffffff-no-rj,UCtCgJ6RAwOHQK15FitaLgoQ,https://www.youtube.com/channel/UCtCgJ6RAwOHQK15FitaLgoQ
CR_YT_0174,KARD,@yt_uc5owlwv,YouTube,엔터테인먼트,브이로그,Korea,3730000,831889,14142113,7.93,3.0,18-34,Mixed,13394.0,8,상승,2026-02-19,없음,39,4.2,메가,PPL,2026-06-13,528890,https://yt3.ggpht.com/6ENAj_XAZ9gaHpUOoLzBT8A_UW86xVeGjdF3QDpMSPe7QACz3UnVJn2doNYxKd4ra3sn92PAig=s240-c-k-c0x00ffffff-no-rj,UC5OwlwvsVmf_lXHguB6OYFw,https://www.youtube.com/channel/UC5OwlwvsVmf_lXHguB6OYFw
CR_YT_0175,스튜디오 그냥,@yt_ucmlisra,YouTube,라이프스타일,리뷰,Korea,3700000,2017045,40340900,1.8,3.4,18-34,Mixed,5388.0,4,유지,2026-02-14,확인필요,16,3.5,메가,PPL,2026-06-13,1047320,https://yt3.ggpht.com/UYdeXNDdrZMvYPs5nIW6WRPUW6cNclEyjoTMu4Ehsz5tTTB94CSP6AIvap_oRKeexcNhQmmtmg=s240-c-k-c0x00ffffff-no-rj,UCmLiSrat4HW2k07ahKEJo4w,https://www.youtube.com/channel/UCmLiSrat4HW2k07ahKEJo4w
CR_YT_0176,슈카월드,@yt_ucsj6rub,YouTube,라이프스타일,브이로그,Korea,3680000,697158,11851686,7.68,4.5,18-34,Mixed,10204.0,12,상승,2026-03-24,없음,25,5.0,메가,브랜디드콘텐츠,2026-06-13,513297,https://yt3.ggpht.com/ytc/AIdro_kqf6MgVU6c8LWzVAVqpggLLS4bTxdKe_aiQzM17HsqRhk=s240-c-k-c0x00ffffff-no-rj,UCsJ6RuBiTVWRX156FVbeaGg,https://www.youtube.com/channel/UCsJ6RuBiTVWRX156FVbeaGg
CR_YT_0177,EVANS,@yt_ucui8xdy,YouTube,엔터테인먼트,리액션,Korea,3640000,677,5416,2.38,4.3,18-34,Mixed,8807.0,4,유지,2026-01-16,없음,24,5.0,메가,브랜디드콘텐츠,2026-06-13,159,https://yt3.ggpht.com/y1NzJsdpW91UTkRhgx9brIoUmjn9f1W4qpwKcuNIf7p6k3tPv1r4Dk5CyuEvVxNelImORT5YK-w=s240-c-k-c0x00ffffff-no-rj,UCUI8XDywSfFSYBLqNS79QKQ,https://www.youtube.com/channel/UCUI8XDywSfFSYBLqNS79QKQ
CR_YT_0178,MariAndFriends,@yt_uciah4fx,YouTube,엔터테인먼트,리액션,Korea,3610000,1140939,20536902,2.95,3.2,18-34,Mixed,9761.0,12,유지,2026-02-26,없음,24,5.0,메가,브랜디드콘텐츠,2026-06-13,535847,https://yt3.ggpht.com/ytc/AIdro_l31ArvdM4fLWNO_tWujZ8pt5vV4Y5lO-Ugr3Ejrn4pjp6l=s240-c-k-c0x00ffffff-no-rj,UCIAH4FXl2DQ4HmLupsyFiug,https://www.youtube.com/channel/UCIAH4FXl2DQ4HmLupsyFiug
CR_YT_0179,WildBrain 어린이,@yt_uc4qwdbn,YouTube,교육,정보,Korea,3610000,435848,4358480,4.14,5.0,13-17,Mixed,13736.0,4,하락,2026-03-05,없음,31,4.7,메가,제품리뷰,2026-06-13,150327,https://yt3.ggpht.com/9kUGq_f8VBVkALoOXNzJfDh9E4VjhBM-4EqYVVnxGOviJKZPgvJovzqWsL0aY698gUY2RIZ7=s240-c-k-c0x00ffffff-no-rj,UC4qWDBnr9u2Ko7OGmELwv0A,https://www.youtube.com/channel/UC4qWDBnr9u2Ko7OGmELwv0A
CR_YT_0180,shorts toon,@yt_uctnm5qz,YouTube,게임,게임리뷰,Korea,3610000,1165048,20970864,7.49,2.2,18-34,Male,1632.0,8,하락,2026-05-21,없음,38,4.2,메가,제품리뷰,2026-06-13,858629,https://yt3.ggpht.com/ypZIfRCIyIuWPquGybuhlLTH61LyMjhuQUEJ0FJre_dHsv5e5cmkp1ItLjO-zHaTtSyMNsSY6A=s240-c-k-c0x00ffffff-no-rj,UCtnm5qzqOUbTh9Irs4JO6rQ,https://www.youtube.com/channel/UCtnm5qzqOUbTh9Irs4JO6rQ
CR_YT_0181,1분 이벤트,@yt_ucz4-6zx,YouTube,라이프스타일,일상,Korea,3590000,0,0,1.7,3.0,18-34,Mixed,3478.0,12,하락,2026-05-11,없음,33,3.9,메가,PPL,2026-06-13,0,https://yt3.ggpht.com/al5Gcpw693O8zmO0JiUDMnYO7Z3ZCjRmJJndOJw7mnc8PmH_zTkpq10t5T5QmP38fSfvmZZ9AA=s240-c-k-c0x00ffffff-no-rj,UCz4-6zXlVPkDnUuSlEUfG6w,https://www.youtube.com/channel/UCz4-6zXlVPkDnUuSlEUfG6w
CR_YT_0182,만두민 ManDooMiN,@yt_uc3dysay,YouTube,게임,e스포츠,Korea,3540000,435845,6537675,4.13,3.5,18-34,Male,10255.0,8,유지,2026-04-12,없음,8,5.0,메가,제품리뷰,2026-06-13,275908,https://yt3.ggpht.com/6kMvgpfTOrxHB3m72-zw-jN49ZNqN7q3CFhXr47pwBLfg45T-2-xtyvkGWWE-JnccPY4-RzhnYY=s240-c-k-c0x00ffffff-no-rj,UC3DYSay178fMMPaf3zHwECA,https://www.youtube.com/channel/UC3DYSay178fMMPaf3zHwECA
CR_YT_0183,AKMU,@yt_ucicxk1c,YouTube,엔터테인먼트,예능,Korea,3540000,6403508,76842096,6.47,3.7,18-34,Mixed,1425.0,1,상승,2026-01-09,없음,32,3.7,메가,PPL,2026-06-13,3256868,https://yt3.ggpht.com/HQAdEBGy5ckY50VSIWTMgkruPbRpiqgFjxmiPMey5_B10iVma1fEL52wcNcRgxnPqtJb0V7q=s240-c-k-c0x00ffffff-no-rj,UCIcXK1CI8URMIqNO_1cehiQ,https://www.youtube.com/channel/UCIcXK1CI8URMIqNO_1cehiQ
CR_YT_0184,WUZU clay,@yt_uc5y_hpf,YouTube,게임,게임플레이,Korea,3530000,9634146,115609752,6.65,4.3,18-34,Male,13424.0,16,유지,2026-01-21,없음,31,4.7,메가,스폰서십,2026-06-13,3800504,https://yt3.ggpht.com/ytc/AIdro_lxy-oSEsJD3m9EelAIMI3JwhNj2QakKC8-48Jc2UW8Lw=s240-c-k-c0x00ffffff-no-rj,UC5y_hpfH1ChKcKx7wUEM2cg,https://www.youtube.com/channel/UC5y_hpfH1ChKcKx7wUEM2cg
CR_YT_0185,TVCHOSUN - TV조선,@yt_ucuw1hxb,YouTube,엔터테인먼트,버라이어티,Korea,3520000,53846,969228,7.5,2.4,18-34,Mixed,14896.0,20,유지,2026-01-01,없음,27,4.7,메가,브랜디드콘텐츠,2026-06-13,44419,https://yt3.ggpht.com/ytc/AIdro_nT0Nz_dmWKaYmqLZXDTQgC7H-yaiL7HNvuC3QOzrE3_yI=s240-c-k-c0x00ffffff-no-rj,UCuw1hxBo5mDVUhgMzRDk3aw,https://www.youtube.com/channel/UCuw1hxBo5mDVUhgMzRDk3aw
CR_YT_0186,범석TV,@yt_ucz1gc37,YouTube,게임,게임플레이,Korea,3520000,1222320,24446400,2.89,4.0,18-34,Male,12439.0,12,상승,2026-02-09,없음,32,4.7,메가,스폰서십,2026-06-13,583384,https://yt3.ggpht.com/ytc/AIdro_mwBsROmuCluMzF4GgT8J_Q79Zy4GDQHt-UhgUBbcEXsp4=s240-c-k-c0x00ffffff-no-rj,UCz1Gc37nWsdF_jbJ_SvMl4g,https://www.youtube.com/channel/UCz1Gc37nWsdF_jbJ_SvMl4g
CR_YT_0187,쿠킹하루 Cooking Haru :),@yt_ucc8btxy,YouTube,푸드,레시피,Korea,3520000,1183431,14201172,7.5,4.3,18-34,Mixed,14075.0,1,상승,2026-01-18,없음,31,3.7,메가,먹방협찬,2026-06-13,393815,https://yt3.ggpht.com/3J12QjbumMzWm5iw8MC10tAWy3JDeogbgssyQOAOmprRUyRboC3vbttO7k0Si-xNCnYAohnKFLE=s240-c-k-c0x00ffffff-no-rj,UCC8bTxyN2ZCfMzS_JAEClfA,https://www.youtube.com/channel/UCC8bTxyN2ZCfMzS_JAEClfA
CR_YT_0188,LIFEHACK EX,@yt_ucqf04v-,YouTube,라이프스타일,브이로그,Korea,3510000,3197026,28773234,4.07,4.0,18-34,Mixed,1141.0,20,유지,2026-01-15,없음,8,5.0,메가,PPL,2026-06-13,1070134,https://yt3.ggpht.com/JJsal4W___MenAFuYKjOep7DwJRdOSVW8Wurd76VOA1qcFI7BQKXbUXn33SwgDJEKSUOZ_itGw=s240-c-k-c0x00ffffff-no-rj,UCqf04V-NoZKf0G_1R4sGVTA,https://www.youtube.com/channel/UCqf04V-NoZKf0G_1R4sGVTA
CR_YT_0189,Serena Art,@yt_uc7ge2l3,YouTube,교육,스터디,Korea,3500000,433333,4333330,2.81,4.4,25-44,Mixed,11702.0,16,유지,2026-02-06,없음,25,5.0,메가,스폰서십,2026-06-13,152060,https://yt3.ggpht.com/XjgCd4ZQBbDZVGTE13x9PvJcPyJyG470QLsO8_ARSS9LSop4wfAqPh5HiXa607levyts3X_Pqx0=s240-c-k-c0x00ffffff-no-rj,UC7ge2l3B_-qraQ6eXkdGepw,https://www.youtube.com/channel/UC7ge2l3B_-qraQ6eXkdGepw
CR_YT_0190,애정 Aejeong,@yt_ucjdducb,YouTube,엔터테인먼트,예능,Korea,3470000,651021,11718378,3.81,2.8,18-34,Mixed,6694.0,12,유지,2026-04-08,없음,16,5.0,메가,PPL,2026-06-13,415953,https://yt3.ggpht.com/CzNuW7lZVOXIsMzZMo8AU_89R9M1AjPdHz9RRv3nL3ReP-oSA0h7kc4haKyTYbQ9xRIs_NxO7bc=s240-c-k-c0x00ffffff-no-rj,UCJDDUcBtJYT1yRX9pR4Q0ug,https://www.youtube.com/channel/UCJDDUcBtJYT1yRX9pR4Q0ug
CR_YT_0191,LsCraft,@yt_uc4qw1ue,YouTube,게임,게임리뷰,Korea,3470000,3611111,72222220,6.07,3.2,18-34,Male,8300.0,4,상승,2026-02-06,없음,29,4.7,메가,스폰서십,2026-06-13,2569002,https://yt3.ggpht.com/jH4JbsuaIs5OSUxrdPXyK5VzKyINYbM5L8pzo6dyvRq8iqh0rNpbxTmgH1ey89c_thGw3J_ECg=s240-c-k-c0x00ffffff-no-rj,UC4Qw1uE9kwUI4cCAx9HZtxw,https://www.youtube.com/channel/UC4Qw1uE9kwUI4cCAx9HZtxw
CR_YT_0192,키에커,@yt_uc6u3fos,YouTube,엔터테인먼트,버라이어티,Korea,3450000,2975077,59501540,0.96,3.2,18-34,Mixed,6132.0,8,유지,2026-01-21,없음,40,4.2,메가,PPL,2026-06-13,2031219,https://yt3.ggpht.com/ep8VGSqj8gdcxn8tJm6QfZO7R6qTHAZEChEX5aTA_KlnLIiiXgx2XA-xZcLK0kxassR2MeMH=s240-c-k-c0x00ffffff-no-rj,UC6u3fosnyufBiUiS3w609zw,https://www.youtube.com/channel/UC6u3fosnyufBiUiS3w609zw
CR_YT_0193,장삐쭈,@yt_uchbe5oz,YouTube,엔터테인먼트,예능,Korea,3410000,3809523,57142845,1.24,4.2,18-34,Mixed,10268.0,2,하락,2026-02-18,없음,8,4.5,메가,브랜디드콘텐츠,2026-06-13,2462843,https://yt3.ggpht.com/ytc/AIdro_ljD6suYfAJ9goPXll3zn7a3f5uS437vD7YITHGrCcV6W4=s240-c-k-c0x00ffffff-no-rj,UChbE5OZQ6dRHECsX0tEPEZQ,https://www.youtube.com/channel/UChbE5OZQ6dRHECsX0tEPEZQ
CR_YT_0194,대생이,@yt_uche5nza,YouTube,엔터테인먼트,버라이어티,Korea,3400000,1298046,25960920,6.29,3.7,18-34,Mixed,5328.0,8,상승,2026-01-31,없음,18,5.0,메가,브랜디드콘텐츠,2026-06-13,1067156,https://yt3.ggpht.com/dtFaBv5_R-H5RkVA7wwK6cpYAGMvrnbm613OdCDm_AklVeeEfAz_Qw49xzHw946c4_Oh9FczhQ=s240-c-k-c0x00ffffff-no-rj,UChE5nZAIhWS5vYTRjsUgRpQ,https://www.youtube.com/channel/UChE5nZAIhWS5vYTRjsUgRpQ
CR_YT_0195,odg,@yt_ucpjm6r2,YouTube,엔터테인먼트,리액션,Korea,3380000,2216867,42120473,4.33,2.7,18-34,Mixed,3970.0,12,유지,2026-04-30,없음,18,5.0,메가,PPL,2026-06-13,1965201,https://yt3.ggpht.com/ytc/AIdro_lq6QgMwZmUNt8pBWuZGz7J8uS_Yex8kJCharhOdcmlCUo=s240-c-k-c0x00ffffff-no-rj,UCpjm6R2yqu1GZjYtsIiXR5w,https://www.youtube.com/channel/UCpjm6R2yqu1GZjYtsIiXR5w
CR_YT_0196,런닝맨 - 스브스 공식 채널,@yt_ucakod3x,YouTube,엔터테인먼트,리액션,Korea,3350000,104561,1672976,2.97,3.1,18-34,Mixed,14729.0,8,유지,2026-04-05,없음,34,4.7,메가,브랜디드콘텐츠,2026-06-13,64359,https://yt3.ggpht.com/i65n-GTDxPk3WKIxvYpSu_ntoz-RZxwWXIaXEdTwbuZNmh7JI9fTKm1Zn7K69ssrseZ4wNL0pAQ=s240-c-k-c0x00ffffff-no-rj,UCaKod3X1Tn4c7Ci0iUKcvzQ,https://www.youtube.com/channel/UCaKod3X1Tn4c7Ci0iUKcvzQ
CR_YT_0197,HIU English 하이유 잉글리시,@yt_ucmpuf80,YouTube,교육,정보,Korea,3330000,1160275,15083575,5.0,2.7,25-44,Mixed,14054.0,2,하락,2026-03-17,없음,6,4.5,메가,스폰서십,2026-06-13,497632,https://yt3.ggpht.com/VKBQkaBCDUZ0LqxhYT2ajvLreG7bWya2rFiSkih1gE-U3Hv3J1PZ2iYjEwTj4imlhSMehVkJUg=s240-c-k-c0x00ffffff-no-rj,UCMpuf80FwKLHrELwDXqZH4w,https://www.youtube.com/channel/UCMpuf80FwKLHrELwDXqZH4w
CR_YT_0198,디글 클래식 :Diggle Classic,@yt_ucrma_nb,YouTube,엔터테인먼트,리액션,Korea,3310000,149452,1494520,2.34,3.7,18-34,Mixed,14180.0,2,유지,2026-05-06,없음,36,3.7,메가,PPL,2026-06-13,41713,https://yt3.ggpht.com/14-LcU9z8YjX-JKFBhqOK0H2SzJupGEJxtZwHmLXtbcpQQ1-YehNxiWim8SoLCDFEv6j2I-w=s240-c-k-c0x00ffffff-no-rj,UCRMA_Nb5VF-YoWApSVeXPVA,https://www.youtube.com/channel/UCRMA_Nb5VF-YoWApSVeXPVA
CR_YT_0199,유디티TV,@yt_uc0zqpsq,YouTube,여행,여행브이로그,Korea,3310000,562640,8439600,6.86,2.5,25-44,Mixed,13795.0,16,하락,2026-01-20,없음,39,4.2,메가,스폰서십,2026-06-13,230053,https://yt3.ggpht.com/ytc/AIdro_mbxUJl6XQp1KJmGuWtCGi8Am-sq6HNkGJU7Vs7oDz-xr4=s240-c-k-c0x00ffffff-no-rj,UC0ZqpSq-OIpOITZ7U16-Xeg,https://www.youtube.com/channel/UC0ZqpSq-OIpOITZ7U16-Xeg
CR_YT_0200,AZ 3AM STORIES,@yt_ucbsayex,YouTube,게임,e스포츠,Korea,3310000,1525704,27462672,0.55,2.4,18-34,Male,2690.0,16,상승,2026-04-06,확인필요,19,3.5,메가,스폰서십,2026-06-13,671883,https://yt3.ggpht.com/3jUfuGfC1OgwNaTjx6-Kp-ggIfgdd3--DEeAS0g6cTMxfie9jWtYJQJD3DcioG12N5e27EoP=s240-c-k-c0x00ffffff-no-rj,UCbSayeX-J8QlVTxi-zyuHpg,https://www.youtube.com/channel/UCbSayeX-J8QlVTxi-zyuHpg
CR_YT_0201,고누리,@yt_ucs0p4gr,YouTube,엔터테인먼트,예능,Korea,3290000,2124756,16998048,5.83,3.8,18-34,Mixed,8217.0,8,유지,2026-05-16,확인필요,36,2.7,메가,브랜디드콘텐츠,2026-06-13,641667,https://yt3.ggpht.com/Ah40-jjuxkgc6FTTWz5EB-th_NwsTQXquGmGx7c8G13_FBMgiNTkDkLjq6_CUM5OTrHsdn2B=s240-c-k-c0x00ffffff-no-rj,UCs0P4GrXEumyYn-d8ASrGlA,https://www.youtube.com/channel/UCs0P4GrXEumyYn-d8ASrGlA
CR_YT_0202,한대표,@yt_uckwwuqt,YouTube,교육,스터디,Korea,3280000,44884,852796,8.32,2.1,25-44,Mixed,13692.0,20,상승,2026-03-03,없음,32,4.7,메가,제품리뷰,2026-06-13,25365,https://yt3.ggpht.com/nn8ckF7A-NDtYpogsyKxgyjnYAsjVlaNAryMEdwgCYYi59owbMDA1YlwJlgHg7hK7vZT1Akv6w=s240-c-k-c0x00ffffff-no-rj,UCkWwuQT4J0tHKbF92ssbLHg,https://www.youtube.com/channel/UCkWwuQT4J0tHKbF92ssbLHg
CR_YT_0203,럭키강이 LuckyKang i,@yt_ucdhia4d,YouTube,게임,e스포츠,Korea,3260000,1050314,11553454,2.52,3.1,18-34,Male,14410.0,20,유지,2026-02-27,확인필요,30,3.2,메가,제품리뷰,2026-06-13,436661,https://yt3.ggpht.com/ytc/AIdro_kVNmboNDJkGR7l1JBGHY4ZvWCCxH7-dzdwlPogpUVO_7s=s240-c-k-c0x00ffffff-no-rj,UCDHIA4d_e4SOrODpU7nrVtA,https://www.youtube.com/channel/UCDHIA4d_e4SOrODpU7nrVtA
CR_YT_0204,TV Man Sho,@yt_ucdv5mgp,YouTube,엔터테인먼트,브이로그,Korea,3260000,1633587,19603044,7.28,4.0,18-34,Mixed,5999.0,20,하락,2026-06-13,없음,7,5.0,메가,브랜디드콘텐츠,2026-06-13,770287,https://yt3.ggpht.com/DcqczR9TNnQC_7UhdoXYO262_zeQNtnMWrTOFGj71v1iW4RgoQ6GFJAyNs1f6pqYmtQXMLW_AFE=s240-c-k-c0x00ffffff-no-rj,UCDv5MGPqEPhcZ9n-oJ36-AA,https://www.youtube.com/channel/UCDv5MGPqEPhcZ9n-oJ36-AA
CR_YT_0205,솔라시도 solarsido,@yt_ucnx0txi,YouTube,엔터테인먼트,예능,Korea,3240000,375426,3003408,1.16,4.5,18-34,Mixed,12940.0,16,상승,2026-02-24,없음,26,4.7,메가,브랜디드콘텐츠,2026-06-13,119334,https://yt3.ggpht.com/zzwpqO-L9MCphvNQ63TdGFaQ4jUQA-p_N1sTY59ZJFEQ_1rCFNbqx0U53Fu2rLu-F15yQy-z=s240-c-k-c0x00ffffff-no-rj,UCNx0TXIuGVEA_TWB5H2I6Lg,https://www.youtube.com/channel/UCNx0TXIuGVEA_TWB5H2I6Lg
CR_YT_0206,KQ ENTERTAINMENT,@yt_ucqdq-lq,YouTube,엔터테인먼트,버라이어티,Korea,3230000,2875816,54640504,4.3,2.1,18-34,Mixed,8671.0,1,상승,2026-01-05,없음,22,4.0,메가,PPL,2026-06-13,2406528,https://yt3.ggpht.com/ytc/AIdro_kFNDCSeA1f1TqRecSGEBgUIm_7SgADZBJpcwazGO-mnVg=s240-c-k-c0x00ffffff-no-rj,UCQdq-lqPEq_yZ_wP_kuVB9Q,https://www.youtube.com/channel/UCQdq-lqPEq_yZ_wP_kuVB9Q
CR_YT_0207,MIZI,@yt_ucq2vugz,YouTube,뷰티,스킨케어,Korea,3230000,1206030,13266330,6.52,4.1,18-34,Female,8677.0,8,하락,2026-04-09,없음,9,5.0,메가,PPL,2026-06-13,491263,https://yt3.ggpht.com/ytc/AIdro_lvnrjMrSK807BhSr52h2_7hPYhEPbTo0yykKhnvL5CDjU=s240-c-k-c0x00ffffff-no-rj,UCQ2vUGzZrLpUBqsmsL_5EIQ,https://www.youtube.com/channel/UCQ2vUGzZrLpUBqsmsL_5EIQ
CR_YT_0208,키융 Keeyong,@yt_ucbxqdpi,YouTube,엔터테인먼트,브이로그,Korea,3220000,2491039,49820780,6.82,4.1,18-34,Mixed,5515.0,1,상승,2026-01-20,없음,37,3.2,메가,브랜디드콘텐츠,2026-06-13,2022427,https://yt3.ggpht.com/0-IStZokhmhfWiZ8UlhVrZWE0mmaM_wGtw8l0rrfKnozKc9DA0zmOAYlGpKaTQB6SO9My56B3aU=s240-c-k-c0x00ffffff-no-rj,UCBxqdpITZJ_n_QImRwsDm6g,https://www.youtube.com/channel/UCBxqdpITZJ_n_QImRwsDm6g
CR_YT_0209,먹스나Muk Sna,@yt_uc6acln1,YouTube,푸드,먹방,Korea,3210000,1855799,24125387,5.41,3.8,18-34,Mixed,4463.0,20,유지,2026-04-02,확인필요,25,3.5,메가,먹방협찬,2026-06-13,903590,https://yt3.ggpht.com/vfUviDYGbgsMjTGFEpyOlfyrtwhYl1m8jJSb2peJl-XdotsxjzuU3jhprLsf54u5iW01Sr4P0Q=s240-c-k-c0x00ffffff-no-rj,UC6AClN1yUYmZxQxV4c3TXDw,https://www.youtube.com/channel/UC6AClN1yUYmZxQxV4c3TXDw
CR_YT_0210,짤툰,@yt_ucszfjh7,YouTube,엔터테인먼트,예능,Korea,3210000,1514882,24238112,3.95,4.0,18-34,Mixed,9470.0,16,상승,2026-03-10,없음,29,4.7,메가,브랜디드콘텐츠,2026-06-13,1097824,https://yt3.ggpht.com/pEePhS-qkuGc6H_6Y8eRoJWCqDLdzBORFarY-ChLI0ipDBvkomHNaJXoQOF_rDm9dsyHRDtd=s240-c-k-c0x00ffffff-no-rj,UCszFjh7CEfwDb7UUGb4RzCQ,https://www.youtube.com/channel/UCszFjh7CEfwDb7UUGb4RzCQ
CR_YT_0211,Zorip - Nursery Rhymes,@yt_uc-yr_cc,YouTube,교육,강의,Korea,3200000,47200000,472000000,6.77,2.5,25-44,Mixed,1827.0,8,유지,2026-03-11,없음,25,5.0,메가,스폰서십,2026-06-13,15198399,https://yt3.ggpht.com/ytc/AIdro_kDkrkgkCKPqaxVjYM4Gi6TIihWBCcKKdo4rjem9WY5Fw=s240-c-k-c0x00ffffff-no-rj,UC-YR_CCd3w5R9AUopxebsAw,https://www.youtube.com/channel/UC-YR_CCd3w5R9AUopxebsAw
CR_YT_0212,Thankyou BUBU,@yt_ucpg89ys,YouTube,뷰티,뷰티리뷰,Korea,3190000,4470588,40235292,2.0,3.3,18-34,Female,881.0,12,유지,2026-06-02,없음,37,4.2,메가,제품리뷰,2026-06-13,1063224,https://yt3.ggpht.com/WtkfOQ9Qw5ZpCWroWHbuBFTD2l0bBYoGpChNgf-NhuD4-ax6w_Rwp87w-GgTDLEWCN9TvLfO=s240-c-k-c0x00ffffff-no-rj,UCpg89Ys3E4BaLGgEEWVmI9g,https://www.youtube.com/channel/UCpg89Ys3E4BaLGgEEWVmI9g
CR_YT_0213,뜬뜬 DdeunDdeun,@yt_ucdnvrzr,YouTube,푸드,레시피,Korea,3160000,2518703,42817951,7.41,2.0,18-34,Mixed,11010.0,8,하락,2026-04-08,없음,29,4.7,메가,먹방협찬,2026-06-13,1782806,https://yt3.ggpht.com/D0eRDrxMc6Yu0AZSQobnV21TwXPPUo9GWk4a5RunYUXpjyLqJdqw-WNeEZ1RjVfH39TeHr37ng=s240-c-k-c0x00ffffff-no-rj,UCDNvRZRgvkBTUkQzFoT_8rA,https://www.youtube.com/channel/UCDNvRZRgvkBTUkQzFoT_8rA
CR_YT_0214,침착맨,@yt_ucuj6rrh,YouTube,엔터테인먼트,예능,Korea,3150000,746585,7465850,2.91,3.5,18-34,Mixed,6606.0,1,유지,2026-03-06,없음,15,4.0,메가,PPL,2026-06-13,198389,https://yt3.ggpht.com/Vaomx_a8Qs9bDHS09zsQBB8BG5rY3LWnvb0zcK4oqThz7oT4PCeZQYyMSsQLGh8pmAwlVAmYew=s240-c-k-c0x00ffffff-no-rj,UCUj6rrhMTR9pipbAWBAMvUQ,https://www.youtube.com/channel/UCUj6rrhMTR9pipbAWBAMvUQ
CR_YT_0215,김종국 GYM JONG KOOK,@yt_ucoe-0ev,YouTube,피트니스,다이어트,Korea,3150000,1101321,12114531,4.47,3.9,25-44,Mixed,598.0,8,유지,2026-03-26,없음,11,5.0,메가,PPL,2026-06-13,486450,https://yt3.ggpht.com/dQpGedX7jQIIQ-BJcj3dGroHLb_cY5Mx8bDvmyD-oJO5_NQkR6W5OlsCuqmNrWh3cGq3KvyxmYA=s240-c-k-c0x00ffffff-no-rj,UCoe-0EVDJnjlSoPK8ygcGwQ,https://www.youtube.com/channel/UCoe-0EVDJnjlSoPK8ygcGwQ
CR_YT_0216,Netflix Korea 넷플릭스 코리아,@yt_ucieef51,YouTube,게임,게임플레이,Korea,3130000,324847,4872705,7.02,4.6,18-34,Male,9247.0,12,상승,2026-02-15,없음,13,5.0,메가,스폰서십,2026-06-13,151754,https://yt3.ggpht.com/A_FS30pNKvIuf79LJSRUzPRaDGOsKUmWw9lWYBSY6v2RyalL2hSjtgv4IV2R39CEOreM8A2Vcw=s240-c-k-c0x00ffffff-no-rj,UCiEEF51uRAeZeCo8CJFhGWw,https://www.youtube.com/channel/UCiEEF51uRAeZeCo8CJFhGWw
CR_YT_0217,"토닥토닥 꼬모 - 애니메이션, 동요, 놀이",@yt_ucvvke1b,YouTube,교육,강의,Korea,3100000,2082670,29157380,2.83,4.1,25-44,Mixed,4564.0,8,유지,2026-05-25,없음,20,5.0,메가,제품리뷰,2026-06-13,1339400,https://yt3.ggpht.com/l8CfHUvSTXD3LA1BcmXK6mqMkExF0T_-tIIPheCz4ZK1vTlPdKXERNzw-Ntd9JG2-Acem8pXbQ=s240-c-k-c0x00ffffff-no-rj,UCVvke1BdYuZc7DYIAyDSQHQ,https://www.youtube.com/channel/UCVvke1BdYuZc7DYIAyDSQHQ
CR_YT_0218,MOOMOO STUDIO [무무 스튜디오],@yt_ucsqouvc,YouTube,푸드,먹방,Korea,3070000,10813953,118953483,4.87,4.0,18-34,Mixed,7194.0,12,상승,2026-01-18,없음,6,5.0,메가,제품리뷰,2026-06-13,4419355,https://yt3.ggpht.com/G5iXGSCTdDRSyzRafX3tePd2BHzG71GAIFFb1AoNjVrWu6wfL6mH6HlxLD1FRfMTv-A8YPk6VA=s240-c-k-c0x00ffffff-no-rj,UCSQOuvC3XoPbJcb_JeiGOUg,https://www.youtube.com/channel/UCSQOuvC3XoPbJcb_JeiGOUg
CR_YT_0219,1분요리 뚝딱이형,@yt_uc0htusw,YouTube,푸드,먹방,Korea,3050000,887931,17758620,5.88,2.4,18-34,Mixed,2735.0,4,유지,2026-04-25,없음,20,5.0,메가,먹방협찬,2026-06-13,743809,https://yt3.ggpht.com/MHTy5jXZQPwKwrGtAV-gLL6ei9YTOgR8Z6GESkhAAIz0kkG4d6B6vu6CUPNNsLOzqcGxGfBK=s240-c-k-c0x00ffffff-no-rj,UC0htUSwcxfSGNfK_5Q28JkA,https://www.youtube.com/channel/UC0htUSwcxfSGNfK_5Q28JkA
CR_YT_0220,흔한남매,@yt_ucu8uafr,YouTube,푸드,쿠킹,Korea,3030000,2589665,44024305,3.71,3.5,18-34,Mixed,11965.0,20,유지,2026-01-28,없음,31,4.7,메가,먹방협찬,2026-06-13,1519519,https://yt3.ggpht.com/_WCYQXmq0g5rrEFvs8yIeI4oHd96ctb-vZIhr0EYPM_lLzOo7FwzAwfGll6BEZ8JXF-DVceV=s240-c-k-c0x00ffffff-no-rj,UCU8uafr_iROxRVI6c23Q_bA,https://www.youtube.com/channel/UCU8uafr_iROxRVI6c23Q_bA
CR_YT_0221,겜브링 GGAM BRING,@yt_ucsoejwy,YouTube,게임,게임플레이,Korea,3010000,819231,16384620,5.82,2.5,18-34,Male,9853.0,12,유지,2026-01-28,없음,7,5.0,메가,스폰서십,2026-06-13,477208,https://yt3.ggpht.com/ptOAUiQpKHycMoGhho-lv8u-rGJxScf84JOlmnpV4r-X5drLKXJnZOJQ_NrbipLymvUcII9K=s240-c-k-c0x00ffffff-no-rj,UCSOeJWyByeoBHpmrm0NnlLw,https://www.youtube.com/channel/UCSOeJWyByeoBHpmrm0NnlLw
CR_YT_0222,지현꿍,@yt_ucyg7zav,YouTube,라이프스타일,리뷰,Korea,3000000,1592920,12743360,2.28,4.2,18-34,Mixed,6171.0,12,하락,2026-03-30,없음,19,5.0,메가,PPL,2026-06-13,326665,https://yt3.ggpht.com/ytc/AIdro_mCi8Gu1erATq_rGi8fA1CytkiLVXIXDl36V8ZEezChiw=s240-c-k-c0x00ffffff-no-rj,UCyG7zAV_2JlPnxhwDxZN6sA,https://www.youtube.com/channel/UCyG7zAV_2JlPnxhwDxZN6sA
CR_YT_0223,GIRLS' GENERATION,@yt_ucpenyth,YouTube,엔터테인먼트,리액션,Korea,3000000,5866666,46933328,2.86,4.8,18-34,Mixed,11087.0,1,유지,2026-04-27,없음,12,4.0,메가,PPL,2026-06-13,1623798,https://yt3.ggpht.com/VqPhXglcZqqrNISKpJ1IFdSHBziGBVkEAy0PPuHeJJ0TqGL9hQBzZlccEsYytxQj_HPJAtJSnIg=s240-c-k-c0x00ffffff-no-rj,UCPENYtHg4Xhmm6oX8zaQA7Q,https://www.youtube.com/channel/UCPENYtHg4Xhmm6oX8zaQA7Q
CR_YT_0224,피지컬갤러리,@yt_ucdtracd,YouTube,피트니스,운동,Korea,2990000,1034482,20689640,4.36,3.4,25-44,Mixed,4854.0,8,상승,2026-01-28,없음,33,4.7,메가,PPL,2026-06-13,582625,https://yt3.ggpht.com/ytc/AIdro_np_t2ohZ3EtGivS1pR8DBYlZEXe-5sI4NmJH7sq9Jylko=s240-c-k-c0x00ffffff-no-rj,UCdtRAcd3L_UpV4tMXCw63NQ,https://www.youtube.com/channel/UCdtRAcd3L_UpV4tMXCw63NQ
CR_YT_0225,FRAN,@yt_uc8krugu,YouTube,라이프스타일,일상,Korea,2980000,632630,11387340,7.94,4.2,18-34,Mixed,5299.0,12,유지,2026-04-14,없음,16,5.0,메가,PPL,2026-06-13,478281,https://yt3.ggpht.com/ytc/AIdro_moMAmMz84aNc0KqUxynR0h8gwHe0pyEDaQJAF6zV_U2ao=s240-c-k-c0x00ffffff-no-rj,UC8kRUGUkq_sTGuKNR1l6Rrw,https://www.youtube.com/channel/UC8kRUGUkq_sTGuKNR1l6Rrw
CR_YT_0226,혜안,@yt_uc8cim3d,YouTube,게임,e스포츠,Korea,2970000,1215726,21883068,5.62,3.3,18-34,Male,6729.0,1,상승,2026-02-22,없음,17,4.0,메가,제품리뷰,2026-06-13,604786,https://yt3.ggpht.com/f7NJo7bEkaGaTeGFkEveKC9aC52HCvaDa6li7v3x_sDdAguKnt880AiF30qB0s_PqSwlTJc4Mg=s240-c-k-c0x00ffffff-no-rj,UC8CIM3d3zDYMk-3T5aAz0yw,https://www.youtube.com/channel/UC8CIM3d3zDYMk-3T5aAz0yw
CR_YT_0227,EBSCulture (EBS 교양),@yt_ucl_tb4a,YouTube,엔터테인먼트,예능,Korea,2960000,43500,522000,6.97,2.2,18-34,Mixed,5227.0,1,유지,2026-05-06,없음,39,3.2,메가,PPL,2026-06-13,21343,https://yt3.ggpht.com/ytc/AIdro_nRo84wHIX9NhlqcW4f8Z4XptXjuHQD-xp3U_Dibgvxpn4=s240-c-k-c0x00ffffff-no-rj,UCl_tB4AqPkkxuYcJQHz6dMw,https://www.youtube.com/channel/UCl_tB4AqPkkxuYcJQHz6dMw
CR_YT_0228,감스트GAMST,@yt_ucbfzvzd,YouTube,엔터테인먼트,버라이어티,Korea,2950000,508215,8131440,3.01,3.2,18-34,Mixed,12760.0,8,하락,2026-06-07,없음,12,5.0,메가,PPL,2026-06-13,373000,https://yt3.ggpht.com/rELiEJEE17me3IkoI2bJFFdMssJ4gPnnNMyUbhj4sHcHdPkm_jeP_tpmMhzSGlo0epoT0R0ZUg=s240-c-k-c0x00ffffff-no-rj,UCbFzvzDu17eDZ3RIeaLRswQ,https://www.youtube.com/channel/UCbFzvzDu17eDZ3RIeaLRswQ
CR_YT_0229,엠뚜루마뚜루 : MBC 공식 종합 채널,@yt_uciwqrg2,YouTube,엔터테인먼트,브이로그,Korea,2940000,453333,7706661,1.57,2.4,18-34,Mixed,10555.0,4,하락,2026-06-02,없음,12,5.0,메가,PPL,2026-06-13,195062,https://yt3.ggpht.com/MOCHJkzAVOzxS9zhGaywJzPK-bSP7xSkJMdWgJdmDnuIRhxS2HA5OKf6jOcHeu4U7rTdZWLO9Q=s240-c-k-c0x00ffffff-no-rj,UCiwQRG2sCcfjKkgxMEdJGPg,https://www.youtube.com/channel/UCiwQRG2sCcfjKkgxMEdJGPg
CR_YT_0230,MBN Entertainment,@yt_ucyylilo,YouTube,라이프스타일,브이로그,Korea,2920000,30833,308330,3.88,3.5,18-34,Mixed,7600.0,12,상승,2026-04-26,없음,16,5.0,메가,브랜디드콘텐츠,2026-06-13,11329,https://yt3.ggpht.com/bhOSzFv7m__nY8l1piCDgaC-rcqe5PhCja1k4Dv5fKdfkRB554aRHzgkUvD5mNNnN0HfYaujRg=s240-c-k-c0x00ffffff-no-rj,UCYyLIlOJyqkAFKlVjzX5img,https://www.youtube.com/channel/UCYyLIlOJyqkAFKlVjzX5img
CR_YT_0231,MOYAM,@yt_ucrchorc,YouTube,엔터테인먼트,브이로그,Korea,2910000,5263157,89473669,3.37,2.0,18-34,Mixed,14476.0,2,하락,2026-05-06,없음,17,4.5,메가,PPL,2026-06-13,2199644,https://yt3.ggpht.com/Y3zQMx2lKrJ7wYF181n-v8axOyeTgODGx_HPNyNeMhMyL21fNo1Z3_o8_iDXM-z8Luon8jryPw=s240-c-k-c0x00ffffff-no-rj,UCrChOrc63UWbLmL--wXvTvw,https://www.youtube.com/channel/UCrChOrc63UWbLmL--wXvTvw
CR_YT_0232,THE K-POP,@yt_ucorxpcv,YouTube,엔터테인먼트,리액션,Korea,2900000,62380,873320,4.05,2.5,18-34,Mixed,3698.0,12,상승,2026-05-18,없음,6,5.0,메가,브랜디드콘텐츠,2026-06-13,34848,https://yt3.ggpht.com/ak7rvwiEaaJDbiau5F_o_oV6wHqAUZwORy_-ALQyI2IEJjo_m9IAxAecX7Og1UY93TiVxs9Zgw=s240-c-k-c0x00ffffff-no-rj,UCoRXPcv8XK5fAplLbk9PTww,https://www.youtube.com/channel/UCoRXPcv8XK5fAplLbk9PTww
CR_YT_0233,[팟빵] 매불쇼,@yt_ucmyhq9o,YouTube,엔터테인먼트,리액션,Korea,2880000,660530,7926360,4.16,4.2,18-34,Mixed,2142.0,20,상승,2026-05-19,없음,36,4.2,메가,PPL,2026-06-13,216058,https://yt3.ggpht.com/ZR5ar-Cw7Uq5w-lpUUex09-gD55OoSK2SdcnFxkPLap5q9A2ajFeim00UZgC8wfAV7p8KMgpmw=s240-c-k-c0x00ffffff-no-rj,UCMYhq9OyGI5UEz_NTAoHY7A,https://www.youtube.com/channel/UCMYhq9OyGI5UEz_NTAoHY7A
CR_YT_0234,주니토니 동요동화 - 키즈캐슬,@yt_ucui7j9k,YouTube,엔터테인먼트,리액션,Korea,2880000,1516352,30327040,6.25,3.6,13-17,Mixed,9978.0,8,상승,2026-04-26,없음,11,5.0,메가,브랜디드콘텐츠,2026-06-13,737075,https://yt3.ggpht.com/cyPQLVyRdOd2MWzIPsk89ExPbmDF5l-fNg5qnsktlYR64cAr0KtQXbiZ9kmF4ejKgtgsJ1aEsLw=s240-c-k-c0x00ffffff-no-rj,UCuI7J9khfdYqzDN8nDriDxg,https://www.youtube.com/channel/UCuI7J9khfdYqzDN8nDriDxg
CR_YT_0235,RealMouth MUKBANG,@yt_ucga0i7f,YouTube,푸드,쿠킹,Korea,2840000,458015,5496180,7.03,3.3,18-34,Mixed,11195.0,1,유지,2026-02-12,없음,20,4.0,메가,제품리뷰,2026-06-13,172947,https://yt3.ggpht.com/1sbyrxgg7cPDlxTFA2aqjpLZnC2Yjpotc1gIBb8HeeXFc4iNpw0nRncZHrPxr4zBbYHPjyZx6c4=s240-c-k-c0x00ffffff-no-rj,UCGa0i7fssw6ZecR8BaulWyA,https://www.youtube.com/channel/UCGa0i7fssw6ZecR8BaulWyA
CR_YT_0236,나도Nado,@yt_ucf9sl-i,YouTube,엔터테인먼트,리액션,Korea,2840000,743012,12631204,2.15,2.6,18-34,Mixed,9154.0,1,상승,2026-03-16,없음,27,3.7,메가,PPL,2026-06-13,335764,https://yt3.ggpht.com/ytc/AIdro_kBVAH11ctESeqFZnDSgQMDxBoE8j6rlG-VsJty2ioylsI=s240-c-k-c0x00ffffff-no-rj,UCf9sl-IcwNXDqWwWwp4vEwg,https://www.youtube.com/channel/UCf9sl-IcwNXDqWwWwp4vEwg
CR_YT_0237,양수빈,@yt_ucyjrfuy,YouTube,엔터테인먼트,예능,Korea,2840000,1236203,21015451,7.36,5.0,18-34,Mixed,11376.0,16,유지,2026-02-02,없음,11,5.0,메가,PPL,2026-06-13,621455,https://yt3.ggpht.com/wTZlwLBveDTW926yjEBknU7EIVPCus5nNkDMY5Jhbixcnz3zD-lvtot_3GjnaPjyaB17Sqsk9A=s240-c-k-c0x00ffffff-no-rj,UCYJrfuYXNqb5XSRd22XRwGw,https://www.youtube.com/channel/UCYJrfuYXNqb5XSRd22XRwGw
CR_YT_0238,피식대학Psick Univ,@yt_ucgx5sp4,YouTube,엔터테인먼트,버라이어티,Korea,2840000,1125600,21386400,2.5,4.1,18-34,Mixed,10305.0,20,유지,2026-06-10,없음,20,5.0,메가,PPL,2026-06-13,931203,https://yt3.ggpht.com/FQ61Pjh2In6lt-nd0o6EtWyCRPIlopBzcm-Pz88CzRXE1gZQ-o1OnV8wL-9IzC4aRr52M6q4z8I=s240-c-k-c0x00ffffff-no-rj,UCGX5sP4ehBkihHwt5bs5wvg,https://www.youtube.com/channel/UCGX5sP4ehBkihHwt5bs5wvg
CR_YT_0239,ITSub잇섭,@yt_ucducjky,YouTube,테크,언박싱,Korea,2820000,928571,12999994,1.1,4.4,25-44,Male,11372.0,20,유지,2026-03-25,없음,10,5.0,메가,언박싱협찬,2026-06-13,417135,https://yt3.ggpht.com/ytc/AIdro_kutxZhVtnH4nWcW7ebuDER5TfHwPZJaqGyBVGjVC52A0A=s240-c-k-c0x00ffffff-no-rj,UCdUcjkyZtf-1WJyPPiETF1g,https://www.youtube.com/channel/UCdUcjkyZtf-1WJyPPiETF1g
CR_YT_0240,진용진,@yt_ucig4gr_,YouTube,라이프스타일,리뷰,Korea,2800000,1974921,33573657,6.69,4.2,18-34,Mixed,10611.0,16,상승,2026-02-25,없음,34,4.7,메가,브랜디드콘텐츠,2026-06-13,785322,https://yt3.ggpht.com/fMURYix9tjm6UON2-GoIRRG33S3AufQuo6fRmFtd1Q6xBnTghkiuDqeQskpNrHz-48vnhnOSfw=s240-c-k-c0x00ffffff-no-rj,UCIG4gr_wIy5CIlcFciUbIQw,https://www.youtube.com/channel/UCIG4gr_wIy5CIlcFciUbIQw
CR_YT_0241,하미마미 Hamimommy,@yt_ucy0229i,YouTube,푸드,먹방,Korea,2800000,1250000,17500000,4.46,3.0,18-34,Mixed,2394.0,4,유지,2026-01-12,없음,26,4.7,메가,먹방협찬,2026-06-13,745146,https://yt3.ggpht.com/GbnEa9DdkU4w__7SiL2xxOINT4KbPX1Vm4H2Y5EpvruBhP-QX7Cqx9bHMX3tewP9xWg58dHqnw=s240-c-k-c0x00ffffff-no-rj,UCy0229ISL-677SAuK_1In_A,https://www.youtube.com/channel/UCy0229ISL-677SAuK_1In_A
CR_YT_0242,ShiliTV,@yt_ucobhkg1,YouTube,여행,여행브이로그,Korea,2800000,5925925,53333325,7.19,2.0,25-44,Mixed,510.0,20,유지,2026-03-19,없음,15,5.0,메가,스폰서십,2026-06-13,2023689,https://yt3.ggpht.com/Hthx8SQcPFTGuc365wSF_O-M5TZObDNYy0c8lU_3TE6-dxU9tq8i7CN-z1y3MRogaC1yY7_t=s240-c-k-c0x00ffffff-no-rj,UCOBHKG15OQ71uXgUVnaaIJg,https://www.youtube.com/channel/UCOBHKG15OQ71uXgUVnaaIJg
CR_YT_0243,꿀주부 Honeyjubu,@yt_ucg_xrq9,YouTube,뷰티,메이크업,Korea,2790000,1245421,12454210,7.51,2.3,18-34,Female,10135.0,4,상승,2026-06-10,없음,21,5.0,메가,PPL,2026-06-13,544704,https://yt3.ggpht.com/1HMOIQC770kAmzo7xw4v0X4q6SDbhh3EctWP6WjvDcovL_23ZQfq_mCgTpM65Tbtxpsi1WLgrg=s240-c-k-c0x00ffffff-no-rj,UCg_xrQ9KMN7wL4moBwuxZWw,https://www.youtube.com/channel/UCg_xrQ9KMN7wL4moBwuxZWw
CR_YT_0244,스브스 예능맛집,@yt_ucnx4fi4,YouTube,푸드,쿠킹,Korea,2770000,439939,5279268,6.54,3.3,18-34,Mixed,7414.0,1,상승,2026-05-13,확인필요,11,2.5,메가,먹방협찬,2026-06-13,212612,https://yt3.ggpht.com/ytc/AIdro_mTBetkogCP33U8KmPT5Q-yzAttOHyFvNRROuv_uutkzy0=s240-c-k-c0x00ffffff-no-rj,UCnx4Fi4cmkLGDiFfZ311wWw,https://www.youtube.com/channel/UCnx4Fi4cmkLGDiFfZ311wWw
CR_YT_0245,신사임당,@yt_ucajdckl,YouTube,교육,강의,Korea,2770000,94000,1692000,0.56,3.0,25-44,Mixed,7427.0,1,상승,2026-01-27,없음,32,3.7,메가,제품리뷰,2026-06-13,57051,https://yt3.ggpht.com/Q1FSHr0ekw_c6POJcPyRQgMf_ao_b0uc79DVIvT3zEH7KG4YqJxuGODltWbAwmNvpp_pR6Y97-8=s240-c-k-c0x00ffffff-no-rj,UCaJdckl6MBdDPDf75Ec_bJA,https://www.youtube.com/channel/UCaJdckl6MBdDPDf75Ec_bJA
CR_YT_0246,KBS 다큐,@yt_uc4lw3so,YouTube,엔터테인먼트,예능,Korea,2760000,45531,409779,7.55,2.4,18-34,Mixed,10318.0,20,상승,2026-04-23,없음,13,5.0,메가,브랜디드콘텐츠,2026-06-13,12557,https://yt3.ggpht.com/zXCnXt5-eI7jx7Xy_B3Q6YHXpY4m8zZIz8NKYHHitvDpLyivyTNbBGexVcNiHQeC3yuVBDEGow=s240-c-k-c0x00ffffff-no-rj,UC4LW3sOslC14Vn5bcoNUBkg,https://www.youtube.com/channel/UC4LW3sOslC14Vn5bcoNUBkg
CR_YT_0247,새송 Saesong,@yt_ucyvqwwp,YouTube,엔터테인먼트,버라이어티,Korea,2740000,1307692,16999996,5.52,2.5,18-34,Mixed,1757.0,8,상승,2026-05-31,없음,33,4.7,메가,브랜디드콘텐츠,2026-06-13,683231,https://yt3.ggpht.com/dYXLqNIW-iVXM1nhedjgUjqr7geO5Qmkg0TVxw0Qi0yJekOI4kY-RhotD5fSc-dQ8eugywse1HU=s240-c-k-c0x00ffffff-no-rj,UCyvqwwpQYUHfQhm6g4UHRsQ,https://www.youtube.com/channel/UCyvqwwpQYUHfQhm6g4UHRsQ
CR_YT_0248,Kittisaurus,@yt_ucwcsdwg,YouTube,라이프스타일,리뷰,Korea,2740000,2269503,43120557,8.21,2.9,18-34,Mixed,1722.0,2,하락,2026-01-07,없음,20,4.5,메가,브랜디드콘텐츠,2026-06-13,1392538,https://yt3.ggpht.com/ytc/AIdro_llNjYYX9T5qKW5HuaJoXLJTatcTd9UNI4LJOEouSm65nw=s240-c-k-c0x00ffffff-no-rj,UCwcsDWGip6vtiZyCnvDoClQ,https://www.youtube.com/channel/UCwcsDWGip6vtiZyCnvDoClQ
CR_YT_0249,보라미TV BoramiTV,@yt_uctluw96,YouTube,엔터테인먼트,브이로그,Korea,2730000,2000000,36000000,2.14,3.8,18-34,Mixed,1291.0,2,상승,2026-01-29,없음,30,4.2,메가,PPL,2026-06-13,1575694,https://yt3.ggpht.com/ytc/AIdro_n-g759NdANHsYCQMVj3t8LFFgVntarltYZf-CUDTbP7Wc=s240-c-k-c0x00ffffff-no-rj,UCtluW96Vp3Z7tzvU1orf3Vw,https://www.youtube.com/channel/UCtluW96Vp3Z7tzvU1orf3Vw
CR_YT_0250,Hearts2Hearts,@yt_uc7q3hun,YouTube,엔터테인먼트,브이로그,Korea,2710000,1354705,14901755,5.25,3.6,18-34,Mixed,2414.0,1,하락,2026-05-20,없음,28,3.7,메가,PPL,2026-06-13,521416,https://yt3.ggpht.com/oTX_8teqpjm0o2ES1eIhVEHGRQSnO0nQWTE1qFKLOcHm6mTFnZBHw0AyPCvZxxKS3L1JDOwE=s240-c-k-c0x00ffffff-no-rj,UC7Q3HUnJA3nvjZR2JeMn2Cw,https://www.youtube.com/channel/UC7Q3HUnJA3nvjZR2JeMn2Cw
CR_YT_0251,브레드이발소,@yt_uckbt6vo,YouTube,엔터테인먼트,예능,Korea,2700000,805604,14500872,4.27,5.0,18-34,Mixed,700.0,1,상승,2026-04-12,없음,6,4.0,메가,브랜디드콘텐츠,2026-06-13,396811,https://yt3.ggpht.com/oiWKAiE0TsxjcCWO-H9TrzRqt6t6rWYeU1TPTu_qavS10tEc6ZQzI1XlEmJvd-9dQ6351gqtX3Y=s240-c-k-c0x00ffffff-no-rj,UCKBt6VowYGmBpXFf3rVhaQA,https://www.youtube.com/channel/UCKBt6VowYGmBpXFf3rVhaQA
CR_YT_0252,KBS 한국방송,@yt_uc3m0s5x,YouTube,엔터테인먼트,버라이어티,Korea,2670000,75531,1208496,6.2,4.3,18-34,Mixed,8280.0,8,하락,2026-01-22,없음,30,4.7,메가,PPL,2026-06-13,36276,https://yt3.ggpht.com/krhgDP44LuJUrGr44l1S7BsPDnV9PDioxRqpGi80_qSKoZXBCzw0mVPkkVS4d6ysGc4yWL9kgg=s240-c-k-c0x00ffffff-no-rj,UC3m0s5XAQydCtbLHc8j1Uog,https://www.youtube.com/channel/UC3m0s5XAQydCtbLHc8j1Uog
CR_YT_0253,RISABAE,@yt_uc9kmldc,YouTube,뷰티,스킨케어,Korea,2670000,642201,7706412,7.87,4.9,18-34,Female,9003.0,2,상승,2026-03-03,없음,39,3.7,메가,PPL,2026-06-13,194025,https://yt3.ggpht.com/ytc/AIdro_lB8AyOqh_MxT6LcGodOH8flrInTGkPO8KWwrVM5dl7Jhw=s240-c-k-c0x00ffffff-no-rj,UC9kmlDcqksaOnCkC_qzGacA,https://www.youtube.com/channel/UC9kmlDcqksaOnCkC_qzGacA
CR_YT_0254,Hana Camp,@yt_ucmdmts5,YouTube,라이프스타일,브이로그,Korea,2660000,194,1552,7.9,2.3,18-34,Mixed,11255.0,12,상승,2026-02-05,없음,8,5.0,메가,PPL,2026-06-13,45,https://yt3.ggpht.com/m1zqImcQQFu9hCUqgjYVaEyVGOSvPHCWCE4IGr6zeQk9OyaP3LqTPc6SfDnbpKt_I0caWMq6Tg=s240-c-k-c0x00ffffff-no-rj,UCMDMTs5yVQ3STAye7ajaisQ,https://www.youtube.com/channel/UCMDMTs5yVQ3STAye7ajaisQ
CR_YT_0255,ASMR PPOMO,@yt_ucatfkap,YouTube,엔터테인먼트,예능,Korea,2640000,1349693,25644167,4.47,3.0,18-34,Mixed,2340.0,12,유지,2026-03-27,없음,21,5.0,메가,브랜디드콘텐츠,2026-06-13,605155,https://yt3.ggpht.com/ytc/AIdro_mvEJ3y1iLngXxrCebLTOKzj_mrQ-0NglKV2LsZvgQqzoU=s240-c-k-c0x00ffffff-no-rj,UCAtFkapSeoEGPxm5bC3tvaw,https://www.youtube.com/channel/UCAtFkapSeoEGPxm5bC3tvaw
CR_YT_0256,엄마가 된 나름이 (나름TV),@yt_ucq9mdnd,YouTube,푸드,먹방,Korea,2630000,945558,18911160,4.69,2.8,18-34,Mixed,7906.0,12,상승,2026-04-05,없음,9,5.0,메가,먹방협찬,2026-06-13,630704,https://yt3.ggpht.com/NU6Huk0mRl07y675JFGgT5NXvea-pQDT7N-MSwIEzkB9sqwDbcy-yD6aPbEMYP6D2zZuffpv=s240-c-k-c0x00ffffff-no-rj,UCq9MDndXc1y3he3uPZLPskQ,https://www.youtube.com/channel/UCq9MDndXc1y3he3uPZLPskQ
CR_YT_0257,엔조이커플enjoycouple,@yt_ucj-durt,YouTube,푸드,레시피,Korea,2630000,1210392,12103920,1.32,3.7,18-34,Mixed,7878.0,16,상승,2026-01-12,없음,12,5.0,메가,먹방협찬,2026-06-13,354475,https://yt3.ggpht.com/m0HWKgZEgWboFN3041032RFlYbSq_6borieK6F9-xpD0QTzr7G3PbG8YpC9Ka5cKVnDfn-zxPg=s240-c-k-c0x00ffffff-no-rj,UCj-durTg1W7uWsB8oq0u7kA,https://www.youtube.com/channel/UCj-durTg1W7uWsB8oq0u7kA
CR_YT_0258,디바제시카DeevaJessica,@yt_uch6o-ab,YouTube,교육,스터디,Korea,2620000,341670,5125050,7.86,2.5,25-44,Mixed,13752.0,20,유지,2026-03-05,없음,7,5.0,메가,스폰서십,2026-06-13,163110,https://yt3.ggpht.com/_vu7-aq_4rMG_4EoLf6J9-t-K5EM18HZNGoRyK7WJiD145fKSJbjJnMZp2ijT1DflsWvhJ_A=s240-c-k-c0x00ffffff-no-rj,UCh6O-aBKR-99dg4rPy69CXg,https://www.youtube.com/channel/UCh6O-aBKR-99dg4rPy69CXg
CR_YT_0259,1분미만,@yt_uc2xko7x,YouTube,테크,테크리뷰,Korea,2610000,1713286,23986004,3.06,4.5,25-44,Male,10263.0,12,상승,2026-05-13,없음,28,4.7,메가,제품리뷰,2026-06-13,1072253,https://yt3.ggpht.com/ytc/AIdro_lflZHQw_YjMVQf3B-cL2urOJU96zlUuUqCBEnXvYjOPt4=s240-c-k-c0x00ffffff-no-rj,UC2xkO7XCiStWfR3fKbzkbqw,https://www.youtube.com/channel/UC2xkO7XCiStWfR3fKbzkbqw
CR_YT_0260,SHINee,@yt_ucypwrgc,YouTube,엔터테인먼트,리액션,Korea,2610000,825396,6603168,1.05,3.4,18-34,Mixed,8520.0,4,상승,2026-03-16,없음,24,5.0,메가,브랜디드콘텐츠,2026-06-13,301072,https://yt3.ggpht.com/p0GgJrPRxQ3qaR7WL1u4p7MY3sZXQ01dMNPwZ0_94JLtW8-RXdenE_a2aocAMnuOm68sO0yX=s240-c-k-c0x00ffffff-no-rj,UCyPwRgc3gQGqhk6RoGS50Ug,https://www.youtube.com/channel/UCyPwRgc3gQGqhk6RoGS50Ug
CR_YT_0261,빠니보틀 Pani Bottle,@yt_ucnhofiq,YouTube,여행,여행브이로그,Korea,2570000,1570680,26701560,6.42,2.7,25-44,Mixed,11750.0,4,하락,2026-01-02,없음,36,4.2,메가,스폰서십,2026-06-13,1111812,https://yt3.ggpht.com/Sr5y4IxegXCEZ0SYNvFB749crrAZmNpurZqfq2KvPEpiCYeakoMjBWMnW_56rMuYW_HipJOBRtU=s240-c-k-c0x00ffffff-no-rj,UCNhofiqfw5nl-NeDJkXtPvw,https://www.youtube.com/channel/UCNhofiqfw5nl-NeDJkXtPvw
CR_YT_0262,고몽,@yt_ucpcft4f,YouTube,엔터테인먼트,리액션,Korea,2550000,1154997,16169958,4.83,3.9,18-34,Mixed,521.0,16,유지,2026-02-22,없음,5,5.0,메가,브랜디드콘텐츠,2026-06-13,386320,https://yt3.ggpht.com/ytc/AIdro_n2VEZCHj55JE9Ppw79uhETNd-JVDibC-WBxWnLXQSUIMs=s240-c-k-c0x00ffffff-no-rj,UCpcft4FJXgUjnxWoQYsl7Ug,https://www.youtube.com/channel/UCpcft4FJXgUjnxWoQYsl7Ug
CR_YT_0263,이 남자의 cook,@yt_ucy2wx3w,YouTube,푸드,먹방,Korea,2550000,569259,9108144,3.86,4.9,18-34,Mixed,13858.0,2,하락,2026-04-28,없음,22,4.5,메가,제품리뷰,2026-06-13,421458,https://yt3.ggpht.com/ytc/AIdro_mqAZfnIaMtRSlQlkLKXKNuHQI5CMC5BYd00gf_xcubtg=s240-c-k-c0x00ffffff-no-rj,UCy2WX3w5UyYFHBDHyWFKNUQ,https://www.youtube.com/channel/UCy2WX3w5UyYFHBDHyWFKNUQ
CR_YT_0264,아는형님 Knowingbros,@yt_ucohm2n1,YouTube,엔터테인먼트,버라이어티,Korea,2550000,345560,6565640,1.26,2.4,18-34,Mixed,8733.0,20,유지,2026-03-16,확인필요,30,3.2,메가,브랜디드콘텐츠,2026-06-13,166205,https://yt3.ggpht.com/kaGf4CXk5XF1enrtyAZWkApKan_9tK6O6jxbq_pmlzHmLfErT1sIqgQ74LIpBa3QTMuVIO0j=s240-c-k-c0x00ffffff-no-rj,UCOHM2N1YQdb-cHWxJxwBMLQ,https://www.youtube.com/channel/UCOHM2N1YQdb-cHWxJxwBMLQ
CR_YT_0265,마일리댄스 MYLEE DANCE,@yt_uc0g3shk,YouTube,피트니스,운동,Korea,2550000,951374,11416488,7.91,3.2,25-44,Mixed,4443.0,20,상승,2026-05-30,없음,25,5.0,메가,제품리뷰,2026-06-13,493055,https://yt3.ggpht.com/eyoiUrCDB2CvkN9HD1eKzPFYHbETw0zGwTKY5GW8bBGOIhTzlxnz_8LCZw9RDI5j2u6PkZLSP5Q=s240-c-k-c0x00ffffff-no-rj,UC0G3ShKXy9CnfgyinX89kIg,https://www.youtube.com/channel/UC0G3ShKXy9CnfgyinX89kIg
CR_YT_0266,보길 bogil,@yt_uczfupfx,YouTube,엔터테인먼트,브이로그,Korea,2550000,968564,8717076,1.81,3.4,18-34,Mixed,14487.0,8,상승,2026-04-29,없음,12,5.0,메가,PPL,2026-06-13,235008,https://yt3.ggpht.com/ytc/AIdro_nNpxtcyeuN5HtB6-da-vbhCkUjUWKq-Y5_Hjn52Diqrkk=s240-c-k-c0x00ffffff-no-rj,UCZfupFXtc1U6hofsotI36zQ,https://www.youtube.com/channel/UCZfupFXtc1U6hofsotI36zQ
CR_YT_0267,Kep1er,@yt_uc8whlog,YouTube,라이프스타일,브이로그,Korea,2540000,697947,8375364,1.22,4.4,18-34,Mixed,12920.0,4,상승,2026-04-02,없음,7,5.0,메가,PPL,2026-06-13,362021,https://yt3.ggpht.com/vtGDUQofwdbgV89VQMyUlSNHYru4ioapSAgHebtc6suxoY-tyqiaWGDbrB7H-1muFhy7hDyl=s240-c-k-c0x00ffffff-no-rj,UC8whlOg70m2Yr3qSMjUhh0g,https://www.youtube.com/channel/UC8whlOg70m2Yr3qSMjUhh0g
CR_YT_0268,1theK Originals - 원더케이 오리지널,@yt_ucqq-ovg,YouTube,엔터테인먼트,버라이어티,Korea,2530000,551670,7723380,5.92,2.8,18-34,Mixed,12892.0,2,하락,2026-04-29,없음,6,4.5,메가,브랜디드콘텐츠,2026-06-13,272743,https://yt3.ggpht.com/9nojk_MnXRYqBr5NgptmbA0hBVRe1Dh73VHGC71j8hLUgq2IkkwNNA74Fc-WSWLd_90FmS3O=s240-c-k-c0x00ffffff-no-rj,UCqq-ovGE01ErlXakPihhKDA,https://www.youtube.com/channel/UCqq-ovGE01ErlXakPihhKDA
CR_YT_0269,SUPER JUNIOR,@yt_ucfipx49,YouTube,엔터테인먼트,예능,Korea,2520000,747967,6731703,1.62,2.0,18-34,Mixed,12443.0,20,유지,2026-01-20,없음,19,5.0,메가,PPL,2026-06-13,283343,https://yt3.ggpht.com/OnFFLDFyxRs1jSvxkcu6c6c6vQpU-PjiRi5fJqiRiG3RKpx-g7szyvEMA3P2s-cOS29x_JUC=s240-c-k-c0x00ffffff-no-rj,UCFipx49muiJ8-d2YsnLlNVw,https://www.youtube.com/channel/UCFipx49muiJ8-d2YsnLlNVw
CR_YT_0270,그린보이,@yt_ucsa1tsd,YouTube,엔터테인먼트,예능,Korea,2520000,1419354,11354832,2.08,3.9,18-34,Mixed,12785.0,20,유지,2026-04-29,없음,13,5.0,메가,브랜디드콘텐츠,2026-06-13,529140,https://yt3.ggpht.com/J4XCVhf07yFb3-ckV2885gZF-B9JE3_hLpLQLI0clGCZtUtlUgetrHUrU7i2oYFQuVLDbbSlBfE=s240-c-k-c0x00ffffff-no-rj,UCSa1tSD_QFzSpJ0ECx_BNEA,https://www.youtube.com/channel/UCSa1tSD_QFzSpJ0ECx_BNEA
CR_YT_0271,캐릭온 TV,@yt_ucyn_e0z,YouTube,게임,게임플레이,Korea,2510000,2067645,16541160,5.09,4.5,18-34,Male,10407.0,8,상승,2026-02-17,확인필요,36,2.7,메가,제품리뷰,2026-06-13,450797,https://yt3.ggpht.com/ytc/AIdro_mzqZpjTu9m1Eb4s7F2ApGhKGHuBUTeQNCg9O-CRROroQo=s240-c-k-c0x00ffffff-no-rj,UCyn_E0ZE8RNOnYnF3lVaCOQ,https://www.youtube.com/channel/UCyn_E0ZE8RNOnYnF3lVaCOQ
CR_YT_0272,빵빵이의 일상,@yt_uci2t1_b,YouTube,엔터테인먼트,브이로그,Korea,2510000,12123893,145486716,7.57,2.1,18-34,Mixed,7734.0,12,하락,2026-01-23,없음,20,5.0,메가,브랜디드콘텐츠,2026-06-13,4344709,https://yt3.ggpht.com/wYRkjS6E0mMZ-np2jNwjVaCNzQMpxs1VkdQ_p25oe0aaSj0awd7f9xRUcrwI6rVOQE7kjZQ6l4A=s240-c-k-c0x00ffffff-no-rj,UCI2T1_bAtgnKKzfhw3Qib9w,https://www.youtube.com/channel/UCI2T1_bAtgnKKzfhw3Qib9w
CR_YT_0273,Kirin Camp,@yt_uc4zntkx,YouTube,여행,여행브이로그,Korea,2510000,2817679,33812148,3.85,3.9,25-44,Mixed,14914.0,20,하락,2026-04-02,없음,38,4.2,메가,PPL,2026-06-13,1091130,https://yt3.ggpht.com/aDkG1W5RkMkQME8yrmbN12TL6kPcL7yzYyKi-Cm9rCw9cFhEFT2TjgsBWTl5rsShK_EywSFg=s240-c-k-c0x00ffffff-no-rj,UC4zNtKX3XTplYQWNFPorvXQ,https://www.youtube.com/channel/UC4zNtKX3XTplYQWNFPorvXQ
CR_YT_0274,대륙판눈요기TV,@yt_uce9po4l,YouTube,라이프스타일,리뷰,Korea,2510000,2807,42105,4.38,4.7,18-34,Mixed,3107.0,12,유지,2026-01-08,없음,25,5.0,메가,PPL,2026-06-13,1517,https://yt3.ggpht.com/oqwZrl7sqiWQELyPzrOf-FYsTvjmF7_mOxGcuDAF3CaxyY0PNUWHUBakuAfbTZmrAYRqzA1yl08=s240-c-k-c0x00ffffff-no-rj,UCE9pO4lESdhV9EcdmAJW-VA,https://www.youtube.com/channel/UCE9pO4lESdhV9EcdmAJW-VA
CR_YT_0275,MINEE EATS,@yt_ucc7v5yy,YouTube,푸드,레시피,Korea,2480000,611687,12233740,0.97,5.0,18-34,Mixed,14994.0,12,상승,2026-03-03,없음,27,4.7,메가,먹방협찬,2026-06-13,507690,https://yt3.ggpht.com/ytc/AIdro_kKzHPHir60-fQddKIOTigWMk1pFyWDdpcivotVevzWmWQ=s240-c-k-c0x00ffffff-no-rj,UCc7v5yYC_mviB1_fLuB-GRw,https://www.youtube.com/channel/UCc7v5yYC_mviB1_fLuB-GRw
CR_YT_0276,Zoe's 조에,@yt_ucpo70py,YouTube,라이프스타일,일상,Korea,2420000,839416,10072992,6.83,4.2,18-34,Mixed,14749.0,20,유지,2026-02-15,없음,19,5.0,메가,PPL,2026-06-13,360472,https://yt3.ggpht.com/03FHIOiOkMtga4Q1Arg_8i0WGAzY1pFUyVsHUVP5Qwej19dnEeDOET6BF07pi1u-Pf9fNudpNg=s240-c-k-c0x00ffffff-no-rj,UCPo70pynefJ90wBqCEryZWg,https://www.youtube.com/channel/UCPo70pynefJ90wBqCEryZWg
CR_YT_0277,빠더너스 BDNS,@yt_uc5xlohc,YouTube,엔터테인먼트,버라이어티,Korea,2420000,850864,9359504,6.95,4.1,18-34,Mixed,5599.0,12,하락,2026-05-07,없음,6,5.0,메가,브랜디드콘텐츠,2026-06-13,347787,https://yt3.ggpht.com/ytc/AIdro_nf1d3mTsgZsIDXewYisI6FY1VVA9vn8ddnrGqJMxa6gsg=s240-c-k-c0x00ffffff-no-rj,UC5xLohcPE65Y-U62X6snmRQ,https://www.youtube.com/channel/UC5xLohcPE65Y-U62X6snmRQ
CR_YT_0278,또봇 Tobot,@yt_uc1weoqj,YouTube,엔터테인먼트,버라이어티,Korea,2420000,1132798,18124768,4.42,2.3,18-34,Mixed,7431.0,2,유지,2026-03-29,확인필요,19,3.0,메가,브랜디드콘텐츠,2026-06-13,553613,https://yt3.ggpht.com/dLiStgj97Ss7I-GkT0QubLAdbPWztgXAczGA8IRB-jeYemMqjuIceFacfHHsLtc6D2nqTe_7qA=s240-c-k-c0x00ffffff-no-rj,UC1WEOQjm8tyT1pXY6xaoYZQ,https://www.youtube.com/channel/UC1WEOQjm8tyT1pXY6xaoYZQ
CR_YT_0279,ASMR 애정 TV,@yt_uci-8skm,YouTube,라이프스타일,브이로그,Korea,2420000,737339,14009441,6.92,4.6,18-34,Mixed,10718.0,1,상승,2026-01-19,없음,6,4.0,메가,브랜디드콘텐츠,2026-06-13,384896,https://yt3.ggpht.com/ga-eWsOsEda51Zp63L0hTNQ_Nb1qSigPvqd1JAxU3FxIPa5C43HW4gsrWsAXh6FlOf4DsMw-=s240-c-k-c0x00ffffff-no-rj,UCI-8sKMn6rJ8XhvpXkGhUhA,https://www.youtube.com/channel/UCI-8sKMn6rJ8XhvpXkGhUhA
CR_YT_0280,혜리,@yt_uc2tfqfx,YouTube,엔터테인먼트,브이로그,Korea,2400000,752427,9781551,5.8,3.8,18-34,Mixed,14650.0,4,유지,2026-02-14,없음,24,5.0,메가,PPL,2026-06-13,389037,https://yt3.ggpht.com/okeFYw3g3V1v_9hWnSmc1frBSmJAvJAj3DSrRQiVhVFjs07t4tJIh3qRKWeBDPIZmR_96jPjL0k=s240-c-k-c0x00ffffff-no-rj,UC2tfQfxl_wmAosF4ES_zULw,https://www.youtube.com/channel/UC2tfQfxl_wmAosF4ES_zULw
CR_YT_0281,잠뜰 TV,@yt_ucg7rkxr,YouTube,게임,게임플레이,Korea,2390000,969870,18427530,6.05,4.8,18-34,Male,9040.0,20,상승,2026-03-17,없음,27,4.7,메가,스폰서십,2026-06-13,846511,https://yt3.ggpht.com/2gnkDZ6ZnTI6qVdHE044C3LXqRoGw9xDbvCbydn8iYGO43SLemxNPiLvj0LAsVJ3fDHFwc46=s240-c-k-c0x00ffffff-no-rj,UCg7rkxrTnIhiHEpXY1ec9NA,https://www.youtube.com/channel/UCg7rkxrTnIhiHEpXY1ec9NA
CR_YT_0282,여자친구 GFRIEND OFFICIAL,@yt_ucrdd3x3,YouTube,엔터테인먼트,예능,Korea,2390000,1252173,12521730,0.51,4.1,18-34,Mixed,11677.0,12,하락,2026-06-04,없음,30,4.7,메가,브랜디드콘텐츠,2026-06-13,344095,https://yt3.ggpht.com/rWpvfaie6hfpZ2A-vxr3Ov3ionP-49l81BZp4-YPw9FVTWre80zYZ0M7AkIrsOB-MTn3CnxFzw=s240-c-k-c0x00ffffff-no-rj,UCRDd3x33kfF0IW6g2MRUkRw,https://www.youtube.com/channel/UCRDd3x33kfF0IW6g2MRUkRw
CR_YT_0283,SuperM,@yt_uccjv926,YouTube,엔터테인먼트,버라이어티,Korea,2390000,2204724,28661412,8.24,2.7,18-34,Mixed,2539.0,12,상승,2026-03-23,없음,11,5.0,메가,PPL,2026-06-13,1284725,https://yt3.ggpht.com/ytc/AIdro_lI5IbUGeYowXGnTA-fu1ZyISJ-xfMMZjQKOm8BgdSMQ3s=s240-c-k-c0x00ffffff-no-rj,UCcjV926qiLr_Ghw6A0lTNjA,https://www.youtube.com/channel/UCcjV926qiLr_Ghw6A0lTNjA
CR_YT_0284,도티 TV,@yt_uchq-vmv,YouTube,게임,e스포츠,Korea,2380000,800109,8001090,8.2,4.5,18-34,Male,4346.0,16,상승,2026-03-31,없음,26,4.7,메가,제품리뷰,2026-06-13,305463,https://yt3.ggpht.com/QwrvLcaO5HCbaI0gdqYSSFnMxvNbn2nwp7o7sfDyuKw2FiETq_uq0NSS4_UxH34ujgPqbDAHpg=s240-c-k-c0x00ffffff-no-rj,UChQ-VMvdGrYZxviQVMTJOHg,https://www.youtube.com/channel/UChQ-VMvdGrYZxviQVMTJOHg
CR_YT_0285,제이풋볼JFootballTV,@yt_ucfhup1p,YouTube,피트니스,다이어트,Korea,2380000,1054279,12651348,6.26,2.1,25-44,Mixed,13326.0,8,유지,2026-05-20,없음,31,4.7,메가,PPL,2026-06-13,527524,https://yt3.ggpht.com/jjfNeMc04XU6nQ-j-4-EbbxMUi0NLTOfoTMWpw4lGSQbcSKvSuqzUNuLHppLkN9JCmvycABi0g=s240-c-k-c0x00ffffff-no-rj,UCFHUP1pTq7mqrYUWyyICp-A,https://www.youtube.com/channel/UCFHUP1pTq7mqrYUWyyICp-A
CR_YT_0286,free지아,@yt_ucwrb5qm,YouTube,뷰티,스킨케어,Korea,2370000,1121794,15705116,4.34,4.6,18-34,Female,1569.0,16,상승,2026-03-23,없음,19,5.0,메가,제품리뷰,2026-06-13,403621,https://yt3.ggpht.com/noc2_1rUnXcIw93h_wLUAIUAoeEktjNkI0kXkhK1sg45Oc2cjje0slra8U07gkM1RLCkQZytZnY=s240-c-k-c0x00ffffff-no-rj,UCWRb5QmwOrsxewLmLwAjrtA,https://www.youtube.com/channel/UCWRb5QmwOrsxewLmLwAjrtA
CR_YT_0287,HowlingEnt. (하울링엔터테인먼트),@yt_uc1dqzy1,YouTube,엔터테인먼트,리액션,Korea,2370000,53090,637080,1.09,2.5,18-34,Mixed,8432.0,8,상승,2026-01-08,없음,15,5.0,메가,PPL,2026-06-13,29011,https://yt3.ggpht.com/J_W2dzwXAIMZ91QqGa8N5fKLdvcc3jmeZ8cYKY77SLLsnwIClvnXrXwt9drPyd8vT0OdAbOmZw=s240-c-k-c0x00ffffff-no-rj,UC1DqZY12BgBsavEyWEztk5w,https://www.youtube.com/channel/UC1DqZY12BgBsavEyWEztk5w
CR_YT_0288,유라야놀자(Let's play YURA),@yt_ucx8ihwa,YouTube,교육,강의,Korea,2360000,1351970,18927580,1.82,4.7,25-44,Mixed,3480.0,2,상승,2026-03-14,없음,8,4.5,메가,스폰서십,2026-06-13,857867,https://yt3.ggpht.com/3B5H1TiRcA_bPnWXojzGPOvMb_wJ57rXoacTcaKcLsgkTQ3zS7nVswRHRHGoId4ZaBnEOPzDMw=s240-c-k-c0x00ffffff-no-rj,UCx8IhwapX8E7uooFYJIeVZw,https://www.youtube.com/channel/UCx8IhwapX8E7uooFYJIeVZw
CR_YT_0289,HOWCOW uuu,@yt_ucint34a,YouTube,게임,게임리뷰,Korea,2350000,3479452,41753424,0.9,3.7,18-34,Male,5732.0,20,유지,2026-06-10,없음,36,4.2,메가,스폰서십,2026-06-13,1205677,https://yt3.ggpht.com/f17sp1F39TuWIUX7dAY65ln6gpe-5RjcfeWeIvH57Clxu4c-xJkUglkGFLghbCzwsEbRBJ2fRA=s240-c-k-c0x00ffffff-no-rj,UCInT34AJQaNyQ1V1PTEpv7w,https://www.youtube.com/channel/UCInT34AJQaNyQ1V1PTEpv7w
CR_YT_0290,planD플랜디,@yt_ucpaapol,YouTube,라이프스타일,일상,Korea,2350000,1318327,22411559,1.28,2.6,18-34,Mixed,7367.0,16,상승,2026-05-01,없음,23,5.0,메가,브랜디드콘텐츠,2026-06-13,774117,https://yt3.ggpht.com/ytc/AIdro_kaORa7od6IpKLpzT6Ufq4gGAWij48fviXo83PRa2gudik=s240-c-k-c0x00ffffff-no-rj,UCPaApoLkmPqxCeZF7gjoc3w,https://www.youtube.com/channel/UCPaApoLkmPqxCeZF7gjoc3w
CR_YT_0291,창현 거리노래방 KPOP Street Karaoke ストリートバスキング,@yt_ucpjmhr4,YouTube,엔터테인먼트,브이로그,Korea,2340000,213903,3208545,2.62,3.9,18-34,Mixed,6031.0,8,상승,2026-03-09,없음,16,5.0,메가,브랜디드콘텐츠,2026-06-13,141861,https://yt3.ggpht.com/PQRldup8Jd8WnL5kPPaeRozoIdlyikDs2kus6r7xVToRwW2oZ-CqxYEBW5MI80Gh5zaR6ugYLcM=s240-c-k-c0x00ffffff-no-rj,UCPJmHR4CG_lRuVwKCo0kjjg,https://www.youtube.com/channel/UCPJmHR4CG_lRuVwKCo0kjjg
CR_YT_0292,Deokdae 장덕대,@yt_uc1ejtvd,YouTube,엔터테인먼트,리액션,Korea,2340000,403775,6056625,2.31,2.8,18-34,Mixed,10178.0,1,상승,2026-05-31,없음,14,4.0,메가,PPL,2026-06-13,207043,https://yt3.ggpht.com/tKPRHI6LOYeo2BvjFEP2jSvji5q8JNzKrEJZOMU87UlrmM0beWnRbO-wBVEwb5m2ZUnXfR7dfI8=s240-c-k-c0x00ffffff-no-rj,UC1EjtvDflBROblEaM1nMPWw,https://www.youtube.com/channel/UC1EjtvDflBROblEaM1nMPWw
CR_YT_0293,도남이먹방Donam,@yt_ucftypyu,YouTube,푸드,레시피,Korea,2340000,572597,6298567,7.23,4.5,18-34,Mixed,14077.0,8,하락,2026-03-18,없음,39,4.2,메가,제품리뷰,2026-06-13,228327,https://yt3.ggpht.com/sY1g9g1aDf2WH-Sdcy6NNSwmvwjXDZHl3fj_H4CEATX2DGffFaT9hf-YqCfhc5c74YMcfakVS6M=s240-c-k-c0x00ffffff-no-rj,UCftypYUp6boUauNi_P5WdZg,https://www.youtube.com/channel/UCftypYUp6boUauNi_P5WdZg
CR_YT_0294,VIVA DANCE STUDIO,@yt_uc3liepi,YouTube,엔터테인먼트,버라이어티,Korea,2330000,132522,1192698,7.33,2.1,18-34,Mixed,10324.0,12,하락,2026-04-25,없음,38,4.2,메가,브랜디드콘텐츠,2026-06-13,38816,https://yt3.ggpht.com/sHfYmAo3R222606QS1a66sVYLDRTd4wJ0J5mAUbIC3QgF3bJBhJIs6kiYG0KUn_-MQwaJe-D1A=s240-c-k-c0x00ffffff-no-rj,UC3LIEPioeH0CmVCmCn4JS1g,https://www.youtube.com/channel/UC3LIEPioeH0CmVCmCn4JS1g
CR_YT_0295,[THE SOY]루퐁이네,@yt_uc3psziv,YouTube,라이프스타일,브이로그,Korea,2330000,1165644,11656440,1.84,2.6,18-34,Mixed,1636.0,2,유지,2026-06-02,확인필요,13,3.0,메가,PPL,2026-06-13,530112,https://yt3.ggpht.com/ytc/AIdro_mN0xUKGG6cvjJSdaePl3sXFiJTnGcodqfvf6IHEzP3bik=s240-c-k-c0x00ffffff-no-rj,UC3PSZivQbIegrfavj4fmgQQ,https://www.youtube.com/channel/UC3PSZivQbIegrfavj4fmgQQ
CR_YT_0296,잔망루피 ZANMANG LOOPY,@yt_uchigh6n,YouTube,엔터테인먼트,브이로그,Korea,2330000,837272,10047264,6.32,4.4,18-34,Mixed,8505.0,1,유지,2026-06-09,없음,29,3.7,메가,브랜디드콘텐츠,2026-06-13,309397,https://yt3.ggpht.com/syPsF-rF-I7-uoAXPj1fW6F1epRLT--FBux4nDBzq6lSLwx3eKF2R5EaasbhQfKhGLgTYCU8UA=s240-c-k-c0x00ffffff-no-rj,UChIgH6NybaNC_mkp4-gbX3A,https://www.youtube.com/channel/UChIgH6NybaNC_mkp4-gbX3A
CR_YT_0297,official IZ*ONE,@yt_uce_otyb,YouTube,엔터테인먼트,리액션,Korea,2310000,3888888,66111096,3.86,3.2,18-34,Mixed,8659.0,2,상승,2026-04-16,없음,11,4.5,메가,PPL,2026-06-13,2348692,https://yt3.ggpht.com/ytc/AIdro_kXy3H-5My02Fr6NuV13_52kasK08ruf_ndOcm2McWaV5I=s240-c-k-c0x00ffffff-no-rj,UCe_oTYByLWQYCUmgmOMU_xw,https://www.youtube.com/channel/UCe_oTYByLWQYCUmgmOMU_xw
CR_YT_0298,Vito ASMR,@yt_ucxqipuw,YouTube,라이프스타일,리뷰,Korea,2310000,892086,10705032,4.38,3.8,18-34,Mixed,2586.0,1,하락,2026-01-10,없음,16,4.0,메가,브랜디드콘텐츠,2026-06-13,345462,https://yt3.ggpht.com/jD1Ul_UAQp9tACjk51oWk8pvna6TKXmONIT3x3lCjn1rxI_nPymM9buaBYu1g_gaAoXw_LbjoQ=s240-c-k-c0x00ffffff-no-rj,UCxQiPuwF3iaxV_aJOzjQV-Q,https://www.youtube.com/channel/UCxQiPuwF3iaxV_aJOzjQV-Q
CR_YT_0299,LULUPANG 루루팡,@yt_uc7gdqcx,YouTube,엔터테인먼트,리액션,Korea,2290000,2079646,29115044,3.15,2.7,18-34,Mixed,13507.0,16,상승,2026-03-21,없음,35,4.7,메가,PPL,2026-06-13,1283684,https://yt3.ggpht.com/ytc/AIdro_lAzw8YC5UE4nXFNY54kh8wiiqcH_IHKHmXOEo0OG1Npw=s240-c-k-c0x00ffffff-no-rj,UC7gDQCxC1wr955ECW6wSOoA,https://www.youtube.com/channel/UC7gDQCxC1wr955ECW6wSOoA
CR_YT_0300,비행시간 AirplaneTime,@yt_ucqshhev,YouTube,엔터테인먼트,리액션,Korea,2290000,354517,4254204,7.37,4.1,18-34,Mixed,14626.0,20,유지,2026-04-17,없음,19,5.0,메가,PPL,2026-06-13,182929,https://yt3.ggpht.com/ytc/AIdro_mxxLxLR1RIsunsal9tR-ou1zKovFXbaJjIEgvs2kbMOMs=s240-c-k-c0x00ffffff-no-rj,UCqshHEVBj0HtH9wF8Y_Hdqw,https://www.youtube.com/channel/UCqshHEVBj0HtH9wF8Y_Hdqw
CR_YT_0301,MBN MUSIC,@yt_ucsxbx6q,YouTube,엔터테인먼트,예능,Korea,2270000,367389,6245613,2.0,2.6,18-34,Mixed,11513.0,20,유지,2026-01-17,없음,31,4.7,메가,브랜디드콘텐츠,2026-06-13,239808,https://yt3.ggpht.com/zNan2gb5MLvRZQNmwDD8dnnHLMlty52yNI0cCY4dgGWmvd9Nzpmf_avggBY-MzD5oSTVRJJxtw=s240-c-k-c0x00ffffff-no-rj,UCsxbX6QnOLal_qzzMK9AR9g,https://www.youtube.com/channel/UCsxbX6QnOLal_qzzMK9AR9g
CR_YT_0302,성시경 SUNG SI KYUNG,@yt_ucl23-cc,YouTube,엔터테인먼트,예능,Korea,2270000,1391905,16702860,3.73,4.3,18-34,Mixed,13190.0,12,상승,2026-01-09,없음,6,5.0,메가,브랜디드콘텐츠,2026-06-13,666276,https://yt3.ggpht.com/k7vcgjUvUjwwzbWbZ3qDWWzLCXYlNVfNIkMLWfOcDrWiZ8GTka-2tyj6rjUBv3n9Cl1yWo8d=s240-c-k-c0x00ffffff-no-rj,UCl23-Cci_SMqyGXE1T_LYUg,https://www.youtube.com/channel/UCl23-Cci_SMqyGXE1T_LYUg
CR_YT_0303,올리버쌤,@yt_ucickqui,YouTube,라이프스타일,리뷰,Korea,2260000,976331,14644965,3.38,2.6,18-34,Mixed,9713.0,4,상승,2026-03-03,없음,34,4.7,메가,PPL,2026-06-13,358992,https://yt3.ggpht.com/ytc/AIdro_n0pt5VUgoJUdSQUR6O3zxt5FOkoINWtOzUAXEG-YN85A=s240-c-k-c0x00ffffff-no-rj,UCicKQUi8h4NI81wDmrDBD4A,https://www.youtube.com/channel/UCicKQUi8h4NI81wDmrDBD4A
CR_YT_0304,MLD ENTERTAINMENT,@yt_uc62gnxa,YouTube,엔터테인먼트,예능,Korea,2260000,1103286,14342718,4.07,4.9,18-34,Mixed,2871.0,8,유지,2026-01-08,없음,40,4.2,메가,PPL,2026-06-13,498242,https://yt3.ggpht.com/ytc/AIdro_n1-tZDLo0xchFKmMqZXawLjEOB7U6VNxCen3dPqzuvQ3Q=s240-c-k-c0x00ffffff-no-rj,UC62GnXAfqgm8Fcn_i9kiuqw,https://www.youtube.com/channel/UC62GnXAfqgm8Fcn_i9kiuqw
CR_YT_0305,자취요리신 simple cooking,@yt_ucc9pqy_,YouTube,푸드,쿠킹,Korea,2250000,385416,5395824,7.33,4.3,18-34,Mixed,10327.0,2,유지,2026-05-12,없음,19,4.5,메가,제품리뷰,2026-06-13,132153,https://yt3.ggpht.com/hZHUS5wW20j39kfLUfmeHDwvC8aG7kvNblsP_gXiclsXzf7ixDgAp5ml_2cjqTzMcpsKG9hwkA=s240-c-k-c0x00ffffff-no-rj,UCC9pQY_uaBSa0WOpMNJHbEQ,https://www.youtube.com/channel/UCC9pQY_uaBSa0WOpMNJHbEQ
CR_YT_0306,이도현의 변화일지_DOHYUN LEE,@yt_ucb_sgj-,YouTube,라이프스타일,브이로그,Korea,2250000,1084634,8677072,8.24,4.0,18-34,Mixed,9217.0,8,상승,2026-06-05,없음,13,5.0,메가,브랜디드콘텐츠,2026-06-13,377522,https://yt3.ggpht.com/Ub_Nm2-Knbrwo2G3FJAfDuhySF3cxeUc72HNKxxfCEDsj5WD-EaI0fG-uZbpYEX5DO9fY3ME0w=s240-c-k-c0x00ffffff-no-rj,UCb_sGj-uRm_ZzG1IXmk4TjQ,https://www.youtube.com/channel/UCb_sGj-uRm_ZzG1IXmk4TjQ
CR_YT_0307,보겸s,@yt_uccj2b2l,YouTube,엔터테인먼트,리액션,Korea,2230000,1049618,20992360,6.2,4.1,18-34,Mixed,12848.0,4,유지,2026-04-30,없음,32,4.7,메가,브랜디드콘텐츠,2026-06-13,951726,https://yt3.ggpht.com/tpd-xlkGOq0IcC8RY6DLzUQoHlJe1r7scLUMvVGZsI_V6BGA0Ug_KWwv1zNS1Vl7usz3E0qF0ww=s240-c-k-c0x00ffffff-no-rj,UCCJ2b2lJE7M77cSuSHLcMOQ,https://www.youtube.com/channel/UCCJ2b2lJE7M77cSuSHLcMOQ
CR_YT_0308,악동 김블루,@yt_ucnzcxcn,YouTube,게임,e스포츠,Korea,2220000,1181312,14175744,7.09,3.2,18-34,Male,10104.0,1,유지,2026-03-18,없음,5,4.0,메가,스폰서십,2026-06-13,554761,https://yt3.ggpht.com/cjzLIxTeDuG1MBi89c9-RFp39BUjpxS65XuvzrwdqLdEQ0HUzAUiMHBvkQMayIYu4App3O9Wkw=s240-c-k-c0x00ffffff-no-rj,UCNzcxCN_Hh_lu5RCSFXKgGQ,https://www.youtube.com/channel/UCNzcxCN_Hh_lu5RCSFXKgGQ
CR_YT_0309,현대자동차그룹(HYUNDAI),@yt_ucfg3rtp,YouTube,테크,테크리뷰,Korea,2210000,234325,4217850,1.01,5.0,25-44,Male,4287.0,16,유지,2026-05-13,없음,25,5.0,메가,제품리뷰,2026-06-13,109055,https://yt3.ggpht.com/Gg5mtntL6qwsUfiQLeJ1MQXJV6pkpqbHtkabBRBR1feDfSGWFG7E38kcBp8xCQ8JZ3smx_lfPA=s240-c-k-c0x00ffffff-no-rj,UCFg3rtPVsLpWsaO7kTURikw,https://www.youtube.com/channel/UCFg3rtPVsLpWsaO7kTURikw
CR_YT_0310,너덜트,@yt_ucxekwwf,YouTube,엔터테인먼트,브이로그,Korea,2210000,3009708,60194160,0.95,4.6,18-34,Mixed,10371.0,20,상승,2026-03-08,없음,30,4.7,메가,PPL,2026-06-13,1742041,https://yt3.ggpht.com/OtRJWkKUE4u6uwgG1BFAY72QicN25CParSGZKkAdLGbg5yM_U8sFZDF5_gzIhJ--5t1E11w-Lg=s240-c-k-c0x00ffffff-no-rj,UCXEKwWflysXu312NmIP_dlw,https://www.youtube.com/channel/UCXEKwWflysXu312NmIP_dlw
CR_YT_0311,BOYNEXTDOOR,@yt_uchhkblh,YouTube,엔터테인먼트,브이로그,Korea,2210000,573804,8033256,6.39,3.7,18-34,Mixed,10844.0,12,하락,2026-05-10,없음,17,5.0,메가,PPL,2026-06-13,263281,https://yt3.ggpht.com/QhBJg2Djg9obHEAmP7-_BceJFY4KG0iaYWfuDGhjiURG-5CdhS_0npiZpCWvyN3Pfj9DkO8MSw=s240-c-k-c0x00ffffff-no-rj,UChhKBlh_wvspTh5n4mL0b5g,https://www.youtube.com/channel/UChhKBlh_wvspTh5n4mL0b5g
CR_YT_0312,세바시 강연 Sebasi Talk,@yt_ucghenmc,YouTube,교육,정보,Korea,2200000,152259,1827108,7.23,4.6,25-44,Mixed,2355.0,2,유지,2026-03-27,없음,23,4.5,메가,제품리뷰,2026-06-13,78674,https://yt3.ggpht.com/ytc/AIdro_mB43Cz6_7AHXpBY9LMcPhorLYHgzUtn77nsvlwb585ypM=s240-c-k-c0x00ffffff-no-rj,UCgheNMc3gGHLsT-RISdCzDQ,https://www.youtube.com/channel/UCgheNMc3gGHLsT-RISdCzDQ
CR_YT_0313,SPOTV,@yt_uctm_qon,YouTube,피트니스,헬스,Korea,2200000,108125,1946250,3.34,4.2,25-44,Mixed,5304.0,4,유지,2026-04-29,없음,31,4.7,메가,PPL,2026-06-13,49467,https://yt3.ggpht.com/zsnA2VTKUZ3CExolay-SqxMB19W_z3ZJFKNt4vhOPtkm9uaoEwO0BSTZGMx27ZYQ7_J_4eJCMIk=s240-c-k-c0x00ffffff-no-rj,UCtm_QoN2SIxwCE-59shX7Qg,https://www.youtube.com/channel/UCtm_QoN2SIxwCE-59shX7Qg
CR_YT_0314,강형욱의 보듬TV,@yt_ucee1mvx,YouTube,라이프스타일,리뷰,Korea,2200000,956454,8608086,7.43,3.8,18-34,Mixed,3321.0,12,상승,2026-05-16,없음,9,5.0,메가,브랜디드콘텐츠,2026-06-13,295365,https://yt3.ggpht.com/T7oEvbgaoNCEQU0EWM5wH1TxnyIspd-rNdV7nHUtPUkU5NvK3w0N3ex244_NCBx7EBFzTB64i8I=s240-c-k-c0x00ffffff-no-rj,UCee1MvXr6E8qC_d2WEYTU5g,https://www.youtube.com/channel/UCee1MvXr6E8qC_d2WEYTU5g
CR_YT_0315,우주하마,@yt_uc2nfrq9,YouTube,게임,게임리뷰,Korea,2180000,646227,7754724,7.47,2.5,18-34,Male,8756.0,2,유지,2026-02-16,없음,26,4.2,메가,스폰서십,2026-06-13,255692,https://yt3.ggpht.com/ytc/AIdro_m-J9C5Jd0qnjDTXqQ1137-FwYV-ckNNhkbblFuBp65t5Y=s240-c-k-c0x00ffffff-no-rj,UC2NFRq9s2neD_Ml0tPhNC2Q,https://www.youtube.com/channel/UC2NFRq9s2neD_Ml0tPhNC2Q
CR_YT_0316,띱 Deep,@yt_ucaxbxrp,YouTube,엔터테인먼트,버라이어티,Korea,2180000,2297979,45959580,3.16,5.0,18-34,Mixed,4466.0,4,상승,2026-01-23,확인필요,8,3.5,메가,PPL,2026-06-13,1159051,https://yt3.ggpht.com/Y3r0eeqgkFziHcflNnErI13tSnEqCnU3g03wxiVtFNuUWSVDYnSVWO-iGSl6SFGl6k8GP1DJSw=s240-c-k-c0x00ffffff-no-rj,UCaxbXRPhdHPXjM-e-F00LVA,https://www.youtube.com/channel/UCaxbXRPhdHPXjM-e-F00LVA
CR_YT_0317,KBS 레전드 케이팝,@yt_ucr5cyf8,YouTube,엔터테인먼트,예능,Korea,2170000,84838,848380,5.57,3.2,18-34,Mixed,8240.0,8,유지,2026-05-16,확인필요,29,3.2,메가,PPL,2026-06-13,31959,https://yt3.ggpht.com/z2cEj5Sse_XApjOG0Qb4G2-1OpAMnZflkowtIVpst9j4c1SdTxu1a4EUjBSFJfhZr6sVMbCZWw=s240-c-k-c0x00ffffff-no-rj,UCR5cyf8hncN_AaQPfmvmlgA,https://www.youtube.com/channel/UCR5cyf8hncN_AaQPfmvmlgA
CR_YT_0318,조재원,@yt_uc2o_y87,YouTube,엔터테인먼트,리액션,Korea,2160000,1375545,15130995,0.53,4.2,18-34,Mixed,1989.0,2,하락,2026-01-17,없음,27,4.2,메가,브랜디드콘텐츠,2026-06-13,359381,https://yt3.ggpht.com/ytc/AIdro_kwSF47uZ8B9Xr3AtiKf-80WrmO8Lq_npo-uNwrKyzRjszF=s240-c-k-c0x00ffffff-no-rj,UC2o_y872S6YvaO1K8EYnoxg,https://www.youtube.com/channel/UC2o_y872S6YvaO1K8EYnoxg
CR_YT_0319,제이키아웃 JAYKEEOUT,@yt_ucytqoml,YouTube,엔터테인먼트,리액션,Korea,2160000,886075,7088600,2.83,4.2,18-34,Mixed,13376.0,12,상승,2026-04-02,없음,38,4.2,메가,PPL,2026-06-13,214723,https://yt3.ggpht.com/sgrMOwfSAN_M-hwKCLFU-b27NHYy8hN-OAvuAKtUOJgXVNa_YzRUTP4TBaru57GXgpFEbfpFPg=s240-c-k-c0x00ffffff-no-rj,UCyTQoMLiPfsRLHBJBtMXKYg,https://www.youtube.com/channel/UCyTQoMLiPfsRLHBJBtMXKYg
CR_YT_0320,곽튜브,@yt_uclrndvo,YouTube,여행,여행브이로그,Korea,2150000,1512415,30248300,8.08,4.8,25-44,Mixed,11044.0,8,상승,2026-05-31,없음,6,5.0,메가,스폰서십,2026-06-13,838783,https://yt3.ggpht.com/whpRwLKLoWAQCwYCbr9Hq4xXF67ktW18y86VDdiMK4xS2xy_rVRMwIO3pf93QI-eZ_sAs7j-jQ=s240-c-k-c0x00ffffff-no-rj,UClRNDVO8093rmRTtLe4GEPw,https://www.youtube.com/channel/UClRNDVO8093rmRTtLe4GEPw
CR_YT_0321,Latte ASMR,@yt_ucqe2y7v,YouTube,라이프스타일,리뷰,Korea,2150000,2120253,33924048,3.43,4.0,18-34,Mixed,4209.0,1,하락,2026-06-02,없음,29,3.7,메가,PPL,2026-06-13,925322,https://yt3.ggpht.com/ytc/AIdro_lUeXNSNdkFuQ7iwz9kevTvQgWSNkrVW9kJxM8-dqfL-HI=s240-c-k-c0x00ffffff-no-rj,UCQe2Y7V-C9bNMAcCJCBvzQQ,https://www.youtube.com/channel/UCQe2Y7V-C9bNMAcCJCBvzQQ
CR_YT_0322,조맹 Chommang_Drawing,@yt_ucm5108v,YouTube,뷰티,스킨케어,Korea,2150000,338753,2710024,5.73,2.1,18-34,Female,6014.0,16,하락,2026-02-09,없음,12,5.0,메가,PPL,2026-06-13,105092,https://yt3.ggpht.com/ytc/AIdro_m7lbnpZppOkENWXoPq_6fRAc4SH9os8bkiLmGhNw_pOA=s240-c-k-c0x00ffffff-no-rj,UCm5108VByLkHnu4-b-moBLQ,https://www.youtube.com/channel/UCm5108VByLkHnu4-b-moBLQ
CR_YT_0323,df 디에프,@yt_ucvii9lz,YouTube,엔터테인먼트,버라이어티,Korea,2130000,888666,9775326,5.54,2.9,18-34,Mixed,4415.0,16,하락,2026-01-27,없음,11,5.0,메가,PPL,2026-06-13,386657,https://yt3.ggpht.com/dP3VS8-ox55QkFdPC8Yu6aoln5FvuiDsFYKeU4OeWyuVpKW2pdUlUYUnQZ_CYT2tFEfskWNc7g=s240-c-k-c0x00ffffff-no-rj,UCviI9lzTe2pkxJ9M2ArA7WQ,https://www.youtube.com/channel/UCviI9lzTe2pkxJ9M2ArA7WQ
CR_YT_0324,김시선,@yt_uc79hjz6,YouTube,엔터테인먼트,버라이어티,Korea,2130000,822981,13167696,1.44,2.3,18-34,Mixed,3396.0,1,유지,2026-04-15,없음,36,3.2,메가,PPL,2026-06-13,528084,https://yt3.ggpht.com/uEfu3W7jqDujg1rYIExDy2dznGAp_v00sRjNk6ZzUCTt7tJwAasH0bvlovTbMO86SQ5-1Jy0=s240-c-k-c0x00ffffff-no-rj,UC79hJz6y1EEiIkwfHOuWC4w,https://www.youtube.com/channel/UC79hJz6y1EEiIkwfHOuWC4w
CR_YT_0325,요리왕비룡 Korean Food Cooking,@yt_uccnupin,YouTube,푸드,레시피,Korea,2130000,298329,3579948,4.89,4.7,18-34,Mixed,540.0,16,상승,2026-02-08,없음,35,4.7,메가,제품리뷰,2026-06-13,96928,https://yt3.ggpht.com/EFQy4HCWufrNEGV9el-bNtxHKwxmfqErnUYdUa0NcsQUWK9ux1Ics2g0Bdy48qOsSAahiyt_-A=s240-c-k-c0x00ffffff-no-rj,UCcNUpInQt1tI3JC_oTPQ20w,https://www.youtube.com/channel/UCcNUpInQt1tI3JC_oTPQ20w
CR_YT_0326,낄낄상회,@yt_uclvwgjv,YouTube,엔터테인먼트,브이로그,Korea,2130000,696055,6264495,1.1,4.2,18-34,Mixed,14671.0,4,유지,2026-01-26,없음,19,5.0,메가,브랜디드콘텐츠,2026-06-13,260116,https://yt3.ggpht.com/ytc/AIdro_lQbEPINE_YzZbFICdrti49Q7lbsLwWvpif2hrRUxaI0SY=s240-c-k-c0x00ffffff-no-rj,UCLVwgJVAzHwA-zv88mrAeZw,https://www.youtube.com/channel/UCLVwgJVAzHwA-zv88mrAeZw
CR_YT_0327,수리노을SuriNoel,@yt_uclsj_re,YouTube,라이프스타일,브이로그,Korea,2110000,659420,6594200,7.32,3.1,18-34,Mixed,2181.0,16,상승,2026-02-13,없음,25,5.0,메가,PPL,2026-06-13,288363,https://yt3.ggpht.com/ytc/AIdro_mthEoL91hZWJ2VPOPbAn0Uw-VZZNBhw_gZ72cnEKz3rjF4=s240-c-k-c0x00ffffff-no-rj,UCLsj_Re3SxtkbZfX_ypY1eQ,https://www.youtube.com/channel/UCLsj_Re3SxtkbZfX_ypY1eQ
CR_YT_0328,KBS Drama Classic,@yt_ucn0nlep,YouTube,엔터테인먼트,브이로그,Korea,2110000,104090,1353170,4.0,3.9,18-34,Mixed,5469.0,16,상승,2026-04-27,없음,10,5.0,메가,PPL,2026-06-13,42862,https://yt3.ggpht.com/Kk6YMN_T2XcqFZttkFVuY4wh1Ze538ZO9FfM5Jf4Q6WA_3w4dozVgItyKSV7sttMaYxHIDmZkg=s240-c-k-c0x00ffffff-no-rj,UCn0nlepACCBD6rxj-GUwn5A,https://www.youtube.com/channel/UCn0nlepACCBD6rxj-GUwn5A
CR_YT_0329,T1 Faker,@yt_ucpjw2h9,YouTube,게임,게임리뷰,Korea,2110000,317022,3804264,6.02,3.4,18-34,Male,10594.0,8,상승,2026-04-17,없음,15,5.0,메가,제품리뷰,2026-06-13,162948,https://yt3.ggpht.com/QNDtSgo_uyNWKbm-p1Zfio8et4cFN5YXDGOx-AtNMMT0VoPvQQb2qBscrlNBgGwBF4SMzvazzg=s240-c-k-c0x00ffffff-no-rj,UCpJw2H9KKqwCCGQKRh1Bf2w,https://www.youtube.com/channel/UCpJw2H9KKqwCCGQKRh1Bf2w
CR_YT_0330,짠한형 신동엽,@yt_ucikso7m,YouTube,엔터테인먼트,브이로그,Korea,2110000,965309,16410253,5.05,3.3,18-34,Mixed,9365.0,12,상승,2026-01-29,없음,29,4.7,메가,PPL,2026-06-13,567724,https://yt3.ggpht.com/NkaB6trOpnkr7dO8YqB2Z3qF4mTw-cY3XTtzVmin8NRZepNitm--2uFd8Cur2SQtYparoJmd=s240-c-k-c0x00ffffff-no-rj,UCikSO7mSQl-lx3BJOBzqA8w,https://www.youtube.com/channel/UCikSO7mSQl-lx3BJOBzqA8w
CR_YT_0331,[AmiAmi]아미아미,@yt_uce6e9tj,YouTube,라이프스타일,브이로그,Korea,2100000,732484,10254776,1.01,4.0,18-34,Mixed,8861.0,1,하락,2026-05-13,없음,38,3.2,메가,브랜디드콘텐츠,2026-06-13,344725,https://yt3.ggpht.com/uqRIf0bVrB92-ywae7ZsdbP_TvgRRIEpY0V5NG0vtuvGvegKaNVNJq7VPvbhMqI4yk6DPyPBzsk=s240-c-k-c0x00ffffff-no-rj,UCE6e9tjKl3l3nGlAcxH7GQg,https://www.youtube.com/channel/UCE6e9tjKl3l3nGlAcxH7GQg
CR_YT_0332,choa asmr,@yt_ucyls5fe,YouTube,푸드,레시피,Korea,2100000,972972,15567552,5.45,3.3,18-34,Mixed,10124.0,16,유지,2026-01-03,없음,20,5.0,메가,먹방협찬,2026-06-13,613241,https://yt3.ggpht.com/ytc/AIdro_lbwcya1CXCiDqSCtWDSxXFO8rrCcuBhpzt3vIE7jSUZfA=s240-c-k-c0x00ffffff-no-rj,UCyls5FepyOPvI-fNOELkkeQ,https://www.youtube.com/channel/UCyls5FepyOPvI-fNOELkkeQ
CR_YT_0333,ZEROBASEONE,@yt_ucsap0yl,YouTube,엔터테인먼트,리액션,Korea,2100000,378462,6812316,4.54,3.4,18-34,Mixed,7629.0,8,상승,2026-01-13,확인필요,15,3.5,메가,PPL,2026-06-13,307476,https://yt3.ggpht.com/46FGwrxVOD07bD1jMQEwIwDLUsH_dsPW2joac-e9MApj4pqBgC4L0LgKb8blIyVGLXYvECRo=s240-c-k-c0x00ffffff-no-rj,UCSAp0Yl9S0Zq5uDqE6im_XQ,https://www.youtube.com/channel/UCSAp0Yl9S0Zq5uDqE6im_XQ
CR_YT_0334,페인트젤리,@yt_ucxastwm,YouTube,엔터테인먼트,예능,Korea,2090000,4303797,68860752,5.65,3.2,18-34,Mixed,12118.0,2,유지,2026-04-25,없음,10,4.5,메가,PPL,2026-06-13,1964584,https://yt3.ggpht.com/ytc/AIdro_mgnpuMyDCl0PEN38mCKWn2mlhyILshf-I-jlCxdgyF034=s240-c-k-c0x00ffffff-no-rj,UCXAStWmQsy2wREbsmWZWMzg,https://www.youtube.com/channel/UCXAStWmQsy2wREbsmWZWMzg
CR_YT_0335,캐리TV 장난감친구들,@yt_ucn106rq,YouTube,교육,스터디,Korea,2080000,860038,11180494,4.48,4.0,25-44,Mixed,8578.0,1,상승,2026-05-11,없음,30,3.7,메가,스폰서십,2026-06-13,291846,https://yt3.ggpht.com/jEZQxoMbwDjBZA4lgGefO7EvT_B6vA2YuJE2XoEd97pOhY8-7bdbk9d_uDiyMazkzTy144XuxA=s240-c-k-c0x00ffffff-no-rj,UCN106RQxroojNzkEMuRC0BA,https://www.youtube.com/channel/UCN106RQxroojNzkEMuRC0BA
CR_YT_0336,ARIRANG K-POP,@yt_uc_6zpf4,YouTube,엔터테인먼트,브이로그,Korea,2080000,29230,467680,5.87,4.9,18-34,Mixed,12743.0,4,유지,2026-04-26,없음,8,5.0,메가,PPL,2026-06-13,13169,https://yt3.ggpht.com/GHTwk2AOz-tafgMs3PVgblajlpuJNtOqq_d_hHN5zo5jUAwalLK272uQxZx6YG-0lH706I4PtQ=s240-c-k-c0x00ffffff-no-rj,UC_6zPf4uuteHFFctnQtEaXQ,https://www.youtube.com/channel/UC_6zPf4uuteHFFctnQtEaXQ
CR_YT_0337,핑크퐁! 아기상어 올리,@yt_uc-9tn-i,YouTube,교육,스터디,Korea,2080000,1205156,10846404,5.77,2.0,25-44,Mixed,5921.0,4,상승,2026-05-07,없음,23,5.0,메가,제품리뷰,2026-06-13,277742,https://yt3.ggpht.com/1ARG7A9VPC26DsVjV3mdzgzCICS_khhp93rrzH9_k1yfXEqs-6uGBmz15zPYUfJ5WCjN7fohtA=s240-c-k-c0x00ffffff-no-rj,UC-9Tn-iH6W_187YwCOf7CGw,https://www.youtube.com/channel/UC-9Tn-iH6W_187YwCOf7CGw
CR_YT_0338,쿠킹씨 Cooking See,@yt_uc6clzhs,YouTube,푸드,레시피,Korea,2080000,1782178,17821780,6.44,3.2,18-34,Mixed,13988.0,4,유지,2026-02-18,없음,17,5.0,메가,제품리뷰,2026-06-13,757596,https://yt3.ggpht.com/ytc/AIdro_mTS3dErefeSNf6zhzuEy0ic1H5GIFMwQ3OxQ-LTaej0g=s240-c-k-c0x00ffffff-no-rj,UC6cLZhS32vg4LGOJM7NuFPA,https://www.youtube.com/channel/UC6cLZhS32vg4LGOJM7NuFPA
CR_YT_0339,미스&미스터트롯,@yt_ucskikqg,YouTube,엔터테인먼트,버라이어티,Korea,2070000,235000,4465000,6.56,2.1,18-34,Mixed,7032.0,16,하락,2026-01-02,없음,12,5.0,메가,PPL,2026-06-13,139390,https://yt3.ggpht.com/1hHTFCC-3Z0OZSN_zMITW14CQM-R_BwjxydcXupZYYqaVnBhcrs1-ZiobW-RUqttP6Nwpwta3oU=s240-c-k-c0x00ffffff-no-rj,UCskIKQGpjI5sG2ZLtWLYSmw,https://www.youtube.com/channel/UCskIKQGpjI5sG2ZLtWLYSmw
CR_YT_0340,욘니와치애,@yt_uclc4vxu,YouTube,엔터테인먼트,버라이어티,Korea,2070000,1606280,25700480,4.93,3.3,18-34,Mixed,11826.0,12,상승,2026-01-27,없음,35,4.7,메가,브랜디드콘텐츠,2026-06-13,1041169,https://yt3.ggpht.com/WsWh_BOyw8N1uWcZL3dL9cdjLPpNrmLp_tuCe6UbT3c_qiBsSAVbvl9hMSYW0Nrpb-3J8xeO-Q=s240-c-k-c0x00ffffff-no-rj,UClc4VxUeXxJvse6RkAd_ztQ,https://www.youtube.com/channel/UClc4VxUeXxJvse6RkAd_ztQ
CR_YT_0341,보물섬,@yt_uc9zlv1m,YouTube,엔터테인먼트,리액션,Korea,2060000,2370689,33189646,5.35,3.0,18-34,Mixed,13781.0,8,상승,2026-03-29,없음,31,4.7,메가,PPL,2026-06-13,1283626,https://yt3.ggpht.com/UJgYdxs2w6CgqOOZSEsdSHl9Hcxn-ntszg6o9Q4QNEx9BVn1SpFdwtfjFr_jUXR0ocjrorfP6xc=s240-c-k-c0x00ffffff-no-rj,UC9ZLv1m7QDLv991X1-p50AA,https://www.youtube.com/channel/UC9ZLv1m7QDLv991X1-p50AA
CR_YT_0342,Talk To Me In Korean,@yt_uc5r3whr,YouTube,교육,정보,Korea,2060000,59880,718560,1.57,3.2,25-44,Mixed,10672.0,16,유지,2026-02-21,없음,37,4.2,메가,제품리뷰,2026-06-13,24358,https://yt3.ggpht.com/M4RozICbyyC4u78IdCrJagzOaKoCocsAYGqWTopCUqvysgY9SsKjZgGBG-lVIYMy8WiCQni5=s240-c-k-c0x00ffffff-no-rj,UC5r3WHrX4Z7peSYpDlgktGw,https://www.youtube.com/channel/UC5r3WHrX4Z7peSYpDlgktGw
CR_YT_0343,웃소 Wootso,@yt_ucmzmtxr,YouTube,게임,e스포츠,Korea,2040000,1803103,19834133,2.82,3.0,18-34,Male,9926.0,16,상승,2026-01-30,없음,13,5.0,메가,스폰서십,2026-06-13,751658,https://yt3.ggpht.com/ytc/AIdro_nT3LUIPqUsAhO3u7qEAbpnqZrNZVRPifc3mtJnt5piaHs=s240-c-k-c0x00ffffff-no-rj,UCmzMtXrJgfCqA0rfhz8_P4A,https://www.youtube.com/channel/UCmzMtXrJgfCqA0rfhz8_P4A
CR_YT_0344,리틀신비🎵 | 키즈 율동 동요,@yt_ucbxvj_h,YouTube,엔터테인먼트,리액션,Korea,2040000,1156015,23120300,4.34,3.7,13-17,Mixed,13461.0,16,하락,2026-01-04,없음,31,4.7,메가,PPL,2026-06-13,729496,https://yt3.ggpht.com/afn7Aqr78LvTKNwjh-eB48wbxqUGdJKnEs1OLz0eEmgI8vi6WYp94L3eA1GHt9BEqTqBKXUMBg=s240-c-k-c0x00ffffff-no-rj,UCbXvj_H3xn3J0j-9Fh75Z3w,https://www.youtube.com/channel/UCbXvj_H3xn3J0j-9Fh75Z3w
CR_YT_0345,SSIEL,@yt_ucefunem,YouTube,엔터테인먼트,리액션,Korea,2030000,913978,14623648,3.55,2.2,18-34,Mixed,11890.0,1,유지,2026-01-16,없음,17,4.0,메가,브랜디드콘텐츠,2026-06-13,377548,https://yt3.ggpht.com/EoO5o7aG1LBE_UoH04siHBsXCdAza13KAu5eN0IGdxgHxESHqP8uuHW7-fjcub93oaWe_YU0=s240-c-k-c0x00ffffff-no-rj,UCefUNEmG0FTsvM1qjasy5Hw,https://www.youtube.com/channel/UCefUNEmG0FTsvM1qjasy5Hw
CR_YT_0346,문명특급 - MMTG,@yt_ucuyfkq9,YouTube,엔터테인먼트,버라이어티,Korea,2020000,824598,15667362,2.13,3.6,18-34,Mixed,13087.0,4,하락,2026-03-02,없음,33,4.7,메가,PPL,2026-06-13,652310,https://yt3.ggpht.com/5YIN8GJRvvCO_nZD5VCNkQyE9TSUljQx0Abz7SXzLF4SBWd04bqiXVf7hn50BSh3M6uiZMtgoLY=s240-c-k-c0x00ffffff-no-rj,UCUyfkq9e9ZfPzxOW5WQ9rzQ,https://www.youtube.com/channel/UCUyfkq9e9ZfPzxOW5WQ9rzQ
CR_YT_0347,[상윤쓰]Sangyoon,@yt_ucb-y7yx,YouTube,엔터테인먼트,예능,Korea,2020000,2193308,35092928,6.89,2.9,18-34,Mixed,6120.0,16,유지,2026-03-06,없음,8,5.0,메가,브랜디드콘텐츠,2026-06-13,1461053,https://yt3.ggpht.com/ytc/AIdro_kPCz8WI08HYCFfVXgfpmauKabJp1YBqXq6bPJ1pAW9WW4=s240-c-k-c0x00ffffff-no-rj,UCb-y7YXK75lcU76lyFwBDgQ,https://www.youtube.com/channel/UCb-y7YXK75lcU76lyFwBDgQ
CR_YT_0348,의학채널 비온뒤,@yt_ucf9vbhl,YouTube,뷰티,뷰티리뷰,Korea,2020000,39444,433884,6.75,4.6,18-34,Female,10717.0,20,유지,2026-02-19,없음,19,5.0,메가,제품리뷰,2026-06-13,16406,https://yt3.ggpht.com/4DP9_UW867ni4P15sCLpqVuBistaF55RWAURGdjXr5jexE2y7GRW8KuQhU_mdeeKmfUM6S6ZGA=s240-c-k-c0x00ffffff-no-rj,UCF9vbHlZpz7FbOAky3fnYxw,https://www.youtube.com/channel/UCF9vbHlZpz7FbOAky3fnYxw
CR_YT_0349,RIIZE,@yt_ucdvd0ms,YouTube,엔터테인먼트,리액션,Korea,2020000,715090,8581080,8.37,2.2,18-34,Mixed,1089.0,2,유지,2026-02-11,없음,37,3.7,메가,브랜디드콘텐츠,2026-06-13,290089,https://yt3.ggpht.com/LYWvIaDoTwXUfcK8dwKMgFIE5R2UZjUdvCgjF0GrIW2YP46JAAwDj9BFkXbTGfCjNyuUAOVk5w=s240-c-k-c0x00ffffff-no-rj,UCdVD0MsYecQaIE5Ru-pOIQQ,https://www.youtube.com/channel/UCdVD0MsYecQaIE5Ru-pOIQQ
CR_YT_0350,채널 NCT DANCE,@yt_uccnk_xp,YouTube,엔터테인먼트,리액션,Korea,2020000,5476190,93095230,0.55,3.4,18-34,Mixed,5178.0,2,상승,2026-05-27,없음,7,4.5,메가,PPL,2026-06-13,4009952,https://yt3.ggpht.com/ytc/AIdro_k8U-iQXZ7PJn8aN1web-76unQQPDv98Se8nRTE-I6W7A=s240-c-k-c0x00ffffff-no-rj,UCcnk_XPx9NtZDFhBdz-DfIA,https://www.youtube.com/channel/UCcnk_XPx9NtZDFhBdz-DfIA
CR_YT_0351,헬로카봇 - hello carbot official,@yt_uc0svqb_,YouTube,엔터테인먼트,브이로그,Korea,2010000,917469,14679504,6.77,3.0,18-34,Mixed,11901.0,2,상승,2026-01-24,없음,16,4.5,메가,PPL,2026-06-13,465173,https://yt3.ggpht.com/xgaz-CPWXDXf7h2pNEDdtEMVTXnk6xC6C_5U3EFrsZR8400s--6kH4JRXRVod63nEq9RySve2Q=s240-c-k-c0x00ffffff-no-rj,UC0SVqB_1E2Kgh3cx3Y8xtfA,https://www.youtube.com/channel/UC0SVqB_1E2Kgh3cx3Y8xtfA
CR_YT_0352,사피엔스 스튜디오,@yt_uc-9rqcj,YouTube,엔터테인먼트,브이로그,Korea,1990000,118583,1541579,2.21,3.0,18-34,Mixed,11414.0,4,하락,2026-01-30,없음,23,5.0,메가,브랜디드콘텐츠,2026-06-13,43926,https://yt3.ggpht.com/ZrNxWUUQqagGxX4Sts33lf2gnTFZGBSCEfPW36YYRf4phOoW6xBef-FE8P5lxgXfB4YhXFCZgG4=s240-c-k-c0x00ffffff-no-rj,UC-9RQCJ0gS_Kgt7J0SVrE8w,https://www.youtube.com/channel/UC-9RQCJ0gS_Kgt7J0SVrE8w
CR_YT_0353,스터디언,@yt_uctfglmp,YouTube,라이프스타일,일상,Korea,1990000,68954,1241172,2.42,3.9,18-34,Mixed,10397.0,12,유지,2026-04-09,없음,20,5.0,메가,PPL,2026-06-13,38981,https://yt3.ggpht.com/P7wtysONBkocPwpF_nd7YRgY3-zjWfUfAHMbRRY5Q_cmKXKC5vljoXE-e1w7rIbOZDYBAaZPA_A=s240-c-k-c0x00ffffff-no-rj,UCtfGLmp6xMwvPoYpI-A5Kdg,https://www.youtube.com/channel/UCtfGLmp6xMwvPoYpI-A5Kdg
CR_YT_0354,지니키즈 Genikids (인기 동요・동화),@yt_uc-8xpsl,YouTube,교육,스터디,Korea,1980000,1172185,14066220,2.76,4.7,13-17,Mixed,7877.0,20,유지,2026-02-19,없음,28,4.7,메가,스폰서십,2026-06-13,505524,https://yt3.ggpht.com/ytc/AIdro_n14QiQl5BnSXxIZbWR7OgkOBcx236ho7SCELcp9750ISo=s240-c-k-c0x00ffffff-no-rj,UC-8xPSlb0xDYqSuIWcdcPAQ,https://www.youtube.com/channel/UC-8xPSlb0xDYqSuIWcdcPAQ
CR_YT_0355,TWS,@yt_uc8c6qop,YouTube,엔터테인먼트,버라이어티,Korea,1980000,528301,6867913,8.09,2.5,18-34,Mixed,9591.0,20,상승,2026-01-27,없음,39,4.2,메가,PPL,2026-06-13,242603,https://yt3.ggpht.com/oLineVsrAbYEfl8hC4sPloPhni_9Bza78KCAvLsU5lx7jZDW6g1qog4JogzwAnhYRh2rn0t79w=s240-c-k-c0x00ffffff-no-rj,UC8C6QOPDVYwmuaSBZksefdg,https://www.youtube.com/channel/UC8C6QOPDVYwmuaSBZksefdg
CR_YT_0356,조효진 Hyojin Cho,@yt_ucuzu8nr,YouTube,라이프스타일,브이로그,Korea,1970000,412573,4538303,6.12,4.9,18-34,Mixed,14126.0,20,상승,2026-03-26,없음,32,4.7,메가,브랜디드콘텐츠,2026-06-13,162838,https://yt3.ggpht.com/wz3jXQVNHXBMac8bD_qPRLFpBvVfGye3P2HaJesstPC333tqP1iN77sfZyGeFu8qPAlNE4Kk=s240-c-k-c0x00ffffff-no-rj,UCuZu8NrpBG4WPXRi-hPBl-A,https://www.youtube.com/channel/UCuZu8NrpBG4WPXRi-hPBl-A
CR_YT_0357,디스패치 / Dispatch,@yt_uc1reoal,YouTube,엔터테인먼트,브이로그,Korea,1960000,26428,211424,0.93,4.4,18-34,Mixed,3801.0,12,유지,2026-04-26,없음,9,5.0,메가,PPL,2026-06-13,5364,https://yt3.ggpht.com/xGdOvs9dRa7F0REJR5TavOAFX0xmJ-Tq8acY99tQ55c725UigE8akxB0__Vy-NT25iB5Y4VP=s240-c-k-c0x00ffffff-no-rj,UC1reoal0esOCQkomB97e9wQ,https://www.youtube.com/channel/UC1reoal0esOCQkomB97e9wQ
CR_YT_0358,Beginagain 비긴어게인,@yt_uc8wohue,YouTube,엔터테인먼트,예능,Korea,1960000,464968,8369424,3.03,3.2,18-34,Mixed,10944.0,1,상승,2026-04-02,확인필요,39,1.7,메가,브랜디드콘텐츠,2026-06-13,274269,https://yt3.ggpht.com/B_mNxhXkklAMWP_qntwQ-TgfwszXkvgF_QsaeaYpjCRkQuGdjDAnjQOFBoIC8H192agLTjfbEA=s240-c-k-c0x00ffffff-no-rj,UC8WoHUeN-eLynnLKGkwajYQ,https://www.youtube.com/channel/UC8WoHUeN-eLynnLKGkwajYQ
CR_YT_0359,레이디버그TV,@yt_ucibrieq,YouTube,엔터테인먼트,예능,Korea,1950000,104154,1666464,6.8,2.9,18-34,Mixed,6846.0,1,유지,2026-02-10,없음,23,4.0,메가,PPL,2026-06-13,43011,https://yt3.ggpht.com/u1SFp-Qa19tBBSVtvEiKwGvZ85ktYJZv-E-ekhH-4SKfKjbGMsCbqzg8AO5AUekHauwk-Ua_eao=s240-c-k-c0x00ffffff-no-rj,UCIbRieQoLhVIkHHMEQo906A,https://www.youtube.com/channel/UCIbRieQoLhVIkHHMEQo906A
CR_YT_0360,스토리,@yt_ucm2piwc,YouTube,엔터테인먼트,리액션,Korea,1950000,5050505,80808080,6.47,4.4,18-34,Mixed,9694.0,20,유지,2026-05-22,없음,39,4.2,메가,브랜디드콘텐츠,2026-06-13,2300083,https://yt3.ggpht.com/ArBE4TRbn2hcjtgT8OCJpEPFG6mMOb7dI_SlP7UYBfjol6LdM3o3_nx2tB6DtiviRTgrQBL9FQ=s240-c-k-c0x00ffffff-no-rj,UCm2PiWccs-otbzhjiNXHu5g,https://www.youtube.com/channel/UCm2PiWccs-otbzhjiNXHu5g
CR_YT_0361,주태백이TV JTBETV,@yt_ucbqpl6f,YouTube,엔터테인먼트,리액션,Korea,1950000,376156,6018496,0.83,3.7,18-34,Mixed,1734.0,8,상승,2026-04-16,없음,39,4.2,메가,브랜디드콘텐츠,2026-06-13,160284,https://yt3.ggpht.com/893IiqDNs2TfqWqhQ6kSLwmhrjGlbvfp3PYtSHzeKsqiACr2GIbJPO8qCtLo09Ob4p0C2Vr4=s240-c-k-c0x00ffffff-no-rj,UCBQpl6Fc51HlG6Ik0RZjVPg,https://www.youtube.com/channel/UCBQpl6Fc51HlG6Ik0RZjVPg
CR_YT_0362,와썹맨-Wassup Man,@yt_ucyguhr7,YouTube,엔터테인먼트,예능,Korea,1940000,1254125,22574250,1.64,2.6,18-34,Mixed,3130.0,12,하락,2026-05-21,없음,21,5.0,메가,PPL,2026-06-13,975223,https://yt3.ggpht.com/Zbnyc0O_-stC6emtPIx8LosJpKdAMHNtp7yVuNK4pGo4h6X1Q6lnKH0BedjNDoJJnhDdV8VOaVU=s240-c-k-c0x00ffffff-no-rj,UCYgUhR7EGKauFXgJS0pckGg,https://www.youtube.com/channel/UCYgUhR7EGKauFXgJS0pckGg
CR_YT_0363,KBS HUMAN : 뭉클티비,@yt_uc6wiuwl,YouTube,엔터테인먼트,예능,Korea,1940000,107500,967500,1.04,2.3,18-34,Mixed,5679.0,16,상승,2026-06-08,없음,36,4.2,메가,PPL,2026-06-13,29136,https://yt3.ggpht.com/CeATptP3peu6d25dRpN1nw8p95hGY1geFLzQyhgn0Emcm6cKOQ2Cf4zrtQI0csYuGt_W5uco=s240-c-k-c0x00ffffff-no-rj,UC6wiUwl7dPhZOAM92lGgKPg,https://www.youtube.com/channel/UC6wiUwl7dPhZOAM92lGgKPg
CR_YT_0364,Daily Busking,@yt_ucmq0kuq,YouTube,엔터테인먼트,리액션,Korea,1930000,766129,6895161,3.04,3.4,18-34,Mixed,2710.0,12,하락,2026-04-20,없음,24,5.0,메가,PPL,2026-06-13,305704,https://yt3.ggpht.com/M5hhu7XVxpOVT2ts8WE2eZGK2vgSN8k1HOkMfn8wDIrYCZcBXAtynQvRJluOhdw0EZUWTApK=s240-c-k-c0x00ffffff-no-rj,UCMQ0kUQ13dTJi3026OF8sFA,https://www.youtube.com/channel/UCMQ0kUQ13dTJi3026OF8sFA
CR_YT_0365,썰레임 Ssuleim,@yt_ucz0dis-,YouTube,엔터테인먼트,브이로그,Korea,1930000,1669626,16696260,2.47,2.7,18-34,Mixed,5713.0,16,유지,2026-04-25,없음,32,4.7,메가,PPL,2026-06-13,391461,https://yt3.ggpht.com/sKX9kEDyH9BS8r22P2nWd7ZYmilk5UEijI8XOmmxengiFFfb0kIlBqHTlo1THOhsiSNykAY7HQ=s240-c-k-c0x00ffffff-no-rj,UCZ0dIs-Ao2v8eZF4WOYH5uw,https://www.youtube.com/channel/UCZ0dIs-Ao2v8eZF4WOYH5uw
CR_YT_0366,HWASA,@yt_ucim8arb,YouTube,엔터테인먼트,버라이어티,Korea,1930000,5099999,66299987,4.4,2.3,18-34,Mixed,12951.0,16,상승,2026-06-10,없음,10,5.0,메가,PPL,2026-06-13,2745563,https://yt3.ggpht.com/2_77fIgoLqmDyNdwJu7jotcHDnLrkxSlkM8ZizmRYjeZz8L22TZBN444jnL0cvzVT1Ojb4XTOzE=s240-c-k-c0x00ffffff-no-rj,UCiM8arBZ-GyuBFG3wy6fEgw,https://www.youtube.com/channel/UCiM8arBZ-GyuBFG3wy6fEgw
CR_YT_0367,Tido Kang,@yt_ucoec_kr,YouTube,엔터테인먼트,버라이어티,Korea,1920000,624048,5616432,7.64,4.5,18-34,Mixed,8894.0,16,하락,2026-05-22,없음,6,5.0,메가,브랜디드콘텐츠,2026-06-13,226379,https://yt3.ggpht.com/ytc/AIdro_mC4iGZwJI4kx1doMxryPGhdSeYac9rAFcclgn8TPGoew=s240-c-k-c0x00ffffff-no-rj,UCoEC_KrFVcmGx27vfZ-hiyg,https://www.youtube.com/channel/UCoEC_KrFVcmGx27vfZ-hiyg
CR_YT_0368,saranghoe,@yt_uc_ph4l_,YouTube,라이프스타일,리뷰,Korea,1920000,794392,9532704,8.49,3.4,18-34,Mixed,3738.0,20,하락,2026-02-04,없음,14,5.0,메가,브랜디드콘텐츠,2026-06-13,343313,https://yt3.ggpht.com/kDqvJSD0LqFbFJ-t-S6AFDMt6GlsKQhE7TaS-3AyZdA9XBiLvl5bCPCvpERuTUu4TnlD7o2M_g=s240-c-k-c0x00ffffff-no-rj,UC_PH4L_uvMdYElAtU7a7HjA,https://www.youtube.com/channel/UC_PH4L_uvMdYElAtU7a7HjA
CR_YT_0369,미미미누,@yt_ucynhdf4,YouTube,교육,정보,Korea,1920000,743478,11152170,1.22,3.1,25-44,Mixed,12195.0,1,하락,2026-05-12,없음,20,4.0,메가,제품리뷰,2026-06-13,390618,https://yt3.ggpht.com/ytc/AIdro_l3SlR6xJhiGRDqLE5n4-r5cHCEKVMwUwX1cRbnx8LyM0w=s240-c-k-c0x00ffffff-no-rj,UCyNHdF4hMxHUFSsPbY24p6A,https://www.youtube.com/channel/UCyNHdF4hMxHUFSsPbY24p6A
CR_YT_0370,김재원의 즐거운 세상,@yt_ucta_nrw,YouTube,게임,게임리뷰,Korea,1910000,808759,8087590,1.93,4.8,18-34,Male,7511.0,16,유지,2026-05-05,없음,14,5.0,메가,제품리뷰,2026-06-13,272916,https://yt3.ggpht.com/ytc/AIdro_nHjUQ_JQyI3jv4h0vf7stsB3AfXqIHyGa4yyAwjmlwNf8=s240-c-k-c0x00ffffff-no-rj,UCta_NRwnsUaew0t3VNxBNyg,https://www.youtube.com/channel/UCta_NRwnsUaew0t3VNxBNyg
CR_YT_0371,더블비,@yt_ucycl5k8,YouTube,엔터테인먼트,브이로그,Korea,1900000,1627469,17902159,3.46,2.1,18-34,Mixed,5738.0,2,유지,2026-01-11,없음,38,3.7,메가,브랜디드콘텐츠,2026-06-13,443975,https://yt3.ggpht.com/eIbeb7jz4e7w0Dm328jkBcn9-5s4cWUt7tWA-W8sCf_kKwVpAhbT7-shQBW4bFjju5xPKkKFR78=s240-c-k-c0x00ffffff-no-rj,UCyCL5k8P1iUOc1EymhhMW1A,https://www.youtube.com/channel/UCyCL5k8P1iUOc1EymhhMW1A
CR_YT_0372,티니핑TV,@yt_uctm_ppw,YouTube,게임,e스포츠,Korea,1890000,1380281,24845058,6.13,3.6,18-34,Male,4318.0,20,하락,2026-04-07,없음,22,5.0,메가,제품리뷰,2026-06-13,767587,https://yt3.ggpht.com/0jiLIGopUhORKQBiXSjrmU8pGZphfhFRUf4fHeo7W-mAn2dPYACJVY_6KPS8MYpMJygKvuay=s240-c-k-c0x00ffffff-no-rj,UCtm_ppWxsfRzxaYXMA2bqMw,https://www.youtube.com/channel/UCtm_ppWxsfRzxaYXMA2bqMw
CR_YT_0373,KBS 같이삽시다,@yt_ucp3vy7d,YouTube,엔터테인먼트,브이로그,Korea,1890000,120000,2160000,5.2,4.7,18-34,Mixed,14604.0,1,상승,2026-03-30,없음,38,3.2,메가,PPL,2026-06-13,69477,https://yt3.ggpht.com/IG3qrIrxqVgmLd4Fabwav1dbh6sxfhDJIH-WbpDdIcTuCZXyxOeBwM0oB_zaP2JIUILW4gMbI-s=s240-c-k-c0x00ffffff-no-rj,UCp3Vy7dFjIheDLbMekpdMQw,https://www.youtube.com/channel/UCp3Vy7dFjIheDLbMekpdMQw
CR_YT_0374,SBS 옛날 예능 - 빽능,@yt_ucvrieqe,YouTube,엔터테인먼트,버라이어티,Korea,1880000,302307,4534605,7.6,2.0,18-34,Mixed,1618.0,2,유지,2026-02-17,없음,33,4.2,메가,브랜디드콘텐츠,2026-06-13,189676,https://yt3.ggpht.com/Kaq0NtwTAlVRykUt0UEYRErTrTalRM86AjKob4uHJGj4JyHuSXhbOEgnZgK1ra5T2W4aSFqj7yI=s240-c-k-c0x00ffffff-no-rj,UCvRIeQeTZDHRcqVZRu0XBug,https://www.youtube.com/channel/UCvRIeQeTZDHRcqVZRu0XBug
CR_YT_0375,유병재,@yt_uchw9p66,YouTube,엔터테인먼트,브이로그,Korea,1880000,1168831,11688310,6.24,2.4,18-34,Mixed,10944.0,2,유지,2026-02-23,없음,31,4.2,메가,PPL,2026-06-13,371515,https://yt3.ggpht.com/ytc/AIdro_ny3_7x7wGswXASawBIme4eazHVZAFR_3Dt-gw6p_zBu9c=s240-c-k-c0x00ffffff-no-rj,UCHw9p667e9l0qoYfY8calaA,https://www.youtube.com/channel/UCHw9p667e9l0qoYfY8calaA
CR_YT_0376,PREMIUM DANCE STUDIO,@yt_ucbatund,YouTube,엔터테인먼트,예능,Korea,1880000,234633,3988761,7.17,2.1,18-34,Mixed,2836.0,1,하락,2026-01-15,없음,13,4.0,메가,브랜디드콘텐츠,2026-06-13,108078,https://yt3.ggpht.com/Kec2RBsgW7R-n6u9pQchiWnpu7kwsh3qVSjRHj7jATWWb6YZ7QoxYmn5d3QKEyz8BaB2Fpyi=s240-c-k-c0x00ffffff-no-rj,UCBatunD4YgAwzy8Xrd1ucOw,https://www.youtube.com/channel/UCBatunD4YgAwzy8Xrd1ucOw
CR_YT_0377,TVCHOSUN JOY,@yt_ucyeeewh,YouTube,엔터테인먼트,예능,Korea,1880000,101052,1010520,1.94,4.9,18-34,Mixed,11056.0,12,유지,2026-04-25,없음,6,5.0,메가,브랜디드콘텐츠,2026-06-13,29668,https://yt3.ggpht.com/eE6J8i9UZCrB1DFawA8PO5gyHcPwjcJnewTxpZOHesCu5EUtR8ktIZbs2HyFSIwpL6eYNbXdJQ=s240-c-k-c0x00ffffff-no-rj,UCYeeEwH_s9yD9HQe4e2JuBw,https://www.youtube.com/channel/UCYeeEwH_s9yD9HQe4e2JuBw
CR_YT_0378,SBS STORY,@yt_ucyzv9v_,YouTube,엔터테인먼트,리액션,Korea,1870000,27311,464287,7.44,2.5,18-34,Mixed,12022.0,20,상승,2026-03-29,없음,31,4.7,메가,브랜디드콘텐츠,2026-06-13,21588,https://yt3.ggpht.com/lSiWHjOhh-VXgpSsbQI8eihrVOEKP1Ke208vUz-wOGmWRsS6hUzuuRTaN4kNgNax4c4JVnE6ymQ=s240-c-k-c0x00ffffff-no-rj,UCYZv9v_bwfMGc64gLRe34OA,https://www.youtube.com/channel/UCYZv9v_bwfMGc64gLRe34OA
CR_YT_0379,내셔널지오그래픽 - National Geographic Korea,@yt_ucpeclb_,YouTube,엔터테인먼트,브이로그,Korea,1870000,235467,3532005,1.05,3.1,18-34,Mixed,8079.0,2,하락,2026-06-05,확인필요,11,3.0,메가,브랜디드콘텐츠,2026-06-13,131575,https://yt3.ggpht.com/ytc/AIdro_ll9GD475ws_XC0CQQhVOB-F-_O9_1gO-hfQq1dZp2EgZU=s240-c-k-c0x00ffffff-no-rj,UCPECLB_-7T4WukChKqhjv8g,https://www.youtube.com/channel/UCPECLB_-7T4WukChKqhjv8g
CR_YT_0380,Rock Music,@yt_uc8yphlm,YouTube,엔터테인먼트,버라이어티,Korea,1860000,81875,736875,7.71,3.8,18-34,Mixed,2204.0,20,유지,2026-04-21,없음,39,4.2,메가,브랜디드콘텐츠,2026-06-13,20244,https://yt3.ggpht.com/ytc/AIdro_lgYHUzUXTkIG-CJjCLRi8IDj7NnsriGM86ip62_JefqwA=s240-c-k-c0x00ffffff-no-rj,UC8yPhlmo-4MY5ZfF-cw3JRg,https://www.youtube.com/channel/UC8yPhlmo-4MY5ZfF-cw3JRg
CR_YT_0381,꼬꼬스토이 한국어,@yt_ucy5sj4h,YouTube,교육,강의,Korea,1860000,3101503,49624048,7.5,4.1,25-44,Mixed,7491.0,8,유지,2026-04-19,없음,19,5.0,메가,제품리뷰,2026-06-13,1645002,https://yt3.ggpht.com/LOf96bVHjHdPc5QChbQ28PIxgQzbBLtVVbVebpujIuyF3VfONpzo9jnY-w_Wt3g3dVpjhD4MxA=s240-c-k-c0x00ffffff-no-rj,UCY5SJ4hCY2lSluHeXYbqG1A,https://www.youtube.com/channel/UCY5SJ4hCY2lSluHeXYbqG1A
CR_YT_0382,파뿌리,@yt_uclzb2iz,YouTube,엔터테인먼트,버라이어티,Korea,1850000,1068472,10684720,6.63,4.7,18-34,Mixed,8384.0,1,유지,2026-01-02,없음,23,4.0,메가,브랜디드콘텐츠,2026-06-13,312764,https://yt3.ggpht.com/adpAlxLPe407R34aT8TN2fyDSUlk37NEH3p5Dr8VQMiP-Lhz14tPyxWG4lmNtN4vmjskXyOj=s240-c-k-c0x00ffffff-no-rj,UClzB2iZ5jPoTNz0S-QU6Wiw,https://www.youtube.com/channel/UClzB2iZ5jPoTNz0S-QU6Wiw
CR_YT_0383,진성호방송,@yt_uc-orgzn,YouTube,라이프스타일,리뷰,Korea,1850000,234444,3985548,4.66,3.1,18-34,Mixed,2045.0,2,유지,2026-03-08,없음,25,4.5,메가,브랜디드콘텐츠,2026-06-13,141590,https://yt3.ggpht.com/ytc/AIdro_l1kAGV7ur7s4jwKj6uvdFD_sk8sApUwIjEvVb2iB0toQk=s240-c-k-c0x00ffffff-no-rj,UC-ORGzN6c-OZyCw9YAYNjkA,https://www.youtube.com/channel/UC-ORGzN6c-OZyCw9YAYNjkA
CR_YT_0384,꾹TV(Kkuk TV),@yt_ucbuks6f,YouTube,엔터테인먼트,브이로그,Korea,1850000,599369,9589904,3.43,2.8,18-34,Mixed,6492.0,16,하락,2026-04-05,없음,30,4.7,메가,브랜디드콘텐츠,2026-06-13,318542,https://yt3.ggpht.com/eHQc0hapFpxLh81BZn0YEywwHLTrI1E7e2MyFkgQj6FGCtYzCuB_uA9NB11gzkYtIoqalGS60A=s240-c-k-c0x00ffffff-no-rj,UCbuks6fmwRefCTGg9aNwgeQ,https://www.youtube.com/channel/UCbuks6fmwRefCTGg9aNwgeQ
CR_YT_0385,정선호(Seonho Jung),@yt_uc1dk7om,YouTube,라이프스타일,리뷰,Korea,1850000,1358912,21742592,2.53,2.9,18-34,Mixed,12897.0,4,상승,2026-04-25,없음,30,4.7,메가,PPL,2026-06-13,788848,https://yt3.ggpht.com/g5w8FozZG1ACxY7LjEKWOlJbC5AbFnVVcGZ4V2wJuJSz_U5tAtVT5jS7FB7NFr0fukQs5Ipos7g=s240-c-k-c0x00ffffff-no-rj,UC1dK7oMUSR9Rnk1BSpOKZng,https://www.youtube.com/channel/UC1dK7oMUSR9Rnk1BSpOKZng
CR_YT_0386,Cherry Toon,@yt_ucz2kbgt,YouTube,엔터테인먼트,버라이어티,Korea,1850000,1475409,29508180,1.79,2.6,18-34,Mixed,9403.0,8,상승,2026-06-12,없음,26,4.7,메가,PPL,2026-06-13,1170017,https://yt3.ggpht.com/jncSjIAgMoa-WVFJNsu8gLwhiUFdHI8k3gZZkgMTCiq9xCcPiryUnHvQAKMHQ3PnHlfi-g6IQy8=s240-c-k-c0x00ffffff-no-rj,UCz2KbgTUwirkfmHDT44009w,https://www.youtube.com/channel/UCz2KbgTUwirkfmHDT44009w
CR_YT_0387,CheerS & Sports,@yt_uc2nsp5d,YouTube,피트니스,운동,Korea,1850000,120000,960000,7.09,3.4,25-44,Mixed,4315.0,12,유지,2026-04-09,없음,32,4.7,메가,제품리뷰,2026-06-13,40417,https://yt3.ggpht.com/ytc/AIdro_ljIni3LeVtle1bYeTVnv2dVupIXH5b5odVcIBlferXcsA=s240-c-k-c0x00ffffff-no-rj,UC2nsP5D6eG2RSFLqA24AAsw,https://www.youtube.com/channel/UC2nsP5D6eG2RSFLqA24AAsw
CR_YT_0388,Damai Indonesiaku tvOne,@yt_ucasmzgv,YouTube,라이프스타일,일상,Korea,1850000,15240,213360,4.67,4.1,18-34,Mixed,12393.0,12,유지,2026-02-21,없음,8,5.0,메가,PPL,2026-06-13,8034,https://yt3.ggpht.com/JNTEbY4dmqyk7ybMVvxjKw9Waxdx1WSonU121S7zi6OefOe4HZIIgPt5qzo3QBA9bwB11jXcwHQ=s240-c-k-c0x00ffffff-no-rj,UCasMZGvChuKk6mIKIsCICJw,https://www.youtube.com/channel/UCasMZGvChuKk6mIKIsCICJw
CR_YT_0389,LESA ASMR 레사,@yt_ucnbdlbs,YouTube,라이프스타일,리뷰,Korea,1840000,945347,17016246,4.65,2.6,18-34,Mixed,3859.0,20,상승,2026-04-03,없음,37,4.2,메가,PPL,2026-06-13,766599,https://yt3.ggpht.com/ytc/AIdro_lCOIre90Cg3uHuZikzGFYKMiBq7iE_R8AkUp7sYvQgWk8=s240-c-k-c0x00ffffff-no-rj,UCnBdlBSm61JsWbS7wNBaxzw,https://www.youtube.com/channel/UCnBdlBSm61JsWbS7wNBaxzw
CR_YT_0390,한문철 TV,@yt_uch5u89k,YouTube,라이프스타일,브이로그,Korea,1840000,102121,1123331,8.31,2.3,18-34,Mixed,6230.0,4,하락,2026-01-18,없음,30,4.7,메가,PPL,2026-06-13,43379,https://yt3.ggpht.com/ytc/AIdro_mJjvKDXoVeHlHIDofwrlzeFQe7XBO-mUpj-I8GmWRD2g=s240-c-k-c0x00ffffff-no-rj,UCH5U89kvHrVxxS80xpoOydw,https://www.youtube.com/channel/UCH5U89kvHrVxxS80xpoOydw
CR_YT_0391,HONG SOUND,@yt_ucbioxzd,YouTube,엔터테인먼트,버라이어티,Korea,1840000,490250,4412250,6.31,3.7,18-34,Mixed,12325.0,12,상승,2026-04-14,없음,27,4.7,메가,PPL,2026-06-13,159534,https://yt3.ggpht.com/90ZZ84L1WVmMjtBu432BOp55hQ7QH3XOL51Yh4x9rnbaqro4hZ4SkN3ekhP_ALEtogpAEeXvGYM=s240-c-k-c0x00ffffff-no-rj,UCBIoXzDldCnpbM_7uyG0_Tg,https://www.youtube.com/channel/UCBIoXzDldCnpbM_7uyG0_Tg
CR_YT_0392,ASMR Suna 꿀꿀선아,@yt_uchycjln,YouTube,라이프스타일,리뷰,Korea,1830000,638554,10855418,1.9,3.5,18-34,Mixed,5430.0,12,상승,2026-05-18,없음,9,5.0,메가,브랜디드콘텐츠,2026-06-13,254471,https://yt3.ggpht.com/d_B6_qwPajfq-DycF-9NB_xECDylhzTD_gSn-ELa1zNhFzgEP4GgjWX1lT_uPplgWsC5BXur=s240-c-k-c0x00ffffff-no-rj,UChYcJLnVxqgO3SkM6vKX9aw,https://www.youtube.com/channel/UChYcJLnVxqgO3SkM6vKX9aw
CR_YT_0393,ootb STUDIO,@yt_ucrmm876,YouTube,라이프스타일,리뷰,Korea,1830000,1441136,28822720,6.05,4.9,18-34,Mixed,11483.0,12,유지,2026-05-31,없음,35,4.7,메가,브랜디드콘텐츠,2026-06-13,1059163,https://yt3.ggpht.com/DOGqg9LZ5LhAsgehJS8YD1oy-tmLn-_nbro37cFQIHRMxRoZFmZPVvAkznXjy0h1HaLNATG8WQ=s240-c-k-c0x00ffffff-no-rj,UCRmm8763aqO0CoeLCA2jNSA,https://www.youtube.com/channel/UCRmm8763aqO0CoeLCA2jNSA
CR_YT_0394,리뷰엉이: Owl's Review,@yt_ucrbpv_p,YouTube,테크,언박싱,Korea,1820000,868983,6951864,2.56,3.1,25-44,Male,3834.0,20,유지,2026-05-13,없음,19,5.0,메가,언박싱협찬,2026-06-13,240390,https://yt3.ggpht.com/ytc/AIdro_nYk3wFdXFRA5zdIfi9yDHX5B56fKB1lTeFyCs9KgoOoc0=s240-c-k-c0x00ffffff-no-rj,UCrBpV_pG2kyMMEHCMTNzjAQ,https://www.youtube.com/channel/UCrBpV_pG2kyMMEHCMTNzjAQ
CR_YT_0395,밝은 면 Bright Side Korea,@yt_ucwklve3,YouTube,엔터테인먼트,버라이어티,Korea,1820000,78621,1257936,7.16,2.7,18-34,Mixed,12406.0,1,상승,2026-03-22,없음,30,3.7,메가,PPL,2026-06-13,29637,https://yt3.ggpht.com/ytc/AIdro_kca9AaiMCl9hd2hEX6bAAs6lB7R8Rz5bO7EJA3Y2VOT7E=s240-c-k-c0x00ffffff-no-rj,UCWklve34yV5A9A69-1sRLBA,https://www.youtube.com/channel/UCWklve34yV5A9A69-1sRLBA
CR_YT_0396,힙으뜸,@yt_uc4yq3fw,YouTube,피트니스,다이어트,Korea,1820000,846303,11001939,5.09,2.5,25-44,Mixed,3395.0,16,상승,2026-02-28,없음,17,5.0,메가,제품리뷰,2026-06-13,312820,https://yt3.ggpht.com/0c8g_z5PB-Kc7qAnLRX68l3C13HWdHpCJQHxiwRlgB1O0PFUpifJPS7cBg99UMRX4jdc3hEZIhE=s240-c-k-c0x00ffffff-no-rj,UC4yq3FWEWqMvFNFBsV3gbKQ,https://www.youtube.com/channel/UC4yq3FWEWqMvFNFBsV3gbKQ
CR_YT_0397,슛포러브,@yt_ucdtddyg,YouTube,피트니스,헬스,Korea,1810000,712643,7839073,7.19,3.1,25-44,Mixed,1638.0,20,유지,2026-05-19,없음,11,5.0,메가,제품리뷰,2026-06-13,335632,https://yt3.ggpht.com/j_2YESy_95rQbDU7XG9sODE47xXM2woehA7GJglA6uwE24zBLtIaikNROGyRY3_qwSZsmbxg=s240-c-k-c0x00ffffff-no-rj,UCdTDdygpZKdDew2s1s419iw,https://www.youtube.com/channel/UCdTDdygpZKdDew2s1s419iw
CR_YT_0398,말왕TV,@yt_ucyjduek,YouTube,엔터테인먼트,리액션,Korea,1810000,667475,5339800,3.47,2.9,18-34,Mixed,14774.0,12,하락,2026-02-26,없음,22,5.0,메가,PPL,2026-06-13,230253,https://yt3.ggpht.com/MBaX1UphXzTTD313n-_v7Ju39vEuDKNpdIRoYBPMDNzwM-lRNCFXG1i8GtE3EadFJxsCwpLKlA=s240-c-k-c0x00ffffff-no-rj,UCYJDUekoQz0-bo8al1diLWQ,https://www.youtube.com/channel/UCYJDUekoQz0-bo8al1diLWQ
CR_YT_0399,KBS 교양,@yt_uchlsejx,YouTube,교육,강의,Korea,1810000,20000,400000,0.93,4.4,25-44,Mixed,5536.0,8,상승,2026-05-13,확인필요,39,2.7,메가,제품리뷰,2026-06-13,14715,https://yt3.ggpht.com/XLOZFZDe-fO6_iWEVwucIRQVtTad_eGroB0X9wdjDtlJYO9mH5ZoNqDic6w2pc0ovAHm0h2FUQ=s240-c-k-c0x00ffffff-no-rj,UCHlSeJxRIXZWMARC2oMwmcQ,https://www.youtube.com/channel/UCHlSeJxRIXZWMARC2oMwmcQ
CR_YT_0400,tvN D STUDIO,@yt_uclq_ltd,YouTube,엔터테인먼트,버라이어티,Korea,1810000,574534,8618010,0.57,4.0,18-34,Mixed,9385.0,8,유지,2026-03-02,없음,11,5.0,메가,PPL,2026-06-13,264560,https://yt3.ggpht.com/-ioOyBzu55CHyoZNWz0ZvxcqAl7tD3YQqw1-bNzgdup_qDDpdc7Eq4g7wkJSFx5yChMD0nY3s2w=s240-c-k-c0x00ffffff-no-rj,UCLQ_lTDcNOj7VzNeW0kZ17w,https://www.youtube.com/channel/UCLQ_lTDcNOj7VzNeW0kZ17w
CR_YT_0401,GENIE MUSIC,@yt_ucd-orgp,YouTube,엔터테인먼트,리액션,Korea,1800000,140449,1685388,5.4,3.1,18-34,Mixed,10660.0,8,유지,2026-03-13,없음,32,4.7,메가,PPL,2026-06-13,57861,https://yt3.ggpht.com/4LI4c-zrikfBQpWl1zKVpzf1uqMB6SHdaHe-jqj_X82_WCJ7o8NXnzPj9_bu-c0c2QEHTTEn=s240-c-k-c0x00ffffff-no-rj,UCd-OrgPLrnQiQBcq19j5oEQ,https://www.youtube.com/channel/UCd-OrgPLrnQiQBcq19j5oEQ
CR_YT_0402,TJ노래방 공식 유튜브채널,@yt_uczuhx8c,YouTube,엔터테인먼트,브이로그,Korea,1800000,35135,527025,1.55,3.7,18-34,Mixed,12159.0,2,하락,2026-02-20,없음,11,4.5,메가,PPL,2026-06-13,14509,https://yt3.ggpht.com/ZnzRWHTLFLYWwHKHqjiHdb6FS3YoAbMpoVD2VpwfjkulELfvPxMgb8Zy0EupQMbPz70AwFhnp4I=s240-c-k-c0x00ffffff-no-rj,UCZUhx8ClCv6paFW7qi3qljg,https://www.youtube.com/channel/UCZUhx8ClCv6paFW7qi3qljg
CR_YT_0403,Mmmmonexx,@yt_uchrfv8y,YouTube,라이프스타일,리뷰,Korea,1800000,68467,684670,6.41,3.4,18-34,Mixed,2450.0,1,하락,2026-05-05,없음,16,4.0,메가,브랜디드콘텐츠,2026-06-13,28756,https://yt3.ggpht.com/FUsle6MPOXCOPsWjAsQLNeZ33JIWFT5KsXMOlqgOY34Iu3o0oXT4OflrDGxdctLc8O3DgcD1-Cw=s240-c-k-c0x00ffffff-no-rj,UCHRFV8yXPF2PYCcPuc9qmIg,https://www.youtube.com/channel/UCHRFV8yXPF2PYCcPuc9qmIg
CR_YT_0404,뉴욕이네,@yt_uchewxdv,YouTube,라이프스타일,리뷰,Korea,1790000,980036,11760432,7.37,2.1,18-34,Mixed,12300.0,1,유지,2026-04-26,확인필요,15,2.5,메가,PPL,2026-06-13,343279,https://yt3.ggpht.com/vWSukd4j8KIMs_tNksmqMyFNgl2SpVIe8EsBO3z7yV1lSOJD8f_hJcckee5M0loq2FMTYSvhVQ=s240-c-k-c0x00ffffff-no-rj,UChEwXdVqiTrVOBiq4rOzfGA,https://www.youtube.com/channel/UChEwXdVqiTrVOBiq4rOzfGA
CR_YT_0405,끼룩푸드 seagull food,@yt_uca0atys,YouTube,푸드,쿠킹,Korea,1790000,1043165,19820135,3.39,3.7,18-34,Mixed,6471.0,20,유지,2026-05-28,없음,21,5.0,메가,먹방협찬,2026-06-13,617238,https://yt3.ggpht.com/ytc/AIdro_kYdVG603ZWgmRiJERyQUi_N_HPVk70Fja-g8GvMY1Bmwg=s240-c-k-c0x00ffffff-no-rj,UCa0aTySoJBHXpHigv5tsxbQ,https://www.youtube.com/channel/UCa0aTySoJBHXpHigv5tsxbQ
CR_YT_0406,임영웅,@yt_uc3wzlo2,YouTube,엔터테인먼트,예능,Korea,1780000,3100616,52710472,4.81,4.9,18-34,Mixed,7901.0,4,유지,2026-06-07,없음,27,4.7,메가,PPL,2026-06-13,2029187,https://yt3.ggpht.com/vzU-NGeccyobTY5DvnYnfOUhwqPB66hL3rjY9QEjHNreptQlAe5QezCiJcXvs33kBJ27NxuA=s240-c-k-c0x00ffffff-no-rj,UC3WZlO2Zl8NE1yIUgtwUtQw,https://www.youtube.com/channel/UC3WZlO2Zl8NE1yIUgtwUtQw
CR_YT_0407,심쿵해요 동물의 짤,@yt_ucgec_-c,YouTube,라이프스타일,브이로그,Korea,1780000,5625000,67500000,8.15,4.6,18-34,Mixed,9378.0,16,유지,2026-02-11,없음,26,4.7,메가,PPL,2026-06-13,2305409,https://yt3.ggpht.com/2aokmylLX2gkqu10UEkfjoa8f1XZEQv8SFrYmOjRebos3N7bIov5sftVk5YPdjvTSvdai025kw=s240-c-k-c0x00ffffff-no-rj,UCgec_-CrteL17xPnNHmDlRA,https://www.youtube.com/channel/UCgec_-CrteL17xPnNHmDlRA
CR_YT_0408,푸먹_foomuk,@yt_ucoszrhg,YouTube,푸드,쿠킹,Korea,1770000,10210526,132736838,3.04,2.9,18-34,Mixed,6951.0,4,유지,2026-04-16,없음,30,4.7,메가,제품리뷰,2026-06-13,3804027,https://yt3.ggpht.com/w01Rdt9HpOCW4YDp0go5-7LszZ7EJR-AJ2Dox1WJegj0VjaCBZE6Ho-AZXF1Tt41x2fzAzJ9uHE=s240-c-k-c0x00ffffff-no-rj,UCOszRhGW_mW8yPYKhLuULMw,https://www.youtube.com/channel/UCOszRhGW_mW8yPYKhLuULMw
CR_YT_0409,조안나ZOANA,@yt_ucwkmbnq,YouTube,라이프스타일,브이로그,Korea,1770000,1852433,18524330,0.68,4.2,18-34,Mixed,10660.0,16,상승,2026-04-12,없음,21,5.0,메가,PPL,2026-06-13,511716,https://yt3.ggpht.com/ku1m6DxgfKpKWwsAZ4gOfNilvzRdGySv113meB_VuuPdLC6TPkRreOX9hVpNxqIZ_F0ToS8HeQ=s240-c-k-c0x00ffffff-no-rj,UCWKmBNqCPnHsxj8fOhvdt4w,https://www.youtube.com/channel/UCWKmBNqCPnHsxj8fOhvdt4w
CR_YT_0410,팥쥐,@yt_ucw4mwgs,YouTube,라이프스타일,일상,Korea,1760000,0,0,7.53,3.6,18-34,Mixed,14942.0,1,상승,2026-01-22,없음,30,2.9,메가,PPL,2026-06-13,0,,UCw4MwGSaNYbG0cKV02Kq6tw,https://www.youtube.com/channel/UCw4MwGSaNYbG0cKV02Kq6tw
CR_YT_0411,T1,@yt_ucjprx3b,YouTube,게임,게임리뷰,Korea,1750000,211852,3813336,3.62,2.7,18-34,Male,2333.0,16,하락,2026-01-09,없음,23,5.0,메가,제품리뷰,2026-06-13,171868,https://yt3.ggpht.com/EqAIK28V4bocz3_JcphbjPIXvv_OXVsLDeNdvr5fRYKwLWwLRzFb4nPGY5CFXFfs760D0esIfw=s240-c-k-c0x00ffffff-no-rj,UCJprx3bX49vNl6Bcw01Cwfg,https://www.youtube.com/channel/UCJprx3bX49vNl6Bcw01Cwfg
CR_YT_0412,시즌비시즌 Season B Season,@yt_uczf4zes,YouTube,엔터테인먼트,버라이어티,Korea,1740000,1489971,26819478,7.82,4.6,18-34,Mixed,8454.0,8,상승,2026-06-11,없음,39,4.2,메가,PPL,2026-06-13,849094,https://yt3.ggpht.com/ytc/AIdro_mu_REdc49DJO0BGmPghKJUufarEWnO1zWPrepb0iE9M2Q=s240-c-k-c0x00ffffff-no-rj,UCZf4ZESHAIuRtZ-eoMSL97A,https://www.youtube.com/channel/UCZf4ZESHAIuRtZ-eoMSL97A
CR_YT_0413,우와한 비디오,@yt_uc0psug0,YouTube,라이프스타일,브이로그,Korea,1720000,566718,10767642,5.01,3.6,18-34,Mixed,5534.0,16,하락,2026-04-24,없음,39,4.2,메가,PPL,2026-06-13,410999,https://yt3.ggpht.com/QUPWozpOgvTiCbh31iXRf5ETm15s-0jLuEZR_vV8DHaJe_jdHctkRWN7iq6BxAqPeS8tr53Y=s240-c-k-c0x00ffffff-no-rj,UC0PsUG07plnP_uQQS9djFVQ,https://www.youtube.com/channel/UC0PsUG07plnP_uQQS9djFVQ
CR_YT_0414,데이브 World of Dave,@yt_ucqtvabw,YouTube,엔터테인먼트,리액션,Korea,1720000,577617,6931404,2.58,2.9,18-34,Mixed,12795.0,1,유지,2026-05-17,없음,38,3.2,메가,PPL,2026-06-13,220891,https://yt3.ggpht.com/n6qqRnc3N-rzo7SWD_JDueEVb9ACDkVDFkJAmw0uFtHEsMuQEVS9TRGKym_qzZT2NsJOZyZw=s240-c-k-c0x00ffffff-no-rj,UCqTVaBwm6FwVTt3oC77q9Mw,https://www.youtube.com/channel/UCqTVaBwm6FwVTt3oC77q9Mw
CR_YT_0415,Hello Jadoo TV 안녕 자두야,@yt_uc69y0mc,YouTube,엔터테인먼트,버라이어티,Korea,1720000,419536,3356288,4.44,4.3,18-34,Mixed,12070.0,4,하락,2026-05-21,없음,5,5.0,메가,브랜디드콘텐츠,2026-06-13,132174,https://yt3.ggpht.com/06MkDNgWEOPQLQ4NR6I8DnsWvP1uFqel2tFA9SUhnO0aU2SWnRqZTsD0jUexvpafsnNGXisqhg=s240-c-k-c0x00ffffff-no-rj,UC69Y0mcIX3SbDkVxSoLUUNA,https://www.youtube.com/channel/UC69Y0mcIX3SbDkVxSoLUUNA
CR_YT_0416,헌터퐝,@yt_ucoptiak,YouTube,라이프스타일,브이로그,Korea,1710000,1000000,13000000,7.56,3.3,18-34,Mixed,9867.0,2,유지,2026-01-21,없음,15,4.5,메가,브랜디드콘텐츠,2026-06-13,360533,https://yt3.ggpht.com/ytc/AIdro_mWQEimJUHq5Y-wmqshgIjIklFeJvDpFJBsQq_Og7CKwNY=s240-c-k-c0x00ffffff-no-rj,UCoPTIaKWLi3vtImEQrx32Ew,https://www.youtube.com/channel/UCoPTIaKWLi3vtImEQrx32Ew
CR_YT_0417,LCK,@yt_ucw1dswe,YouTube,게임,게임플레이,Korea,1710000,194285,2719990,4.63,4.4,18-34,Male,11272.0,12,유지,2026-01-18,없음,22,5.0,메가,제품리뷰,2026-06-13,103153,https://yt3.ggpht.com/CRBE1dHmQFiaaN3hJpX5rp98FnVbdM_E4DVOoXk5JZRpuBM71-IvhXDLlD5nAr9GN2bofCpeDA=s240-c-k-c0x00ffffff-no-rj,UCw1DsweY9b2AKGjV4kGJP1A,https://www.youtube.com/channel/UCw1DsweY9b2AKGjV4kGJP1A
CR_YT_0418,자이언트 펭TV,@yt_uctckgmu,YouTube,엔터테인먼트,예능,Korea,1700000,497630,4976300,1.38,3.4,18-34,Mixed,7634.0,8,유지,2026-01-13,없음,22,5.0,메가,브랜디드콘텐츠,2026-06-13,131977,https://yt3.ggpht.com/ytc/AIdro_mxbx5rb1B3Ri6gIZ-49kYk1bcpZLVhI6jX3q6SPwFzhrE=s240-c-k-c0x00ffffff-no-rj,UCtckgmUcpzqGnzcs7xEqMzQ,https://www.youtube.com/channel/UCtckgmUcpzqGnzcs7xEqMzQ
CR_YT_0419,양띵 유튜브,@yt_ucyooecr,YouTube,게임,게임리뷰,Korea,1700000,195384,3126144,8.28,2.8,18-34,Male,3876.0,2,상승,2026-02-25,없음,33,4.2,메가,스폰서십,2026-06-13,74557,https://yt3.ggpht.com/33bM-o2dBL_ijgc-x_wjlonyZ67Wh6KrG_BrENWVyVmvtnTwgLmgKym3bpbkzbxPpJi0h6p-YnE=s240-c-k-c0x00ffffff-no-rj,UCYooECrv-fIXlPaDwEIaveA,https://www.youtube.com/channel/UCYooECrv-fIXlPaDwEIaveA
CR_YT_0420,히밥heebab,@yt_uca6kbbx,YouTube,푸드,레시피,Korea,1700000,676579,8795527,6.79,3.5,18-34,Mixed,960.0,4,상승,2026-03-10,없음,34,4.7,메가,먹방협찬,2026-06-13,291475,https://yt3.ggpht.com/uk_IsheOt6Jv-SeSCAKIiNR6mcY3Y3gzF5YfjSBQa9Fy_MvGXeXKCf-cFqy5k7POLz6H2OhL=s240-c-k-c0x00ffffff-no-rj,UCA6KBBX8cLwYZNepxlE_7SA,https://www.youtube.com/channel/UCA6KBBX8cLwYZNepxlE_7SA
CR_YT_0421,원샷한솔OneshotHansol,@yt_uc5zqaj9,YouTube,라이프스타일,리뷰,Korea,1700000,1926229,38524580,4.85,2.5,18-34,Mixed,12510.0,20,상승,2026-04-09,없음,21,5.0,메가,PPL,2026-06-13,1251657,https://yt3.ggpht.com/IFGGaDpj5cbS5ZvfEm-hpMh4mFQX_wCSReSumZVwXukAJmC4T9Q30BrqU7OAqQL4dHDWUA1_=s240-c-k-c0x00ffffff-no-rj,UC5ZqaJ9klJrwgsKjYW42JtA,https://www.youtube.com/channel/UC5ZqaJ9klJrwgsKjYW42JtA
CR_YT_0422,레지나Rezina,@yt_ucoglmin,YouTube,게임,게임플레이,Korea,1690000,247032,4940640,2.48,5.0,18-34,Male,1862.0,2,상승,2026-03-21,없음,34,4.2,메가,스폰서십,2026-06-13,227677,https://yt3.ggpht.com/99avI0OaPPslww5aFF52dFaRfPCnO8veSW0o7q2rV-7jktnj4CfjIoCnpGLQe8siEl1lHjAFaQ=s240-c-k-c0x00ffffff-no-rj,UCoGlmInGRIRoDg4NjAYv4-Q,https://www.youtube.com/channel/UCoGlmInGRIRoDg4NjAYv4-Q
CR_YT_0423,김선태,@yt_uct-bapv,YouTube,라이프스타일,브이로그,Korea,1690000,2717931,35333103,6.33,4.2,18-34,Mixed,7478.0,12,유지,2026-01-14,없음,38,4.2,메가,브랜디드콘텐츠,2026-06-13,955204,https://yt3.ggpht.com/RRC5XQOeKcjnEa2pZGPsfxIMblx_xQZJKTB-GtUXBniWvCl5hfcaRuuKZB45SeSogNGA2Tf8Yj8=s240-c-k-c0x00ffffff-no-rj,UCt-BApVtJGrvF5pCgbiNVeg,https://www.youtube.com/channel/UCt-BApVtJGrvF5pCgbiNVeg
CR_YT_0424,P1Harmony,@yt_uce-xzqh,YouTube,엔터테인먼트,브이로그,Korea,1690000,236991,4265838,1.4,3.9,18-34,Mixed,4503.0,4,상승,2026-01-03,없음,5,5.0,메가,브랜디드콘텐츠,2026-06-13,121214,https://yt3.ggpht.com/VwUA1yXC-RrrtLQ3GoOFt9V3DUFkjb3gpTx-fa0qmzVkUZRCrlRUMu2qaRFRJSvI9c0iWnoTxg=s240-c-k-c0x00ffffff-no-rj,UCe-XzQhLaq4zS_mPXzuc_2Q,https://www.youtube.com/channel/UCe-XzQhLaq4zS_mPXzuc_2Q
CR_YT_0425,요리용디 Yori Yongd,@yt_ucrzs1nj,YouTube,푸드,레시피,Korea,1690000,2956259,23650072,6.03,4.1,18-34,Mixed,4106.0,2,유지,2026-06-10,없음,28,4.2,메가,제품리뷰,2026-06-13,872493,https://yt3.ggpht.com/QrcgZWF6R4rAD_f-mQYU1bvmKvbA5kqs2CPFel9ffniC5wIR9zqkXs6Xvj-oPOt4osRsLiERTw=s240-c-k-c0x00ffffff-no-rj,UCRzS1NJFpMLiLbB0vMJXX4w,https://www.youtube.com/channel/UCRzS1NJFpMLiLbB0vMJXX4w
CR_YT_0426,SBS Radio 에라오,@yt_ucamff0e,YouTube,엔터테인먼트,리액션,Korea,1680000,51600,412800,5.66,4.1,18-34,Mixed,3874.0,20,하락,2026-02-19,없음,11,5.0,메가,PPL,2026-06-13,10207,https://yt3.ggpht.com/RBfWA_dsNf2LLu-2jx_2GahDAQtvaBapQqUfryiihvBVHp_pPyLa6fnduGBBR6jlI1zMLMq3VQ=s240-c-k-c0x00ffffff-no-rj,UCAmff0euQRf6RwVlbB8PLMw,https://www.youtube.com/channel/UCAmff0euQRf6RwVlbB8PLMw
CR_YT_0427,DDany Crafts 따니네 만들기,@yt_ucjfyzrf,YouTube,뷰티,뷰티리뷰,Korea,1680000,1373182,10985456,3.37,2.4,18-34,Female,8606.0,1,하락,2026-02-18,없음,36,3.2,메가,PPL,2026-06-13,433000,https://yt3.ggpht.com/DDrkfpuPVWX4-24Kh94a-0NsdIrTXZAuwUT4TIpAbBNkvMhcjClOHT2L307y_XmEzZWM8qfl=s240-c-k-c0x00ffffff-no-rj,UCJFYZRFLcFZFx5XB9BiWgQA,https://www.youtube.com/channel/UCJFYZRFLcFZFx5XB9BiWgQA
CR_YT_0428,오빠두엑셀 l 엑셀 강의 대표채널,@yt_ucz6uhyb,YouTube,테크,언박싱,Korea,1680000,219895,3738215,3.28,4.2,25-44,Male,8201.0,4,유지,2026-05-19,없음,40,4.2,메가,언박싱협찬,2026-06-13,103503,https://yt3.ggpht.com/baJKM2vczZBsmuG9LwgiyCTLZho6iQPLua9TQdsDunWDOarv1mGh09DQYvqdhRh-IeSudQ4y=s240-c-k-c0x00ffffff-no-rj,UCZ6UHYBQFBe14WUgxlgmYfg,https://www.youtube.com/channel/UCZ6UHYBQFBe14WUgxlgmYfg
CR_YT_0429,신비한 동물사전,@yt_uc6ceao5,YouTube,라이프스타일,리뷰,Korea,1670000,26543209,345061717,6.71,3.5,18-34,Mixed,9486.0,16,유지,2026-03-24,없음,16,5.0,메가,PPL,2026-06-13,11707429,https://yt3.ggpht.com/9cI6WC0xCnQd8IGiGthK-RCec27GHWks_p6U2P1Vey8xBncnOnzBxbe5e6d5P27bmDPfzZjh=s240-c-k-c0x00ffffff-no-rj,UC6ceaO5DhzGRi49JAMdzzyQ,https://www.youtube.com/channel/UC6ceaO5DhzGRi49JAMdzzyQ
CR_YT_0430,콬TV,@yt_ucybpxzo,YouTube,엔터테인먼트,리액션,Korea,1670000,475638,9037122,8.24,4.5,18-34,Mixed,11603.0,2,상승,2026-04-15,없음,38,3.7,메가,PPL,2026-06-13,224222,https://yt3.ggpht.com/ytc/AIdro_mbe1_PdSr4rB_gOoDmmp6WphOEZQ4J-6rrRa-Cn3WiWd8=s240-c-k-c0x00ffffff-no-rj,UCybPxZoFDPR1qbN04daAc2g,https://www.youtube.com/channel/UCybPxZoFDPR1qbN04daAc2g
CR_YT_0431,브라보키즈,@yt_ucu6mog9,YouTube,교육,강의,Korea,1660000,556067,10009206,1.27,4.0,13-17,Mixed,953.0,1,상승,2026-01-26,없음,13,4.0,메가,제품리뷰,2026-06-13,308756,https://yt3.ggpht.com/QGKgxooVydV-oJSYEppDV5GAG35CXDWim83T6S2uTjiCWfiWR64eWC6FSGPBoHqNKFd-AA0hkwE=s240-c-k-c0x00ffffff-no-rj,UCu6mog947IWOXL23AzKlImw,https://www.youtube.com/channel/UCu6mog947IWOXL23AzKlImw
CR_YT_0432,정선근 TV,@yt_ucfwhnet,YouTube,엔터테인먼트,예능,Korea,1660000,292792,2342336,7.19,4.0,18-34,Mixed,3700.0,12,상승,2026-05-06,확인필요,21,3.5,메가,브랜디드콘텐츠,2026-06-13,85862,https://yt3.ggpht.com/ytc/AIdro_lMholxFt2lzsr6n0ikvsaNmBnCpjc_kQ2qpN8VU-28gQ=s240-c-k-c0x00ffffff-no-rj,UCfwHnETOc2DrYnBDPjxzKSA,https://www.youtube.com/channel/UCfwHnETOc2DrYnBDPjxzKSA
CR_YT_0433,인생84,@yt_uc1rz7a_,YouTube,라이프스타일,리뷰,Korea,1660000,782608,7043472,5.61,3.1,18-34,Mixed,12017.0,16,상승,2026-05-16,없음,31,4.7,메가,브랜디드콘텐츠,2026-06-13,241272,https://yt3.ggpht.com/7FpdURFc6IBdzsajdWRFY6T6NQE7VY368erLJ0L1yasoZF_8wu15ejo86cGicy1OkXP98y5v5g=s240-c-k-c0x00ffffff-no-rj,UC1Rz7a_DWtsE9cQwSyElE0Q,https://www.youtube.com/channel/UC1Rz7a_DWtsE9cQwSyElE0Q
CR_YT_0434,주부나라,@yt_uczioist,YouTube,뷰티,스킨케어,Korea,1660000,285132,2281056,7.18,2.2,18-34,Female,11015.0,2,하락,2026-02-19,없음,38,3.7,메가,제품리뷰,2026-06-13,92307,https://yt3.ggpht.com/XSkaNH-_ux5Xy84L-FERj5gICsk0lTeqbmRQXz-Da-UnlqZvoVoHSmGPHuYexyj82YrEo7secMc=s240-c-k-c0x00ffffff-no-rj,UCzIOIStANWRgYa3BRuJOg8Q,https://www.youtube.com/channel/UCzIOIStANWRgYa3BRuJOg8Q
CR_YT_0435,입짧은햇님,@yt_uc-bsa2i,YouTube,라이프스타일,일상,Korea,1650000,293587,4697392,5.06,4.8,18-34,Mixed,2030.0,12,하락,2026-04-20,없음,40,4.2,메가,브랜디드콘텐츠,2026-06-13,181603,https://yt3.ggpht.com/ytc/AIdro_n8GWMXO3-vfaHAUr-apAL306G77SNhhqkU4R4xD6boUyk=s240-c-k-c0x00ffffff-no-rj,UC-Bsa2ivAGWq7bsSPrPGFVA,https://www.youtube.com/channel/UC-Bsa2ivAGWq7bsSPrPGFVA
CR_YT_0436,사코팍 SAKOPAK,@yt_ucm5ij_h,YouTube,라이프스타일,일상,Korea,1650000,1565995,14093955,1.94,3.2,18-34,Mixed,9199.0,4,유지,2026-04-06,없음,15,5.0,메가,브랜디드콘텐츠,2026-06-13,383715,https://yt3.ggpht.com/6CilOUtIliiGBISTlkc695Tj9A4OY0lx7X65jToUsdIiaCKIag8yUTD96ama1FeHol6-1_PZ=s240-c-k-c0x00ffffff-no-rj,UCM5Ij_HwT8V6xPT9cRBFjJw,https://www.youtube.com/channel/UCM5Ij_HwT8V6xPT9cRBFjJw
CR_YT_0437,로보카폴리 TV,@yt_ucimpbxw,YouTube,교육,정보,Korea,1650000,478664,6701296,3.94,4.2,25-44,Mixed,3602.0,12,하락,2026-04-03,없음,20,5.0,메가,스폰서십,2026-06-13,275854,https://yt3.ggpht.com/ytc/AIdro_ktK3Cqm3CL-uiEKKVaQq02t2BllH0eRaRLFS7-Yt95vg=s240-c-k-c0x00ffffff-no-rj,UCiMpBxWnunMYzRUc2NDh33A,https://www.youtube.com/channel/UCiMpBxWnunMYzRUc2NDh33A
CR_YT_0438,MiniforceTV Indonesia,@yt_uc4zscs6,YouTube,라이프스타일,브이로그,Korea,1650000,5156250,77343750,3.68,4.2,18-34,Mixed,14904.0,4,유지,2026-02-26,없음,6,5.0,메가,브랜디드콘텐츠,2026-06-13,2612284,https://yt3.ggpht.com/KSvBQsZYVurRChKQ7OynvBLIixheVN4geinlLCjbdfvMJ-QKjMY-uIn_SJjd09sYXRhx8A-53dk=s240-c-k-c0x00ffffff-no-rj,UC4zsCs60Qdv0OuVGeZLEO-A,https://www.youtube.com/channel/UC4zsCs60Qdv0OuVGeZLEO-A
CR_YT_0439,함께해요 맛나요리,@yt_ucvxx89z,YouTube,푸드,쿠킹,Korea,1640000,367081,4037891,0.67,4.5,18-34,Mixed,7913.0,16,하락,2026-01-25,없음,22,5.0,메가,먹방협찬,2026-06-13,174841,https://yt3.ggpht.com/ytc/AIdro_mKlKCbSxZ7lk03_TfJ4QG78yynPxeZbg-0UvmSPvqT=s240-c-k-c0x00ffffff-no-rj,UCVXx89z5j3gkQMGScNqmWjw,https://www.youtube.com/channel/UCVXx89z5j3gkQMGScNqmWjw
CR_YT_0440,리틀엔젤 인기동요 어린이노래 - Little Angel,@yt_ucewlxck,YouTube,교육,정보,Korea,1640000,1258907,10071256,1.75,2.8,13-17,Mixed,12261.0,12,상승,2026-05-26,없음,20,5.0,메가,스폰서십,2026-06-13,343181,https://yt3.ggpht.com/Vm6YB1g9MO9AgyFS8TTrti9lXx_rNbj_8mqdRRXjd-yhdHC3vTQIju_EQgN90KRojk4YfperrQ=s240-c-k-c0x00ffffff-no-rj,UCeWLXCkbuiDi1EhQOoGoqDg,https://www.youtube.com/channel/UCeWLXCkbuiDi1EhQOoGoqDg
CR_YT_0441,EPIK HIGH,@yt_uctceu0j,YouTube,엔터테인먼트,예능,Korea,1640000,1410736,15518096,6.29,4.4,18-34,Mixed,10499.0,2,하락,2026-01-10,없음,36,3.7,메가,PPL,2026-06-13,627958,https://yt3.ggpht.com/UOaguip7Vw970SR4Oue9YzR2oF64pqZuEqeAyXqy3FonoVQdpurf8lpKCqSWDjlbpOIgzZnK=s240-c-k-c0x00ffffff-no-rj,UCTcEu0jaf3DrsTjnGwwvsvA,https://www.youtube.com/channel/UCTcEu0jaf3DrsTjnGwwvsvA
CR_YT_0442,힐링해요 동물의 짤,@yt_uchz95fx,YouTube,라이프스타일,브이로그,Korea,1640000,4088235,77676465,3.55,4.3,18-34,Mixed,12349.0,20,유지,2026-06-04,없음,26,4.7,메가,PPL,2026-06-13,3277529,https://yt3.ggpht.com/ytc/AIdro_nCMBYwsMEuZD5gfVWES7K2LCc8hDE4tD37eSnrrjyJzg=s240-c-k-c0x00ffffff-no-rj,UChz95FXbJk3No_QhAOCoiFA,https://www.youtube.com/channel/UChz95FXbJk3No_QhAOCoiFA
CR_YT_0443,프리티에스더 PrettyEsther,@yt_uckrbohe,YouTube,엔터테인먼트,버라이어티,Korea,1630000,1265141,10121128,5.56,2.2,18-34,Mixed,8691.0,12,유지,2026-01-13,없음,7,5.0,메가,브랜디드콘텐츠,2026-06-13,385858,https://yt3.ggpht.com/Qvb9jBQMBH0IacMowvvpH6kX9FtaLs0SYwZ6sTW5rFi-I5isMvHAdkWStbNuGAaUGTMPhlrTWrM=s240-c-k-c0x00ffffff-no-rj,UCkrboHEREUVOaFNbuQ2taZg,https://www.youtube.com/channel/UCkrboHEREUVOaFNbuQ2taZg
CR_YT_0444,나징NAJING,@yt_ucrrhwza,YouTube,라이프스타일,브이로그,Korea,1630000,698412,12571416,3.64,3.3,18-34,Mixed,6763.0,12,유지,2026-03-28,없음,37,4.2,메가,PPL,2026-06-13,507929,https://yt3.ggpht.com/oIlnG3WvZg-SPpa1QS9Ff6EGA0K3iIGrFLAifJbHHhulzUp5B2hGPhFIbe9NRZPUvR3vBxAX=s240-c-k-c0x00ffffff-no-rj,UCrRhwzalK9blRdmwPemcCAw,https://www.youtube.com/channel/UCrRhwzalK9blRdmwPemcCAw
CR_YT_0445,굿찌 GOODZZI,@yt_uccuc3tj,YouTube,푸드,레시피,Korea,1630000,607028,5463252,6.46,3.6,18-34,Mixed,6800.0,4,상승,2026-05-24,없음,10,5.0,메가,제품리뷰,2026-06-13,188135,https://yt3.ggpht.com/-4YCtQdnRwnkgL4nc6K85andQRk17jPpOyf6hQ3ocedmq_07jtE36NmeURDVTO8N1q5GVhcjRA=s240-c-k-c0x00ffffff-no-rj,UCCuC3tJoSXBsX75wcLehsog,https://www.youtube.com/channel/UCCuC3tJoSXBsX75wcLehsog
CR_YT_0446,언더월드 UNDER WORLD,@yt_ucrwxh4f,YouTube,라이프스타일,일상,Korea,1630000,3708053,40788583,5.72,2.6,18-34,Mixed,1539.0,12,유지,2026-01-29,없음,38,4.2,메가,PPL,2026-06-13,1416047,https://yt3.ggpht.com/QY2puTmO1IWzHiU4Tmq9LoLnVTzbEdaxNwrddNtMKil9UxLBxH_gX9qOeDNuTOMVi1aS0w4SGjc=s240-c-k-c0x00ffffff-no-rj,UCRWxH4fGhuNsh0klWnDbt0w,https://www.youtube.com/channel/UCRWxH4fGhuNsh0klWnDbt0w
CR_YT_0447,sNack!,@yt_ucbzkveg,YouTube,엔터테인먼트,브이로그,Korea,1630000,548216,9867888,3.42,2.6,18-34,Mixed,2954.0,4,유지,2026-04-23,없음,6,5.0,메가,브랜디드콘텐츠,2026-06-13,325478,https://yt3.ggpht.com/ytc/AIdro_l9p2mWTUHBZVIjNSZOcv3tAOu9NTxYr6RJnkhIseIcmjw=s240-c-k-c0x00ffffff-no-rj,UCBzkVegsFusO7ZMa_J8MZ7Q,https://www.youtube.com/channel/UCBzkVegsFusO7ZMa_J8MZ7Q
CR_YT_0448,뚜아뚜지TV,@yt_ucbbc0fa,YouTube,엔터테인먼트,버라이어티,Korea,1620000,615805,4926440,2.37,4.1,18-34,Mixed,1291.0,2,하락,2026-01-04,없음,10,4.5,메가,PPL,2026-06-13,221188,https://yt3.ggpht.com/ytc/AIdro_nJOGw4Yl77MWcw1idTnpkhx2oE15-HZQe5e291Ar9TZnc=s240-c-k-c0x00ffffff-no-rj,UCbbC0FaznmgJDuehIuQvYMA,https://www.youtube.com/channel/UCbbC0FaznmgJDuehIuQvYMA
CR_YT_0449,이상한 과자가게  weird sweets shop,@yt_ucnye6n9,YouTube,라이프스타일,리뷰,Korea,1620000,3193215,41511795,1.39,3.4,18-34,Mixed,8301.0,1,상승,2026-05-21,없음,26,3.7,메가,브랜디드콘텐츠,2026-06-13,1640624,https://yt3.ggpht.com/0x2nrC51LNoBIFgGGWCIq25bhvWupbvWc_UClVaBi7EPOmZ8LbLgN_rkCqJ_jb-wcUTiZvO85A=s240-c-k-c0x00ffffff-no-rj,UCNYE6N9YZmsUyReBLzE9x9Q,https://www.youtube.com/channel/UCNYE6N9YZmsUyReBLzE9x9Q
CR_YT_0450,이지은 다이어트 Jiny diet,@yt_uckespd9,YouTube,뷰티,메이크업,Korea,1610000,769230,11538450,8.44,4.1,18-34,Female,13638.0,16,하락,2026-02-13,없음,6,5.0,메가,PPL,2026-06-13,436972,https://yt3.ggpht.com/ytc/AIdro_nmQ-rrmvc6OQjMekr3EK9AXzloL4qn8n1OaKdapzOUOpE=s240-c-k-c0x00ffffff-no-rj,UCKEspD9kts44sG5E80kQcjQ,https://www.youtube.com/channel/UCKEspD9kts44sG5E80kQcjQ
CR_YT_0451,버블디아,@yt_ucw7ej35,YouTube,엔터테인먼트,리액션,Korea,1600000,358056,2864448,6.81,3.9,18-34,Mixed,621.0,1,유지,2026-01-28,없음,34,3.7,메가,PPL,2026-06-13,85819,https://yt3.ggpht.com/ytc/AIdro_kEn6ZL7ay34gQ3GZcM7aDP9YHoNcX8Ou3I-mJoE5yFl28=s240-c-k-c0x00ffffff-no-rj,UCw7ej35vkwxRMWvH8DeoCNQ,https://www.youtube.com/channel/UCw7ej35vkwxRMWvH8DeoCNQ
CR_YT_0452,상해기SangHyuk,@yt_ucpvenft,YouTube,엔터테인먼트,브이로그,Korea,1600000,557053,4456424,7.57,3.2,18-34,Mixed,1944.0,8,유지,2026-02-17,없음,37,4.2,메가,브랜디드콘텐츠,2026-06-13,134397,https://yt3.ggpht.com/ytc/AIdro_loblfEWm2wIo7ajfx1VeSAZhXrHDBWwxgmHQxNisbyw1Y=s240-c-k-c0x00ffffff-no-rj,UCPVENfTGbgD-CUuvrN7rRGQ,https://www.youtube.com/channel/UCPVENfTGbgD-CUuvrN7rRGQ
CR_YT_0453,마이 게임 툰 My Game Toon,@yt_uckzdxwi,YouTube,게임,게임플레이,Korea,1600000,2011173,22122903,4.16,4.8,18-34,Male,8177.0,1,유지,2026-02-10,없음,7,4.0,메가,스폰서십,2026-06-13,774637,https://yt3.ggpht.com/3cF0jeGMc9Z4D-eXGPsq-g8LzINIvShwr2hKU3Qsiy3xrXKzN7s5UtnkZNAxA_on3s6Wt5zr=s240-c-k-c0x00ffffff-no-rj,UCKzDXWiAQwxF0tiuxaBzg6g,https://www.youtube.com/channel/UCKzDXWiAQwxF0tiuxaBzg6g
CR_YT_0454,동네놈들,@yt_uciufnjr,YouTube,라이프스타일,일상,Korea,1590000,717079,5736632,3.32,3.9,18-34,Mixed,1399.0,2,유지,2026-05-23,없음,37,3.7,메가,PPL,2026-06-13,180272,https://yt3.ggpht.com/FIFtCnA6YHePDpsiB47k6EUwNqNS1rPWJjdykaV3DPam8wI7lUjA1DVN5wLe2vjKS2ggR80jcA=s240-c-k-c0x00ffffff-no-rj,UCIuFnJrRwHEUcIVtozJnUGA,https://www.youtube.com/channel/UCIuFnJrRwHEUcIVtozJnUGA
CR_YT_0455,ONEUS,@yt_ucwtyf4x,YouTube,엔터테인먼트,버라이어티,Korea,1590000,296208,3554496,3.23,3.2,18-34,Mixed,8050.0,2,하락,2026-03-03,없음,10,4.5,메가,PPL,2026-06-13,101647,https://yt3.ggpht.com/nEjipWuky3xIyWJ5X9mTF1rDKpftxbqAqLqJ8Y9PQj2Ts7o_fqBCu7bB_LwTuL_HojNbXvN_bA=s240-c-k-c0x00ffffff-no-rj,UCWTYf4xModfNsyq2NUYjF5g,https://www.youtube.com/channel/UCWTYf4xModfNsyq2NUYjF5g
CR_YT_0456,힐링트리뮤직 Healing Tree Music & Sounds,@yt_uc1rg7m8,YouTube,엔터테인먼트,버라이어티,Korea,1590000,1676470,28499990,8.26,4.7,18-34,Mixed,3498.0,4,상승,2026-03-21,없음,33,4.7,메가,브랜디드콘텐츠,2026-06-13,766577,https://yt3.ggpht.com/KSGCbK2AKzPJpGGjZA3HjaaBmR5KzZ650pzk4iVYe5gvJdvyT2NlPEa5-rZ1F0FxRsq-sG3QxQ=s240-c-k-c0x00ffffff-no-rj,UC1RG7m8FwFKgB3IpfN3ccew,https://www.youtube.com/channel/UC1RG7m8FwFKgB3IpfN3ccew
CR_YT_0457,샾잉 #ing,@yt_ucwnvdlu,YouTube,푸드,먹방,Korea,1580000,105098,1996862,4.69,2.4,18-34,Mixed,8690.0,20,상승,2026-05-23,없음,14,5.0,메가,먹방협찬,2026-06-13,79448,https://yt3.ggpht.com/do-IUHPGk7DY4DNC90gOZ2LTnVJBm1Gp9KhgZwir9PoGb_XP_UwHLBI58GnSFKhBtKf2tjSY=s240-c-k-c0x00ffffff-no-rj,UCwNVDlUgdBlmVWRPy4Nk0Dw,https://www.youtube.com/channel/UCwNVDlUgdBlmVWRPy4Nk0Dw
CR_YT_0458,안곰TV,@yt_ucey3m_n,YouTube,엔터테인먼트,브이로그,Korea,1580000,2101616,33625856,1.45,3.0,18-34,Mixed,13262.0,2,유지,2026-04-24,없음,6,4.5,메가,PPL,2026-06-13,1528879,https://yt3.ggpht.com/6YCgvbW4qrgLci5T2jlJ9TDicc3L0US51FBWWNSzouJ6qBczbhoeC43gO3zavQWFsC_XN3JzvQ=s240-c-k-c0x00ffffff-no-rj,UCeY3m_ngsWYOQ65KDEFep0g,https://www.youtube.com/channel/UCeY3m_ngsWYOQ65KDEFep0g
CR_YT_0459,걍밍경,@yt_ucfqvrm2,YouTube,라이프스타일,브이로그,Korea,1570000,2000000,38000000,7.65,4.8,18-34,Mixed,2048.0,4,상승,2026-06-05,없음,14,5.0,메가,브랜디드콘텐츠,2026-06-13,1714608,https://yt3.ggpht.com/ytc/AIdro_mieTH2WSE4oBMmczfLHB3HhikzOg1nz9tFD-MLad93Xnw=s240-c-k-c0x00ffffff-no-rj,UCfqVrM2cvwxG3-EvxbsN0KQ,https://www.youtube.com/channel/UCfqVrM2cvwxG3-EvxbsN0KQ
CR_YT_0460,DOJIN도진이,@yt_uc6jl3mr,YouTube,라이프스타일,리뷰,Korea,1570000,1447368,24605256,5.27,2.7,18-34,Mixed,11807.0,1,상승,2026-04-06,확인필요,27,2.2,메가,브랜디드콘텐츠,2026-06-13,925693,https://yt3.ggpht.com/ytc/AIdro_nIV_KQXK6Bd0pKEBekdst1eCDimdoiCFTvgPh6j22oVHo=s240-c-k-c0x00ffffff-no-rj,UC6Jl3MrfGBvRYxXgdDxXzVA,https://www.youtube.com/channel/UC6Jl3MrfGBvRYxXgdDxXzVA
CR_YT_0461,이영지,@yt_uc3djkwk,YouTube,엔터테인먼트,리액션,Korea,1570000,11698113,116981130,4.43,2.4,18-34,Mixed,11586.0,2,상승,2026-02-26,확인필요,19,3.0,메가,PPL,2026-06-13,5055497,https://yt3.ggpht.com/pLw8F2FgtFCsf7ZyrfLhe2LUj9P4h7akePVZawPTVtqtf_-pNuO23SxypF9VlXetJ6qc99oU=s240-c-k-c0x00ffffff-no-rj,UC3dJKwKxhR1Boz56EsI5PYQ,https://www.youtube.com/channel/UC3dJKwKxhR1Boz56EsI5PYQ
CR_YT_0462,사물궁이 잡학지식,@yt_uc7f6udq,YouTube,교육,강의,Korea,1560000,572390,10875410,2.12,2.6,25-44,Mixed,7604.0,2,유지,2026-04-20,없음,33,4.2,메가,제품리뷰,2026-06-13,424118,https://yt3.ggpht.com/sNS7wMA1z2raHs3ykr_PGWFsO0WlGmahVZkzKNRcWwNT3y14HDTH4UIxbzVBb5EkTNm8ZrXvQg=s240-c-k-c0x00ffffff-no-rj,UC7F6UDq3gykPZHWRhrj_BDw,https://www.youtube.com/channel/UC7F6UDq3gykPZHWRhrj_BDw
CR_YT_0463,어퍼컷Tube,@yt_ucuk80yh,YouTube,엔터테인먼트,예능,Korea,1560000,563035,7882490,5.36,4.5,18-34,Mixed,14118.0,16,하락,2026-04-26,없음,25,5.0,메가,브랜디드콘텐츠,2026-06-13,326689,https://yt3.ggpht.com/nb6bsir1C6cxHpSjqnWyuGSylZu4fvDUofk89Nl4lueaXNaCWQuR4r1V3GD4emOcJxvdacFDeYk=s240-c-k-c0x00ffffff-no-rj,UCuK80YHBZyyKrr2B1oHrgrw,https://www.youtube.com/channel/UCuK80YHBZyyKrr2B1oHrgrw
CR_YT_0464,가르마[GARMA],@yt_uc7bro3y,YouTube,푸드,먹방,Korea,1560000,291461,4371915,0.84,5.0,18-34,Mixed,11160.0,12,하락,2026-02-18,없음,39,4.2,메가,먹방협찬,2026-06-13,186375,https://yt3.ggpht.com/ytc/AIdro_mj9LuR5FRAF2LXs3Q-ulgg5ON1MNcRsb0pGH4zs-HCarY=s240-c-k-c0x00ffffff-no-rj,UC7bRo3yLjtrRV9qU_KsE6nA,https://www.youtube.com/channel/UC7bRo3yLjtrRV9qU_KsE6nA
CR_YT_0465,너진똑 NJT BOOK,@yt_uca4zuof,YouTube,교육,정보,Korea,1560000,688073,8256876,7.58,4.3,25-44,Mixed,4769.0,4,상승,2026-04-29,없음,34,4.7,메가,제품리뷰,2026-06-13,277345,https://yt3.ggpht.com/MhicD-29cKZ3yOXCjhyMxzmu1cEGY2PWzMoLY3oKuLxb-3dEwpPTaZyZgt_Drc32YMot5sULsg=s240-c-k-c0x00ffffff-no-rj,UCA4ZUofyfHIk-qXlAQQV5Hg,https://www.youtube.com/channel/UCA4ZUofyfHIk-qXlAQQV5Hg
CR_YT_0466,김창옥TV,@yt_ucwzjw3p,YouTube,라이프스타일,브이로그,Korea,1560000,374732,6745176,6.28,2.3,18-34,Mixed,6497.0,20,유지,2026-04-27,없음,39,4.2,메가,PPL,2026-06-13,228479,https://yt3.ggpht.com/oVgmL0bwrQp8xP9ypfA4m1lII2UNTD09l2PLD-vDI0IVVj7X1wQeWGdba-S_HcELGlJEA9Nm=s240-c-k-c0x00ffffff-no-rj,UCwzJw3PLEcSAPrO4g86iswg,https://www.youtube.com/channel/UCwzJw3PLEcSAPrO4g86iswg
CR_YT_0467,KBS동물티비 : 애니멀포유 animal4u,@yt_ucahkkbd,YouTube,라이프스타일,리뷰,Korea,1560000,260965,4436405,7.67,4.6,18-34,Mixed,9904.0,1,상승,2026-01-24,없음,21,4.0,메가,PPL,2026-06-13,196330,https://yt3.ggpht.com/yG3lmmkYXXsVBm6Wm76ZF0STnAvfxbGwyJh4-7JRsXF9egocuFzSUBjzjR_jrHZZkq_HCrdkT8w=s240-c-k-c0x00ffffff-no-rj,UCAhKKbDO9-ymWZ_7iAFLBQQ,https://www.youtube.com/channel/UCAhKKbDO9-ymWZ_7iAFLBQQ
CR_YT_0468,수마일_soomile,@yt_ucp6eypv,YouTube,라이프스타일,브이로그,Korea,1550000,1467473,13207257,5.57,2.3,18-34,Mixed,14640.0,16,하락,2026-05-21,없음,29,4.7,메가,브랜디드콘텐츠,2026-06-13,525806,https://yt3.ggpht.com/20SSvFeEOEjPI-2q0QOHCdRh1O8hR6EQwbdVbv0FlqHpLAvARK0cJ30uv9HTbRLMQmQr3ukiMQM=s240-c-k-c0x00ffffff-no-rj,UCP6EYPVdvFSgBveBkWnfaTA,https://www.youtube.com/channel/UCP6EYPVdvFSgBveBkWnfaTA
CR_YT_0469,우왁굳,@yt_ucbkyj16,YouTube,게임,게임플레이,Korea,1550000,847457,11864398,1.87,3.0,18-34,Male,2597.0,20,상승,2026-03-21,없음,14,5.0,메가,스폰서십,2026-06-13,288990,https://yt3.ggpht.com/8qJyQpSS6YLADyM5T6afKkpCsGtC3x_4_SSJWTNNO3qKX9FmlRRBZbO7VFy8IegO_717mU7zaqM=s240-c-k-c0x00ffffff-no-rj,UCBkyj16n2snkRg1BAzpovXQ,https://www.youtube.com/channel/UCBkyj16n2snkRg1BAzpovXQ
CR_YT_0470,MOVE Dance Studio,@yt_uco_hutt,YouTube,엔터테인먼트,예능,Korea,1540000,42000,798000,4.07,3.9,18-34,Mixed,551.0,1,유지,2026-05-08,없음,13,4.0,메가,PPL,2026-06-13,32931,https://yt3.ggpht.com/beg_J4IQTE8MIZeQUwhVUzPf02oqVfxJrLCs9FsgyeyhMg2KuBCcn5X_XmsgMf1m-DeiHPCcAw=s240-c-k-c0x00ffffff-no-rj,UCO_HutTdw0PTxGPK7FG1fRA,https://www.youtube.com/channel/UCO_HutTdw0PTxGPK7FG1fRA
CR_YT_0471,안다 ANDA,@yt_ucn_fzlx,YouTube,뷰티,스킨케어,Korea,1540000,449826,6747390,0.55,4.6,18-34,Female,7398.0,2,유지,2026-06-03,없음,18,4.5,메가,제품리뷰,2026-06-13,243007,https://yt3.ggpht.com/A3h2vP4Z6pbOaHYiLx0D4Qf2V-hkV5NIYDjqBBnCNYcI2bBC0AItnJ6ZT-1_NPUj-c5sIzisnw=s240-c-k-c0x00ffffff-no-rj,UCn_fZLXut_Tj9-QihG_9l0g,https://www.youtube.com/channel/UCn_fZLXut_Tj9-QihG_9l0g
CR_YT_0472,놀면 뭐하니?,@yt_ucx6jsz0,YouTube,엔터테인먼트,버라이어티,Korea,1540000,676282,11496794,7.56,2.8,18-34,Mixed,3511.0,16,상승,2026-03-31,없음,40,4.2,메가,브랜디드콘텐츠,2026-06-13,270021,https://yt3.ggpht.com/GAD8NVVKFKf_6POTzisVu3uTCf3ROxkQHOk2OohJxJIf3hyDqiCweKf1XVoz00gCN72UqjC_=s240-c-k-c0x00ffffff-no-rj,UCx6jsZ02B4K3SECUrkgPyzg,https://www.youtube.com/channel/UCx6jsZ02B4K3SECUrkgPyzg
CR_YT_0473,한살차이 [Hansal],@yt_uczucxsf,YouTube,엔터테인먼트,브이로그,Korea,1540000,5054021,40432168,0.76,3.7,18-34,Mixed,1772.0,12,상승,2026-02-11,없음,24,5.0,메가,브랜디드콘텐츠,2026-06-13,1080565,https://yt3.ggpht.com/bapnRBfWS43lHeuQD3JnewwN0P8WAsZNZlEU78bLufWvbytPCXSoP2r_vZw9Fe_-nmxuISy74A=s240-c-k-c0x00ffffff-no-rj,UCzucXSFjhZb10mqjXHXTo5Q,https://www.youtube.com/channel/UCzucXSFjhZb10mqjXHXTo5Q
CR_YT_0474,이비온,@yt_uc2x_pex,YouTube,게임,게임플레이,Korea,1540000,10000000,180000000,5.79,4.1,18-34,Male,7102.0,12,하락,2026-01-24,없음,40,4.2,메가,제품리뷰,2026-06-13,5394398,https://yt3.ggpht.com/QLWzX1DDgEA4VxzKPKWjCDdi2xUZuRIpzWjsZyVYXEDekhtvvzvr4PtQ5LFDv4Em7dXwISihFLY=s240-c-k-c0x00ffffff-no-rj,UC2X_pEXXcvVZY5XlyeLR4_w,https://www.youtube.com/channel/UC2X_pEXXcvVZY5XlyeLR4_w
CR_YT_0475,군림보,@yt_ucn5ot4z,YouTube,엔터테인먼트,버라이어티,Korea,1530000,716317,14326340,3.45,3.1,18-34,Mixed,1441.0,1,유지,2026-03-12,없음,32,3.7,메가,브랜디드콘텐츠,2026-06-13,434329,https://yt3.ggpht.com/ytc/AIdro_nQI8Qt0G6H9C4mw-azGji-YVPxzag9eq_7CAVXpbJup1c=s240-c-k-c0x00ffffff-no-rj,UCN5oT4zGJX-_H6pE5isAEeg,https://www.youtube.com/channel/UCN5oT4zGJX-_H6pE5isAEeg
CR_YT_0476,애주가TV참PD,@yt_uc5oft5d,YouTube,뷰티,메이크업,Korea,1520000,427236,5554068,4.7,4.1,18-34,Female,11081.0,12,하락,2026-06-04,없음,8,5.0,메가,PPL,2026-06-13,197898,https://yt3.ggpht.com/ytc/AIdro_nNFCnba5cxuODzUuXsnA4nqIWdY_3jdbMmd2eTBaZ7n9k=s240-c-k-c0x00ffffff-no-rj,UC5oft5dVf43M2cFmhpJLVGQ,https://www.youtube.com/channel/UC5oft5dVf43M2cFmhpJLVGQ
CR_YT_0477,신비아파트 공식채널 - Shinbi House,@yt_ucohsxu1,YouTube,엔터테인먼트,버라이어티,Korea,1520000,353181,7063620,2.8,3.8,18-34,Mixed,14928.0,4,유지,2026-05-14,없음,21,5.0,메가,PPL,2026-06-13,327374,https://yt3.ggpht.com/vB7fwJO0FsCnb9oOxBWQXVDqq5QhzAkMz7CVS7h_-lOpTU3XfcwPz8Arz0MnT8xIKSpOs9wp2w=s240-c-k-c0x00ffffff-no-rj,UCoHsxU1eDWHom6D7Fce6kLA,https://www.youtube.com/channel/UCoHsxU1eDWHom6D7Fce6kLA
CR_YT_0478,Mera,@yt_ucws6h7j,YouTube,엔터테인먼트,예능,Korea,1520000,165310,3140890,4.44,2.5,18-34,Mixed,14699.0,12,상승,2026-04-30,없음,19,5.0,메가,브랜디드콘텐츠,2026-06-13,119594,https://yt3.ggpht.com/ytc/AIdro_kaCImgx5X1ZCq6KuTc1_C6iCCJKCFrp0OzjGWOCUBVhfU=s240-c-k-c0x00ffffff-no-rj,UCwS6H7jX50ldmB_IHxECvKw,https://www.youtube.com/channel/UCwS6H7jX50ldmB_IHxECvKw
CR_YT_0479,슈기님,@yt_ucbcy00o,YouTube,푸드,쿠킹,Korea,1520000,430879,7755822,6.4,2.6,18-34,Mixed,5340.0,12,하락,2026-01-03,없음,31,4.7,메가,먹방협찬,2026-06-13,325153,https://yt3.ggpht.com/QnnD3PlLfxeFqUrl8TOJCe2yOJOTzLFm3KKuJwH6pYHorsPH1jEtIXGz2m1IDmN4XiC4Du_Z=s240-c-k-c0x00ffffff-no-rj,UCBCY00Ox6Cins0oRwSLqNGA,https://www.youtube.com/channel/UCBCY00Ox6Cins0oRwSLqNGA
CR_YT_0480,TEO 테오,@yt_uc-uipgi,YouTube,엔터테인먼트,예능,Korea,1520000,252133,4538394,2.75,4.4,18-34,Mixed,5197.0,4,상승,2026-03-29,없음,24,5.0,메가,PPL,2026-06-13,127200,https://yt3.ggpht.com/rHO6yWNDSuMvF-vaLb7SWaZQBbcDuqRGOIyHyYuFgzkqGo7e7pUg6oJl1pRq2ZFPnPG_W3koTw=s240-c-k-c0x00ffffff-no-rj,UC-uIpGINZDL-VIHQQzJW8jw,https://www.youtube.com/channel/UC-uIpGINZDL-VIHQQzJW8jw
CR_YT_0481,급식왕,@yt_ucjundlk,YouTube,게임,게임플레이,Korea,1510000,907765,12708710,5.43,2.1,18-34,Male,5400.0,2,유지,2026-02-04,없음,17,4.5,메가,제품리뷰,2026-06-13,511346,https://yt3.ggpht.com/GoH12_DECJ78MgbQYjh4wXfubJb7Ka1piZtfk_Tub7ZHckndJ_J5Jopz1N5qG_i-Uh8yZlbUwA=s240-c-k-c0x00ffffff-no-rj,UCJundLkbjldzL60kFfKm1vQ,https://www.youtube.com/channel/UCJundLkbjldzL60kFfKm1vQ
CR_YT_0482,태경 TV,@yt_ucepuitf,YouTube,게임,e스포츠,Korea,1510000,601382,9020730,4.18,4.6,18-34,Male,6502.0,4,상승,2026-05-25,없음,34,4.7,메가,스폰서십,2026-06-13,243189,https://yt3.ggpht.com/fLmIODouC0OmtwfQoueyZ89_2vDj6ZjHEOKb1sVcZbU-vytqms2uL6WbS3sADZbOW2YrDo44NQ=s240-c-k-c0x00ffffff-no-rj,UCEPuItFWOOJ2o5hTu65NlEg,https://www.youtube.com/channel/UCEPuItFWOOJ2o5hTu65NlEg
CR_YT_0483,DAZBEE official,@yt_ucuevxld,YouTube,엔터테인먼트,예능,Korea,1510000,2865497,54444443,4.94,2.1,18-34,Mixed,13376.0,12,유지,2026-03-13,없음,26,4.7,메가,브랜디드콘텐츠,2026-06-13,2131932,https://yt3.ggpht.com/551vPcZVNuJW4qqL3xGxuuCE9ZAWEIDimwiPaMkTaf89-bgonrdj4B_UwyfngkBq4mXsUYaa1g=s240-c-k-c0x00ffffff-no-rj,UCUEvXLdpCtbzzDkcMI96llg,https://www.youtube.com/channel/UCUEvXLdpCtbzzDkcMI96llg
CR_YT_0484,돼지저금통,@yt_ucevnzhz,YouTube,게임,e스포츠,Korea,1500000,451007,3608056,3.5,3.6,18-34,Male,2194.0,2,유지,2026-01-09,없음,29,4.2,메가,스폰서십,2026-06-13,112740,https://yt3.ggpht.com/ytc/AIdro_lYHpyK8jBIrrCQ9C-monQDzav79hg-9FrW9et4WmrMOWs=s240-c-k-c0x00ffffff-no-rj,UCEVnzHZkNMG-XFUGomZ24cg,https://www.youtube.com/channel/UCEVnzHZkNMG-XFUGomZ24cg
CR_YT_0485,나나의인형놀이 Nana'sDollPlay,@yt_ucfdt0b0,YouTube,엔터테인먼트,리액션,Korea,1500000,1331658,15979896,4.48,2.7,18-34,Mixed,4884.0,8,상승,2026-02-21,없음,24,5.0,메가,브랜디드콘텐츠,2026-06-13,527181,https://yt3.ggpht.com/BgngF1D9xmOa7PDzjnfIquqc8SQtiwuqFKLzBPDDr627tLt2RUVCbzB5N448qb1jIfWblIfgLQ=s240-c-k-c0x00ffffff-no-rj,UCFDT0B0Ud2hWrxweDLMrEHg,https://www.youtube.com/channel/UCFDT0B0Ud2hWrxweDLMrEHg
CR_YT_0486,싱글벙글 SGBG,@yt_uc7_cfrf,YouTube,엔터테인먼트,리액션,Korea,1490000,2152899,19376091,0.7,3.4,18-34,Mixed,13893.0,12,하락,2026-02-06,없음,14,5.0,메가,PPL,2026-06-13,652742,https://yt3.ggpht.com/NMese3xj7Q6k4GyetZmY5Av__4sGWlh5OaKCC-ksSUNfhY68Rk4CaNn3gE21fBGEHeLVDNQmEA=s240-c-k-c0x00ffffff-no-rj,UC7_CFRfhIj-fSk3patOQOaw,https://www.youtube.com/channel/UC7_CFRfhIj-fSk3patOQOaw
CR_YT_0487,뷰티풀너드,@yt_uce9f9mv,YouTube,뷰티,뷰티리뷰,Korea,1490000,812399,16247980,7.08,4.8,18-34,Female,1030.0,16,유지,2026-01-02,없음,13,5.0,메가,제품리뷰,2026-06-13,709635,https://yt3.ggpht.com/5cpLHMTVPsYpJCBevjjbye3H-STpTtOLRdTyeXQqeGE0GGWUzxZ5wMMpYc0STXFV1VVNYSyD=s240-c-k-c0x00ffffff-no-rj,UCe9f9MVu4WVCA3tVWtgSswA,https://www.youtube.com/channel/UCe9f9MVu4WVCA3tVWtgSswA
CR_YT_0488,니니키즈,@yt_uc-qvsp9,YouTube,교육,정보,Korea,1490000,1062639,12751668,6.0,3.8,13-17,Mixed,1169.0,1,하락,2026-01-06,없음,26,3.7,메가,스폰서십,2026-06-13,574945,https://yt3.ggpht.com/zn6V5vVkroFoxrt8BQRZrRzyXWvO8EmIJbjMUptiaGdjcoG2hS1uIgVHQ_hkHQzDsZ4A4eDf8A=s240-c-k-c0x00ffffff-no-rj,UC-qvsP9s1az2_7HqYfSiO6w,https://www.youtube.com/channel/UC-qvsP9s1az2_7HqYfSiO6w
CR_YT_0489,SPORTS FULL 스포츠 풀,@yt_ucom2oyg,YouTube,피트니스,헬스,Korea,1490000,756658,12863186,5.61,2.6,25-44,Mixed,8218.0,2,유지,2026-03-11,없음,17,4.5,메가,제품리뷰,2026-06-13,527796,https://yt3.ggpht.com/B7ugPX0MxqDBQOfjIuozB_9OwIXgR1rglL11_8teZ35d5WUxpD11hxJL9KhsYO652kDGHMPP7w=s240-c-k-c0x00ffffff-no-rj,UCoM2OyG9SHJlrgXV5u9gi4w,https://www.youtube.com/channel/UCoM2OyG9SHJlrgXV5u9gi4w
CR_YT_0490,Chloe Art,@yt_uctoiqaa,YouTube,교육,강의,Korea,1490000,279898,2798980,1.42,4.9,25-44,Mixed,8367.0,12,하락,2026-02-06,없음,37,4.2,메가,스폰서십,2026-06-13,75595,https://yt3.ggpht.com/9n9HUb8zbNY67HmoTzYX7_wTbZ9-bR3SRZRIjrrzroFoydr6IIYyaz6uHIy9KVCVCmeiotEjjJ8=s240-c-k-c0x00ffffff-no-rj,UCtoIqaAuvP6rWCvFOdxKVpA,https://www.youtube.com/channel/UCtoIqaAuvP6rWCvFOdxKVpA
CR_YT_0491,차미툰,@yt_ucjjjjoy,YouTube,엔터테인먼트,브이로그,Korea,1480000,752688,14301072,5.09,2.5,18-34,Mixed,1236.0,4,상승,2026-01-28,없음,26,4.7,메가,브랜디드콘텐츠,2026-06-13,601980,https://yt3.ggpht.com/trpqM_zzudM4d7AW1LIsJNIK1VXJ-h1W0NxKxPHb9sg2q8q3JXzt8IcbwJa58dAhIFqN2DNrgA=s240-c-k-c0x00ffffff-no-rj,UCjjJJoY_Ztc2Pxpc86_cagw,https://www.youtube.com/channel/UCjjJJoY_Ztc2Pxpc86_cagw
CR_YT_0492,대도서관TV (buzzbean11),@yt_ucshvh_a,YouTube,게임,e스포츠,Korea,1470000,135000,1890000,3.91,2.5,18-34,Male,5030.0,12,상승,2026-04-30,없음,33,4.7,메가,제품리뷰,2026-06-13,46472,https://yt3.ggpht.com/uM1z9UAo7YE4-KxL6GGlVUIOY_tC2L5GB9v5iH9IOMGD6H0ogU2kxakf0Jrl2xagxi27ESiUQg=s240-c-k-c0x00ffffff-no-rj,UCSHVH_AWVUc-C8-D8mh8W6A,https://www.youtube.com/channel/UCSHVH_AWVUc-C8-D8mh8W6A
CR_YT_0493,신세경 sjkuksee,@yt_ucet3i7y,YouTube,라이프스타일,일상,Korea,1470000,1320963,22456371,7.0,4.8,18-34,Mixed,10425.0,8,유지,2026-02-27,없음,11,5.0,메가,PPL,2026-06-13,593040,https://yt3.ggpht.com/ytc/AIdro_msKLPHR2VGmhyx0SZJWKHC_wN-mPhWPHqxPBabNA2s_w=s240-c-k-c0x00ffffff-no-rj,UCET3I7YOuGTO31OlYdg2B_w,https://www.youtube.com/channel/UCET3I7YOuGTO31OlYdg2B_w
CR_YT_0494,Rirang OnAir,@yt_uceyu98d,YouTube,여행,여행리뷰,Korea,1470000,620985,6209850,5.44,4.7,25-44,Mixed,10145.0,8,유지,2026-01-08,없음,16,5.0,메가,PPL,2026-06-13,269666,https://yt3.ggpht.com/ytc/AIdro_kC9WBJ1UhVz5cA7p9o9DY0YwSQ7-GG7PLW6NLYnK5R7D4=s240-c-k-c0x00ffffff-no-rj,UCeyU98dnBQ18KdThUqSvBtA,https://www.youtube.com/channel/UCeyU98dnBQ18KdThUqSvBtA
CR_YT_0495,Sunny Funny Fitness,@yt_uctaco7m,YouTube,피트니스,헬스,Korea,1470000,480000,4320000,3.31,3.4,25-44,Mixed,9264.0,2,상승,2026-04-14,없음,23,4.5,메가,제품리뷰,2026-06-13,148713,https://yt3.ggpht.com/ytc/AIdro_lm-dM9OrsEyP-ewU29plNUhGrz8nutBjOjH1q3wkvzO3k=s240-c-k-c0x00ffffff-no-rj,UCTAcO7MyXetuvExV7Lo_L6Q,https://www.youtube.com/channel/UCTAcO7MyXetuvExV7Lo_L6Q
CR_YT_0496,집대성,@yt_uc64ago-,YouTube,라이프스타일,브이로그,Korea,1470000,414333,7872327,3.11,3.9,18-34,Mixed,6312.0,20,유지,2026-05-21,없음,24,5.0,메가,PPL,2026-06-13,330042,https://yt3.ggpht.com/VaIJLrimfnjqtQTeUx6jt-8OryGTkwwFxLsx3hithz9iX5klM6Y9Bv2lu11O4AJJKcOKJSxR=s240-c-k-c0x00ffffff-no-rj,UC64aGo-8uz1dndBAB3VtL2w,https://www.youtube.com/channel/UC64aGo-8uz1dndBAB3VtL2w
CR_YT_0497,테스터훈 TesterHoon,@yt_ucuboogi,YouTube,게임,e스포츠,Korea,1450000,411449,4114490,3.57,3.0,18-34,Male,6813.0,20,유지,2026-02-14,없음,32,4.7,메가,제품리뷰,2026-06-13,189503,https://yt3.ggpht.com/ytc/AIdro_lXhIxSrHvppF3oJONIk767JHfCMzNXrx0zsozkzRVPNxI=s240-c-k-c0x00ffffff-no-rj,UCUbOogiD-4PKDqaJfSOTC0g,https://www.youtube.com/channel/UCUbOogiD-4PKDqaJfSOTC0g
CR_YT_0498,LeoJ Makeup,@yt_ucnffojl,YouTube,뷰티,뷰티리뷰,Korea,1450000,901749,16231482,6.41,4.1,18-34,Female,9143.0,20,유지,2026-04-24,없음,36,4.2,메가,제품리뷰,2026-06-13,632337,https://yt3.ggpht.com/ytc/AIdro_n_prkAS2s-jB2JHHI7g0tstz6iohY_6qBqQ6lxKra2vYg=s240-c-k-c0x00ffffff-no-rj,UCnFFOjljp1_sacTz7PfIIyg,https://www.youtube.com/channel/UCnFFOjljp1_sacTz7PfIIyg
CR_YT_0499,별놈들,@yt_ucxtqwsv,YouTube,라이프스타일,브이로그,Korea,1450000,631143,6311430,3.75,3.8,18-34,Mixed,9852.0,16,상승,2026-02-05,없음,29,4.7,메가,PPL,2026-06-13,192630,https://yt3.ggpht.com/lqQIvcqJYn5g2xQmpS8OWW_hVuT1ohInMCiRhDBe8BsCsXO139q8UzS7DzbqvqvklTpiuqnWa_s=s240-c-k-c0x00ffffff-no-rj,UCXTQWsvCnuKxqnbBFMYhrSA,https://www.youtube.com/channel/UCXTQWsvCnuKxqnbBFMYhrSA
CR_YT_0500,JJAEMI 째미,@yt_ucsg2jqo,YouTube,푸드,쿠킹,Korea,1450000,1672131,28426227,5.59,2.0,18-34,Mixed,4727.0,2,하락,2026-02-20,없음,14,4.5,메가,제품리뷰,2026-06-13,1262389,https://yt3.ggpht.com/ytc/AIdro_mSMklHuQcJKbbyWSLrcXamiMzgg-YnIht1CxLCvat5HjQ=s240-c-k-c0x00ffffff-no-rj,UCSg2Jqo_AGTtWHAMYxNf11g,https://www.youtube.com/channel/UCSg2Jqo_AGTtWHAMYxNf11g
CR_YT_0501,NCT WISH,@yt_ucizqwva,YouTube,엔터테인먼트,예능,Korea,1450000,711931,7831241,3.03,3.7,18-34,Mixed,14082.0,16,유지,2026-06-06,없음,24,5.0,메가,브랜디드콘텐츠,2026-06-13,307261,https://yt3.ggpht.com/DX4V6JTN3_k4reqRuh6OBs2jVA88FlP3tAexIbZq1BXcKBVy8DiHlQtvfTC7U4J8J9mdOc3EOg=s240-c-k-c0x00ffffff-no-rj,UCiZqWVAeChfqlom5ZPR3ZJA,https://www.youtube.com/channel/UCiZqWVAeChfqlom5ZPR3ZJA
CR_YT_0502,Tooniverse-투니버스,@yt_ucmicll_,YouTube,엔터테인먼트,리액션,Korea,1440000,275876,4414016,1.52,2.9,18-34,Mixed,512.0,4,하락,2026-03-14,없음,40,4.2,메가,브랜디드콘텐츠,2026-06-13,144623,https://yt3.ggpht.com/chmtDJndZpCXXNLH2gOZ8IJQRg0cGLLZ3EB64YByFfYB1LfS6yy06gvzqcGg38BEr3nbT_nDFw=s240-c-k-c0x00ffffff-no-rj,UCMIclL_bqlsiy2eP6tNfORw,https://www.youtube.com/channel/UCMIclL_bqlsiy2eP6tNfORw
CR_YT_0503,정브르,@yt_ucov1v2i,YouTube,엔터테인먼트,버라이어티,Korea,1440000,353495,2827960,6.12,3.2,18-34,Mixed,6810.0,4,상승,2026-02-05,없음,29,4.7,메가,PPL,2026-06-13,81508,https://yt3.ggpht.com/ytc/AIdro_miJmbfhRULroD2bHP-nqRRIV9jrN6-V-YZ_0TAUMvpeW8=s240-c-k-c0x00ffffff-no-rj,UCOv1v2iptqYMVEwLAIUOhPw,https://www.youtube.com/channel/UCOv1v2iptqYMVEwLAIUOhPw
CR_YT_0504,뭅뭅,@yt_ucjotgam,YouTube,엔터테인먼트,버라이어티,Korea,1440000,156164,1717804,7.25,3.1,18-34,Mixed,13155.0,8,상승,2026-01-19,없음,14,5.0,메가,브랜디드콘텐츠,2026-06-13,62344,https://yt3.ggpht.com/ytc/AIdro_kCTPDCFmfFqzpbsAYZiBcdOkZi99w9gsu3NO2kqvkGPzU=s240-c-k-c0x00ffffff-no-rj,UCJOTgAmY3S0mz-6imyhkj8g,https://www.youtube.com/channel/UCJOTgAmY3S0mz-6imyhkj8g
CR_YT_0505,키즐 kizzle,@yt_ucovtwrw,YouTube,엔터테인먼트,브이로그,Korea,1440000,736040,13248720,6.27,3.5,18-34,Mixed,9813.0,8,유지,2026-06-09,없음,13,5.0,메가,PPL,2026-06-13,313992,https://yt3.ggpht.com/ytc/AIdro_nU19mxQBuTZbCqlhPTysIxydDDV3Qhd23SkNQt36OgCw8=s240-c-k-c0x00ffffff-no-rj,UCOVtwrWmXPB7Q35RB_RZ1Ew,https://www.youtube.com/channel/UCOVtwrWmXPB7Q35RB_RZ1Ew
CR_YT_0506,동네친구 강나미 [Kangnami],@yt_ucrahzg4,YouTube,엔터테인먼트,브이로그,Korea,1440000,969213,9692130,3.89,4.5,18-34,Mixed,6659.0,8,상승,2026-05-09,없음,27,4.7,메가,브랜디드콘텐츠,2026-06-13,328910,https://yt3.ggpht.com/Sa0yhz5nyb7Io2iFnJKRoELq0xEZd_m7BJuKgccAPj6pIxmvQhDxXLjFHCN-O5a1WzEojJaR=s240-c-k-c0x00ffffff-no-rj,UCrAhzG4rf642oTUCpdyo5Vw,https://www.youtube.com/channel/UCrAhzG4rf642oTUCpdyo5Vw
CR_YT_0507,주둥이방송,@yt_uc9ta639,YouTube,엔터테인먼트,예능,Korea,1440000,552977,6635724,4.87,3.1,18-34,Mixed,2141.0,1,유지,2026-05-15,없음,35,3.7,메가,브랜디드콘텐츠,2026-06-13,218445,https://yt3.ggpht.com/WeDSMKLlYZ7ZdCbFwC47EElCfXN612CK5XMXJLOL49HT_wO6cX8aJWuStv9tKayysMNZc3HdKr4=s240-c-k-c0x00ffffff-no-rj,UC9ta639M37zzWKwo7kKc80A,https://www.youtube.com/channel/UC9ta639M37zzWKwo7kKc80A
CR_YT_0508,준우,@yt_ucgrfahc,YouTube,엔터테인먼트,리액션,Korea,1440000,1129533,22590660,4.22,2.2,18-34,Mixed,9645.0,12,상승,2026-03-29,없음,10,5.0,메가,브랜디드콘텐츠,2026-06-13,937669,https://yt3.ggpht.com/eLzhL9f6h8ouyxDXdU1OQFp0dWc1ZdwdTXYXV_Wreos9B8ouUCwQ5T9OaHqtozeU4esc4G_UJQ=s240-c-k-c0x00ffffff-no-rj,UCGrfaHcg6r4JWAZyo_cvKZQ,https://www.youtube.com/channel/UCGrfaHcg6r4JWAZyo_cvKZQ
CR_YT_0509,취미로 요리하는 남자 Yonam,@yt_ucyozk5o,YouTube,라이프스타일,일상,Korea,1430000,909090,14545440,4.25,3.5,18-34,Mixed,14428.0,8,유지,2026-01-10,없음,26,4.7,메가,PPL,2026-06-13,603620,https://yt3.ggpht.com/ytc/AIdro_nZ6VQ2T_OMvnWG1eVScH_NKqJXHdevOQmuy1Se3r5gsA=s240-c-k-c0x00ffffff-no-rj,UCyozK5OFN5lDrwim5wqQnLA,https://www.youtube.com/channel/UCyozK5OFN5lDrwim5wqQnLA
CR_YT_0510,채널A 뉴스TOP10,@yt_uciipmdp,YouTube,엔터테인먼트,예능,Korea,1430000,48285,917415,6.5,4.2,18-34,Mixed,7361.0,12,상승,2026-06-09,확인필요,21,3.5,메가,PPL,2026-06-13,41161,https://yt3.ggpht.com/Vn4ZLF82DnYLBbvFuE45fzjZxkCKvRWuy8bZygxInsvzvu3RiF5SjgQdxMojEZBoQjVgEVbfAQ=s240-c-k-c0x00ffffff-no-rj,UCIIpmDPVk7nzNHEUSHmvkUg,https://www.youtube.com/channel/UCIIpmDPVk7nzNHEUSHmvkUg
CR_YT_0511,최고다윽박,@yt_ucg_ls-x,YouTube,엔터테인먼트,리액션,Korea,1430000,514313,4114504,1.16,3.5,18-34,Mixed,9429.0,20,유지,2026-01-29,없음,22,5.0,메가,브랜디드콘텐츠,2026-06-13,123540,https://yt3.ggpht.com/bU0FDEYHYD8sVSdVl0PsHa034nZ3DRjNJn0IiSvL7Db9fnyj_YYPKj342nzRT1ww5tNH-AZ6Eg=s240-c-k-c0x00ffffff-no-rj,UCg_lS-XS9Fh9I6Rl56Z8fpg,https://www.youtube.com/channel/UCg_lS-XS9Fh9I6Rl56Z8fpg
CR_YT_0512,핏블리 FITVELY,@yt_uc3hrpiq,YouTube,피트니스,다이어트,Korea,1430000,403944,6867048,5.23,2.5,25-44,Mixed,4288.0,8,상승,2026-05-16,없음,28,4.7,메가,제품리뷰,2026-06-13,188209,https://yt3.ggpht.com/eG9rrMiGW8vcOnbV1jDkizYFeHO3U_lBuehTx2B9lOrPL1tfHySV-i3rpN2rupWr7v3CuBd1nLE=s240-c-k-c0x00ffffff-no-rj,UC3hRpIQ4x5niJDwjajQSVPg,https://www.youtube.com/channel/UC3hRpIQ4x5niJDwjajQSVPg
CR_YT_0513,스튜디오 와플 - STUDIO WAFFLE,@yt_ucytjw8d,YouTube,엔터테인먼트,브이로그,Korea,1430000,939393,7515144,1.18,2.4,18-34,Mixed,11415.0,20,유지,2026-04-23,없음,14,5.0,메가,브랜디드콘텐츠,2026-06-13,235472,https://yt3.ggpht.com/L2Ox6kbIxcnujmxVbtPSOGvRcpSNOIBbTKEKw1EvpD_LWsAcLTwryTrtUZiHwKVgV0AGbbIfAk8=s240-c-k-c0x00ffffff-no-rj,UCYtjW8dGkaeHwrMiB01Xa_Q,https://www.youtube.com/channel/UCYtjW8dGkaeHwrMiB01Xa_Q
CR_YT_0514,Kiana Ledé,@yt_uc4p8knf,YouTube,라이프스타일,브이로그,Korea,1430000,1092783,20762877,2.19,4.2,18-34,Mixed,11455.0,4,상승,2026-04-29,없음,8,5.0,메가,PPL,2026-06-13,793351,https://yt3.ggpht.com/fMeZsW8yuOvXcPUhIMDAhfgbuLen5ImHSC0R0gUpUol2z72A2PMSkJhtGdLD_kXeVmpuLRV3Eg=s240-c-k-c0x00ffffff-no-rj,UC4p8kNFQ7OtB1I60LD_SbUg,https://www.youtube.com/channel/UC4p8kNFQ7OtB1I60LD_SbUg
CR_YT_0515,닥터프렌즈,@yt_ucvflnec,YouTube,교육,강의,Korea,1420000,316804,4435256,4.31,4.8,25-44,Mixed,10731.0,12,유지,2026-05-16,없음,19,5.0,메가,제품리뷰,2026-06-13,152774,https://yt3.ggpht.com/ous916g15258E-Z20UCi_B9hYrpcKpRGUzyzGgxO3_Q-iElqc1gzUbwLMvvU0m0xW2Vg_ify6Q=s240-c-k-c0x00ffffff-no-rj,UCVfLNEch9YxD4tX1L-crkMQ,https://www.youtube.com/channel/UCVfLNEch9YxD4tX1L-crkMQ
CR_YT_0516,양팡 YangPang,@yt_ucmvc92e,YouTube,엔터테인먼트,예능,Korea,1420000,531130,7435820,7.92,3.3,18-34,Mixed,10402.0,16,상승,2026-04-21,없음,25,5.0,메가,PPL,2026-06-13,175560,https://yt3.ggpht.com/a1qRfoTQXCUPgfsOXTAcoVJKIQFIOFXc1qv3Kr-zmQn2rfFu_IVCHhfcyaJ2FwnFDqG39-4Z5UI=s240-c-k-c0x00ffffff-no-rj,UCMVC92EOs9yDJG5JS-CMesQ,https://www.youtube.com/channel/UCMVC92EOs9yDJG5JS-CMesQ
CR_YT_0517,ssin 씬님,@yt_uc5xk2xd,YouTube,뷰티,뷰티리뷰,Korea,1420000,450367,7656239,7.37,3.0,18-34,Female,8971.0,4,유지,2026-05-31,없음,11,5.0,메가,제품리뷰,2026-06-13,342649,https://yt3.ggpht.com/rLmgBgwEdTNb_7HBlfklEgG7yNMrjs8hHTwSRBz7rThNXwWBh0V-uXs2tTjMRCJNGaYa_mzQZg=s240-c-k-c0x00ffffff-no-rj,UC5xK2Xdrud3-KGjkS1Igumg,https://www.youtube.com/channel/UC5xK2Xdrud3-KGjkS1Igumg
CR_YT_0518,런앤런 RunandRun,@yt_ucidubdd,YouTube,엔터테인먼트,예능,Korea,1420000,800604,16012080,3.2,4.1,18-34,Mixed,10256.0,2,상승,2026-01-26,없음,25,4.5,메가,PPL,2026-06-13,446442,https://yt3.ggpht.com/ytc/AIdro_krdEcUnm-tr4411WVW-0DWY007NrKacj32awnE74GNiRg=s240-c-k-c0x00ffffff-no-rj,UCIdUbDDieWcppH0jFGTLwBg,https://www.youtube.com/channel/UCIdUbDDieWcppH0jFGTLwBg
CR_YT_0519,Android Developers,@yt_ucvhfbqx,YouTube,라이프스타일,브이로그,Korea,1420000,685131,10962096,4.07,2.7,18-34,Mixed,844.0,4,상승,2026-06-03,없음,21,5.0,메가,PPL,2026-06-13,282359,https://yt3.ggpht.com/3eOpcez9yQ4UXgbmvlWLkSZv-vPcw2zSR3IeH7xL7nM5EAoV0yRrt8qFEFmobS59zYRkBfPLfQ=s240-c-k-c0x00ffffff-no-rj,UCVHFbqXqoYvEWM1Ddxl0QDg,https://www.youtube.com/channel/UCVHFbqXqoYvEWM1Ddxl0QDg
CR_YT_0520,SUPER SOUND Bugs!,@yt_uc9pvylr,YouTube,엔터테인먼트,버라이어티,Korea,1410000,264365,4758570,8.16,2.3,18-34,Mixed,11576.0,12,하락,2026-02-17,없음,13,5.0,메가,브랜디드콘텐츠,2026-06-13,124556,https://yt3.ggpht.com/ytc/AIdro_l8ub4ObYNxSRoXdsdquclN_k4E0vv_fDnTo-B_uijjUpY=s240-c-k-c0x00ffffff-no-rj,UC9PVYlrwFSlqG7w8TDsqRvQ,https://www.youtube.com/channel/UC9PVYlrwFSlqG7w8TDsqRvQ
CR_YT_0521,김준표,@yt_uc_engqd,YouTube,교육,강의,Korea,1410000,1031069,12372828,5.78,2.2,25-44,Mixed,10537.0,8,유지,2026-01-19,없음,22,5.0,메가,제품리뷰,2026-06-13,373741,https://yt3.ggpht.com/ytc/AIdro_n8mj9DB4CeFFtdE8Ebn6hX7MSaRPZtOvJUAzYbSjlFBXQ=s240-c-k-c0x00ffffff-no-rj,UC_EngQdug6VcxZ3xcqgnWug,https://www.youtube.com/channel/UC_EngQdug6VcxZ3xcqgnWug
CR_YT_0522,지켜츄 Chuu Can Do It,@yt_uchk2dhv,YouTube,엔터테인먼트,예능,Korea,1410000,451807,5421684,3.56,3.0,18-34,Mixed,4338.0,1,유지,2026-02-21,없음,21,4.0,메가,PPL,2026-06-13,224814,https://yt3.ggpht.com/62EAsq3IL3niLRY5nA9azOMHXKTDXLpBIUpBVHkTx_EVtUWZjMQJlcBo2-81nLEd5w7BgY9UYR4=s240-c-k-c0x00ffffff-no-rj,UChK2DhvPSG3sY0jIYYngVBA,https://www.youtube.com/channel/UChK2DhvPSG3sY0jIYYngVBA
CR_YT_0523,육식맨 YOOXICMAN,@yt_uc0vr2v4,YouTube,푸드,쿠킹,Korea,1400000,1360946,23136082,5.66,2.3,18-34,Mixed,9828.0,12,유지,2026-01-27,없음,32,4.7,메가,제품리뷰,2026-06-13,751802,https://yt3.ggpht.com/ytc/AIdro_lbGsHHCH_1Oyx0ggvVYxjLT4duLZrIMW8mAsIvwcVoqRM=s240-c-k-c0x00ffffff-no-rj,UC0VR2v4TZeGcOrZHnmwbU_Q,https://www.youtube.com/channel/UC0VR2v4TZeGcOrZHnmwbU_Q
CR_YT_0524,강유미 yumi kang좋아서 하는 채널,@yt_ucpz4e8b,YouTube,엔터테인먼트,예능,Korea,1400000,1446740,11573920,5.07,2.8,18-34,Mixed,2658.0,8,상승,2026-03-10,없음,6,5.0,메가,PPL,2026-06-13,289750,https://yt3.ggpht.com/ytc/AIdro_nq0LKCKvEUHQ_pAke_5X3dXmnfsaILlq5nFMyy8n7jmL0=s240-c-k-c0x00ffffff-no-rj,UCPZ4e8BQEM-BlepSeZUESSw,https://www.youtube.com/channel/UCPZ4e8BQEM-BlepSeZUESSw
CR_YT_0525,흥둥이,@yt_uchvuohr,YouTube,뷰티,뷰티리뷰,Korea,1400000,372340,3723400,7.74,3.7,18-34,Female,6357.0,12,상승,2026-01-01,없음,36,4.2,메가,제품리뷰,2026-06-13,147699,https://yt3.ggpht.com/xIKI3lhp5k0AkZyMac2eZpJ3FSkIwcYRN9kVMCNTJ8yioeS8fMjr2sK7PHa3htB7xZXIX-06=s240-c-k-c0x00ffffff-no-rj,UCHVuoHrPWWTD67Ln1jV4Bew,https://www.youtube.com/channel/UCHVuoHrPWWTD67Ln1jV4Bew
CR_YT_0526,KHB,@yt_ucirxcrd,YouTube,엔터테인먼트,브이로그,Korea,1400000,284090,3977260,7.04,3.4,18-34,Mixed,5704.0,12,유지,2026-06-11,없음,39,4.2,메가,브랜디드콘텐츠,2026-06-13,181350,https://yt3.ggpht.com/ytc/AIdro_lTEyYORz10dNCP8HikIa782XZ1q3kSe-e3ASTExqM6_is=s240-c-k-c0x00ffffff-no-rj,UCIRXCrditE_-NPkcNelbt2w,https://www.youtube.com/channel/UCIRXCrditE_-NPkcNelbt2w
CR_YT_0527,김지윤의 지식Play,@yt_ucxql5c5,YouTube,엔터테인먼트,버라이어티,Korea,1390000,441988,7955784,4.78,4.9,18-34,Mixed,4704.0,1,상승,2026-04-09,없음,34,3.7,메가,브랜디드콘텐츠,2026-06-13,202465,https://yt3.ggpht.com/ytc/AIdro_nZuWYhiUWhL4vNkn0DgPkHSXyDYcf2Fcg-hrl9xnl8Lg=s240-c-k-c0x00ffffff-no-rj,UCXql5C57vS4ogUt6CPEWWHA,https://www.youtube.com/channel/UCXql5C57vS4ogUt6CPEWWHA
CR_YT_0528,안될과학 Unrealscience,@yt_ucmc4emu,YouTube,테크,IT정보,Korea,1390000,156739,2821302,6.07,4.7,25-44,Male,13336.0,16,유지,2026-02-05,없음,27,4.7,메가,제품리뷰,2026-06-13,78404,https://yt3.ggpht.com/ytc/AIdro_mfJU2V3f_mAORcKfyq-z7dPujl4aisAWyAQ9bJVeUDLw=s240-c-k-c0x00ffffff-no-rj,UCMc4EmuDxnHPc6pgGW-QWvQ,https://www.youtube.com/channel/UCMc4EmuDxnHPc6pgGW-QWvQ
CR_YT_0529,토이스페이스ToySpace - Game Vlogs,@yt_ucb89vdf,YouTube,게임,게임플레이,Korea,1390000,378858,3030864,6.26,3.8,18-34,Male,8338.0,8,유지,2026-01-05,확인필요,29,3.2,메가,스폰서십,2026-06-13,84375,https://yt3.ggpht.com/ytc/AIdro_kYaw_2vyQC57K0KRn-UxbH4tZ-lXGx6LSokr2mQXSIt_I=s240-c-k-c0x00ffffff-no-rj,UCB89VdFsWxBsUBy2O2lB5og,https://www.youtube.com/channel/UCB89VdFsWxBsUBy2O2lB5og
CR_YT_0530,집밥요리 Home Cooking,@yt_ucuakaxy,YouTube,푸드,먹방,Korea,1390000,655737,5245896,3.2,4.2,18-34,Mixed,9981.0,8,하락,2026-05-29,없음,12,5.0,메가,먹방협찬,2026-06-13,163934,https://yt3.ggpht.com/LaB6NfjRSRqbdJY7SgJTmCpkAwpNlHvSblk9Bfy2KR7mfvyw7LEs8hiY95uD7KPeidFsbsoPBg=s240-c-k-c0x00ffffff-no-rj,UCUAKaXyq2hVBCph1LOUtuqg,https://www.youtube.com/channel/UCUAKaXyq2hVBCph1LOUtuqg
CR_YT_0531,혼술다큐 미짱 lonely mizzang,@yt_ucpqtzhv,YouTube,라이프스타일,브이로그,Korea,1380000,719874,7918614,0.8,2.4,18-34,Mixed,13811.0,16,상승,2026-01-04,없음,6,5.0,메가,PPL,2026-06-13,355643,https://yt3.ggpht.com/e4mF1Qz8eQrRSTWj1DsszqtXqRiocwvHavXAtFLT5gLA5IGTlIA0UnE1Q-Kf2LytMsLt6DufkA=s240-c-k-c0x00ffffff-no-rj,UCpQTzHvXNjraoVDSCPID04w,https://www.youtube.com/channel/UCpQTzHvXNjraoVDSCPID04w
CR_YT_0532,YUKA-CHANNEL,@yt_uckjom6b,YouTube,라이프스타일,브이로그,Korea,1380000,817901,8179010,7.74,4.5,18-34,Mixed,12613.0,1,상승,2026-05-08,없음,34,3.7,메가,PPL,2026-06-13,311582,https://yt3.ggpht.com/dWmb8AvMfodWK3J09Yuaqip8wlgcGa58fATCAmG9eZjMhNJS_GIp-yATFd3Sota4UCQkiNBFKwk=s240-c-k-c0x00ffffff-no-rj,UCKJom6BqhteuD-Jk8FO0YTA,https://www.youtube.com/channel/UCKJom6BqhteuD-Jk8FO0YTA
CR_YT_0533,잉여맨 유튜브,@yt_uceg0onj,YouTube,게임,게임플레이,Korea,1370000,387165,6581805,2.26,4.4,18-34,Male,14742.0,8,유지,2026-05-28,없음,26,4.7,메가,제품리뷰,2026-06-13,276309,https://yt3.ggpht.com/b6L6Jayjngalahq6avMJqKifrPtq-qsz8Rop7cAYt9mAVXdmmkm3waExZSM2VYFkuXbtFm_SzsA=s240-c-k-c0x00ffffff-no-rj,UCeG0ONJtjwE20ThR5iSYdsA,https://www.youtube.com/channel/UCeG0ONJtjwE20ThR5iSYdsA
CR_YT_0534,오늘의 주우재,@yt_ucw-kxdz,YouTube,라이프스타일,일상,Korea,1370000,482603,7721648,7.19,4.4,18-34,Mixed,5365.0,20,상승,2026-04-17,없음,7,5.0,메가,PPL,2026-06-13,204914,https://yt3.ggpht.com/N5Uq0g_DW9yAcnt-Y6XIJxivkErbMvrD-fhUi7JthL1NwdSaFrvijgyyBFSadEyK-gb4TzS5RA=s240-c-k-c0x00ffffff-no-rj,UCw-kXdzxMdMdLNI0ZlFFbmA,https://www.youtube.com/channel/UCw-kXdzxMdMdLNI0ZlFFbmA
CR_YT_0535,인생 녹음 중,@yt_uc1ou9ei,YouTube,엔터테인먼트,브이로그,Korea,1370000,2900763,29007630,4.93,3.3,18-34,Mixed,11970.0,12,하락,2026-01-05,없음,7,5.0,메가,브랜디드콘텐츠,2026-06-13,1148128,https://yt3.ggpht.com/3vIpB30exKIiXWlgrUuTNg9A-E8jWAvnBpLkpbp_DoLQ8N5gLI0aXAgNHKzzOWeouuo7XnTd7wo=s240-c-k-c0x00ffffff-no-rj,UC1OU9eIk4JGnh9DN1yxwW9A,https://www.youtube.com/channel/UC1OU9eIk4JGnh9DN1yxwW9A
CR_YT_0536,딩고 스토리 / dingo story,@yt_ucv0xxwh,YouTube,엔터테인먼트,버라이어티,Korea,1360000,751252,11268780,0.56,4.8,18-34,Mixed,12207.0,16,유지,2026-02-06,없음,23,5.0,메가,브랜디드콘텐츠,2026-06-13,284163,https://yt3.ggpht.com/PY9C9bi1YW2qdtQpK34mHQPPaPC8sFkZzZ4GsYxFRnNMkFqzw8Pen2JIS8T6QFD6Uk-N6_QxSg=s240-c-k-c0x00ffffff-no-rj,UCv0XxWH9xVxZ8pNyRkEQg8Q,https://www.youtube.com/channel/UCv0XxWH9xVxZ8pNyRkEQg8Q
CR_YT_0537,고재영,@yt_uclwg5n2,YouTube,엔터테인먼트,예능,Korea,1360000,4150943,74716974,4.1,2.7,18-34,Mixed,10899.0,2,하락,2026-03-31,없음,7,4.5,메가,PPL,2026-06-13,2215768,https://yt3.ggpht.com/KUsRayyFFxnk-gtNKJbBRV7QVLPxikqPCYbOWYUFnTyijeJ5G0z1MQ9v3tWsNb-ybgyogsgu=s240-c-k-c0x00ffffff-no-rj,UClWg5n2YST6_697s-zQSMnA,https://www.youtube.com/channel/UClWg5n2YST6_697s-zQSMnA
CR_YT_0538,CJ ENM,@yt_uca1tsdo,YouTube,엔터테인먼트,버라이어티,Korea,1360000,123333,1726662,2.39,2.4,18-34,Mixed,13010.0,12,하락,2026-06-10,없음,11,5.0,메가,PPL,2026-06-13,40472,https://yt3.ggpht.com/ytc/AIdro_mx4pMvoWJNv9WfNxFE3XZosUTJ7mUn7lua-MyBJdYrN1w=s240-c-k-c0x00ffffff-no-rj,UCA1TSDo1NXAGySZvqmX2A2Q,https://www.youtube.com/channel/UCA1TSDo1NXAGySZvqmX2A2Q
CR_YT_0539,달라스튜디오,@yt_uc0sopwe,YouTube,엔터테인먼트,예능,Korea,1360000,726783,13082094,0.92,2.3,18-34,Mixed,2817.0,2,상승,2026-03-14,없음,35,4.2,메가,PPL,2026-06-13,368773,https://yt3.ggpht.com/ytc/AIdro_laGOKufXlFeYi2VHE8LhOy0msGOHn0ryMc5OPrGFpTIA=s240-c-k-c0x00ffffff-no-rj,UC0SoPwEH3idvemSDvKaYgGA,https://www.youtube.com/channel/UC0SoPwEH3idvemSDvKaYgGA
CR_YT_0540,XTR 07 Official,@yt_ucvgmhfa,YouTube,게임,게임리뷰,Korea,1360000,3000000,33000000,3.17,4.4,18-34,Male,11236.0,20,하락,2026-01-08,확인필요,34,3.2,메가,제품리뷰,2026-06-13,1104697,https://yt3.ggpht.com/3KvsDPNwINQ0QUT4WV2-7phYohcVdBiQtbDVKmpvCPcAZvGQ3H0oOYHLmFIRXfNMGqHmUu-rtkk=s240-c-k-c0x00ffffff-no-rj,UCVGmHFaD9nZxhHbVoeMf9DA,https://www.youtube.com/channel/UCVGmHFaD9nZxhHbVoeMf9DA
CR_YT_0541,안구정화티비 Your Korean Friend Angoo,@yt_ucapqb6z,YouTube,엔터테인먼트,버라이어티,Korea,1350000,492957,7394355,1.07,2.7,18-34,Mixed,11333.0,8,유지,2026-03-25,없음,25,5.0,메가,브랜디드콘텐츠,2026-06-13,261373,https://yt3.ggpht.com/yZYgP2wN8HsYoxUUdhbcADfkjboqG6Wp8MqUoPaTgzGCpD0pi_amLUoXLVlEfBEmzasqFKDz=s240-c-k-c0x00ffffff-no-rj,UCaPQb6zHlBXzdMW_QzKh1Kw,https://www.youtube.com/channel/UCaPQb6zHlBXzdMW_QzKh1Kw
CR_YT_0542,탁주 쪼꼬,@yt_uc7nvgqi,YouTube,게임,게임플레이,Korea,1340000,974894,10723834,6.4,4.6,18-34,Male,8984.0,8,상승,2026-02-25,확인필요,19,3.5,메가,제품리뷰,2026-06-13,274760,https://yt3.ggpht.com/0ZcUO2Z7caXHZJigt8DdtrXigFp4QRb6clM7s7IRs45Se8jfoB82TCLmiAfakFluZGsXxmfm=s240-c-k-c0x00ffffff-no-rj,UC7nVGqibbYgrzh733LDffNQ,https://www.youtube.com/channel/UC7nVGqibbYgrzh733LDffNQ
CR_YT_0543,코너Korner,@yt_ucyacixx,YouTube,엔터테인먼트,리액션,Korea,1330000,951293,16171981,3.6,2.4,18-34,Mixed,14646.0,16,상승,2026-01-09,없음,17,5.0,메가,브랜디드콘텐츠,2026-06-13,549035,https://yt3.ggpht.com/FCHQjoRse4Orl_1VN1iK0A7MDUP4BxLg_5dHLsopzk8CX96vctFGiJkctDkBq6Gk7k0BeRK8=s240-c-k-c0x00ffffff-no-rj,UCYACixxri8vQLQ6BSriQehw,https://www.youtube.com/channel/UCYACixxri8vQLQ6BSriQehw
CR_YT_0544,크집사,@yt_uckua_gd,YouTube,라이프스타일,일상,Korea,1330000,335320,6371080,2.74,2.3,18-34,Mixed,11525.0,8,상승,2026-06-13,없음,34,4.7,메가,PPL,2026-06-13,233195,https://yt3.ggpht.com/tTBiYUFKUI0e-_nUEFRGb7cxm6wg8TzHxWUe4pL1pidpBO81betFeRYmlnSfMynSOBluBbJWFg=s240-c-k-c0x00ffffff-no-rj,UCkuA_gDjISfGgbdp02BUwyQ,https://www.youtube.com/channel/UCkuA_gDjISfGgbdp02BUwyQ
CR_YT_0545,빵먹다살찐떡,@yt_ucx-cklk,YouTube,라이프스타일,리뷰,Korea,1330000,1508462,25643854,5.12,3.7,18-34,Mixed,8066.0,2,상승,2026-04-29,없음,10,4.5,메가,브랜디드콘텐츠,2026-06-13,1140215,https://yt3.ggpht.com/5z5L0Vxm9XsigtEWx40opCfLlVX6Gvb9grQbjTdkdPxd_ncb8yOpMSn4fQzmqTpbhnqZ3vrEww=s240-c-k-c0x00ffffff-no-rj,UCx-cKLK2mSsstFZGFjbCraA,https://www.youtube.com/channel/UCx-cKLK2mSsstFZGFjbCraA
CR_YT_0546,올끌 (All of MBClassic),@yt_uchy4pxx,YouTube,엔터테인먼트,버라이어티,Korea,1330000,715081,8580972,3.92,4.6,18-34,Mixed,3725.0,2,하락,2026-04-17,없음,25,4.5,메가,브랜디드콘텐츠,2026-06-13,203126,https://yt3.ggpht.com/xsq77edo4Dc4qY4A7KaWN44qy91OHs48tXTyDyBS0yhyLpUoxpRCZpxqwmbzW_jIFQ_G2-T77g=s240-c-k-c0x00ffffff-no-rj,UChY4PXxJI0aJYsGT1X6INWA,https://www.youtube.com/channel/UChY4PXxJI0aJYsGT1X6INWA
CR_YT_0547,QWER,@yt_ucgd0apk,YouTube,엔터테인먼트,브이로그,Korea,1330000,1251303,10010424,4.27,4.3,18-34,Mixed,7449.0,1,상승,2026-03-03,없음,32,3.7,메가,PPL,2026-06-13,242933,https://yt3.ggpht.com/2VAxwlZgZfTLCfolCZ8nScBqIVC-cL2zYmMtYcOKp5HGL_qKvOc_ckdh7VBhOZWbXSQ5zYar=s240-c-k-c0x00ffffff-no-rj,UCgD0APk2x9uBlLM0UsmhQjw,https://www.youtube.com/channel/UCgD0APk2x9uBlLM0UsmhQjw
CR_YT_0548,Prepix Dance Studio,@yt_ucicv-pq,YouTube,엔터테인먼트,예능,Korea,1330000,34687,312183,0.6,4.2,18-34,Mixed,3966.0,2,상승,2026-03-20,없음,13,4.5,메가,PPL,2026-06-13,11352,https://yt3.ggpht.com/ytc/AIdro_m5LVxYZGINCZSouPNS_kWyCifTe2hEyKbXX1zj0V6Pemk=s240-c-k-c0x00ffffff-no-rj,UCicV-PqmZ0jEhu4n4_hMZDA,https://www.youtube.com/channel/UCicV-PqmZ0jEhu4n4_hMZDA
CR_YT_0549,김한용의 MOCAR,@yt_ucd5cdyx,YouTube,테크,테크리뷰,Korea,1320000,286717,2867170,7.36,4.2,25-44,Male,2510.0,1,유지,2026-06-10,없음,34,3.7,메가,언박싱협찬,2026-06-13,113952,https://yt3.ggpht.com/ytc/AIdro_l221fM8HxZD2g_qcnzySDOTBnYFwroSanBCWIiU_4HOPI=s240-c-k-c0x00ffffff-no-rj,UCd5CdYxogKBwvv1xyuxhvZA,https://www.youtube.com/channel/UCd5CdYxogKBwvv1xyuxhvZA
CR_YT_0550,입질의추억TV jiminTV,@yt_ucy2uwqd,YouTube,푸드,쿠킹,Korea,1320000,700460,10506900,0.51,3.9,18-34,Mixed,4801.0,8,유지,2026-01-21,없음,26,4.7,메가,먹방협찬,2026-06-13,417730,https://yt3.ggpht.com/mg2altY9bqf5DHCRaYfgwDH0vTgHzkZVlDHlpY0JppBIisWvqRAuCRrYsg69qeh-dQdJzyjpkg=s240-c-k-c0x00ffffff-no-rj,UCY2uWQDCzn_ZE-JpTfDRR2A,https://www.youtube.com/channel/UCY2uWQDCzn_ZE-JpTfDRR2A
CR_YT_0551,휘트니 whitney bae,@yt_uc1q0d4r,YouTube,엔터테인먼트,브이로그,Korea,1320000,1086261,18466437,6.39,2.2,18-34,Mixed,2109.0,16,유지,2026-04-04,없음,28,4.7,메가,브랜디드콘텐츠,2026-06-13,810426,https://yt3.ggpht.com/ytc/AIdro_luWgHkhfEkh8sD19SPnH4soGMlfBoNLA6odb0krttWLYI=s240-c-k-c0x00ffffff-no-rj,UC1q0D4R8xj7VBA3wSbNIT0A,https://www.youtube.com/channel/UC1q0D4R8xj7VBA3wSbNIT0A
CR_YT_0552,랄로,@yt_ucd2yo_a,YouTube,게임,게임리뷰,Korea,1320000,1633587,21236631,4.97,2.2,18-34,Male,5356.0,16,하락,2026-05-29,없음,18,5.0,메가,스폰서십,2026-06-13,582370,https://yt3.ggpht.com/Y7S_FlRrIO4uEUgtmlPSR_1lqFE4WuAML-nGkvSaM3IZg6nMdTRaeBht-PB2x35JBXrpyGC_WQ=s240-c-k-c0x00ffffff-no-rj,UCD2YO_A_PVMgMDN9jpRrpVA,https://www.youtube.com/channel/UCD2YO_A_PVMgMDN9jpRrpVA
CR_YT_0553,언더스탠딩 : 세상의 모든 지식,@yt_uciuni4s,YouTube,교육,스터디,Korea,1320000,129385,2458315,6.46,2.7,25-44,Mixed,6632.0,4,상승,2026-03-30,없음,22,5.0,메가,스폰서십,2026-06-13,69394,https://yt3.ggpht.com/Ru5m8GSNyh_hcAhZY0qs288msI9vnqJcEY_9QYGPi1ZbTrFxP1RU9dW2jjVUCy2jElRoSPWQ8w=s240-c-k-c0x00ffffff-no-rj,UCIUni4ScRp4mqPXsxy62L5w,https://www.youtube.com/channel/UCIUni4ScRp4mqPXsxy62L5w
CR_YT_0554,회사원A,@yt_ucneklil,YouTube,뷰티,스킨케어,Korea,1310000,540293,8104395,4.71,2.4,18-34,Female,8226.0,16,유지,2026-01-17,없음,39,4.2,메가,PPL,2026-06-13,281049,https://yt3.ggpht.com/ytc/AIdro_nK2TMmungPGTBnmwBFWADYPO1yfaWDCLCd-Vtkw9qfjg=s240-c-k-c0x00ffffff-no-rj,UCnekLiljel-Px4ClMC7b3mg,https://www.youtube.com/channel/UCnekLiljel-Px4ClMC7b3mg
CR_YT_0555,RYUCAMP,@yt_uc4voawb,YouTube,여행,여행리뷰,Korea,1310000,1311475,14426225,4.16,2.2,25-44,Mixed,1616.0,2,상승,2026-02-07,없음,23,4.5,메가,스폰서십,2026-06-13,636837,https://yt3.ggpht.com/GXHQaBDvcaQULKWPHCZAQyFHz0Dg01a8yKwrf-A1r2ry8iCRp1A45DDD9iTc9S6gmR-ALLkVbo4=s240-c-k-c0x00ffffff-no-rj,UC4VoaWbC9pYxGCawDknpSXQ,https://www.youtube.com/channel/UC4VoaWbC9pYxGCawDknpSXQ
CR_YT_0556,임다TV,@yt_ucwzteek,YouTube,엔터테인먼트,브이로그,Korea,1300000,259615,3894225,2.13,4.9,18-34,Mixed,10395.0,1,상승,2026-04-18,없음,23,4.0,메가,PPL,2026-06-13,104540,https://yt3.ggpht.com/5VIgbDqCc-eVG-oIJl3SByG5DxZad3qnIxOBikbWOxpZPbSoOjhUJDGuw55dBpvdbI5h7bjl1cI=s240-c-k-c0x00ffffff-no-rj,UCwZTeeKyb1hT6sg8tfOaZiA,https://www.youtube.com/channel/UCwZTeeKyb1hT6sg8tfOaZiA
CR_YT_0557,쏘베리 Ssoberry,@yt_ucszqk43,YouTube,여행,여행리뷰,Korea,1300000,738916,11083740,0.67,2.6,25-44,Mixed,8034.0,1,유지,2026-03-25,없음,19,4.0,메가,PPL,2026-06-13,449407,https://yt3.ggpht.com/gLT9v3Xkelv2ByQ3FznKVeYKb-IzzaqtMVodoi9-s9SUY-GtETFISZiJQajXKTl9zWyQYMCwKVE=s240-c-k-c0x00ffffff-no-rj,UCSZQK43hJ422otti5D3iNgA,https://www.youtube.com/channel/UCSZQK43hJ422otti5D3iNgA
CR_YT_0558,비타민신지니 VitaminJINY,@yt_uc9trbyg,YouTube,뷰티,메이크업,Korea,1300000,993150,14897250,6.07,4.5,18-34,Female,2413.0,8,유지,2026-02-28,없음,34,4.7,메가,PPL,2026-06-13,553854,https://yt3.ggpht.com/ytc/AIdro_nB43Ysqn4diYCTHT6VWgHxcuCyKv4_fRuzmzQRxh8tQ9g=s240-c-k-c0x00ffffff-no-rj,UC9trbyGOOjJmMea3w6c-e2A,https://www.youtube.com/channel/UC9trbyGOOjJmMea3w6c-e2A
CR_YT_0559,핫이슈지,@yt_ucdmet09,YouTube,엔터테인먼트,버라이어티,Korea,1300000,1198156,17972340,2.81,4.5,18-34,Mixed,14365.0,2,하락,2026-02-16,없음,27,4.2,메가,PPL,2026-06-13,575313,https://yt3.ggpht.com/zz8ySLxiaMiqRf6phoOMxlT-j2O3HQ2u0N6YwsihuRHOJFGKh6PMUd4Fk2w9H3p6MBes98ut=s240-c-k-c0x00ffffff-no-rj,UCdMeT09aEFDCH0NghWV41HQ,https://www.youtube.com/channel/UCdMeT09aEFDCH0NghWV41HQ
CR_YT_0560,코이티비 KOITV,@yt_uclvahvo,YouTube,여행,여행브이로그,Korea,1290000,457276,4572760,6.04,4.0,25-44,Mixed,1097.0,2,유지,2026-03-08,없음,15,4.5,메가,PPL,2026-06-13,196252,https://yt3.ggpht.com/85Zma_NN69s9efuFtfw3msdGr6LH7Om9GqJypiFW4xWfn_IUxKBNdABVxOGynT8DkYlCYcsUVSA=s240-c-k-c0x00ffffff-no-rj,UCLvaHVogti2o0AkXoNZzeKA,https://www.youtube.com/channel/UCLvaHVogti2o0AkXoNZzeKA
CR_YT_0561,춤추는나율(헤어날수없어 율♡),@yt_ucsqecwk,YouTube,라이프스타일,리뷰,Korea,1290000,89000,1157000,5.0,2.1,18-34,Mixed,7002.0,4,상승,2026-02-01,없음,27,4.7,메가,브랜디드콘텐츠,2026-06-13,31977,https://yt3.ggpht.com/t5SeUYI_vLkxj8Sfpcz9bAs-GCiSJixjbBUQOR38qfPs_EgIMDzyq91-LymKUjLyKPREh7jc2g=s240-c-k-c0x00ffffff-no-rj,UCsqECwKXACDHqtkm4sdm2hw,https://www.youtube.com/channel/UCsqECwKXACDHqtkm4sdm2hw
CR_YT_0562,수빙수tv sooBingsoo,@yt_uciufr-2,YouTube,푸드,쿠킹,Korea,1280000,1112984,8903872,4.5,2.4,18-34,Mixed,14567.0,8,하락,2026-03-17,없음,25,5.0,메가,제품리뷰,2026-06-13,291807,https://yt3.ggpht.com/9QBJpO-5mVf1lXHI5jJDDS28UECGPt43gUaRnWKMHDYOIgBojP33Yuk7WjHLOi3Y7h2iclCk=s240-c-k-c0x00ffffff-no-rj,UCIUfR-2qcpWqgAIfZJXOLWA,https://www.youtube.com/channel/UCIUfR-2qcpWqgAIfZJXOLWA
CR_YT_0563,Official fromis_9,@yt_uc8qo5ra,YouTube,엔터테인먼트,리액션,Korea,1280000,430201,6453015,8.26,4.3,18-34,Mixed,11064.0,12,유지,2026-05-03,없음,14,5.0,메가,브랜디드콘텐츠,2026-06-13,285477,https://yt3.ggpht.com/sXoQP7vkQ_ATX88iiH56ntKPNM_ntHHwmgltcP7aNfDNbHBU9rwGVuRfjhXI1Eas_D-Uz25yrA=s240-c-k-c0x00ffffff-no-rj,UC8qO5racajmy4YgPgNJkVXg,https://www.youtube.com/channel/UC8qO5racajmy4YgPgNJkVXg
CR_YT_0564,퀸톨 TV,@yt_uciwoung,YouTube,라이프스타일,리뷰,Korea,1270000,231155,1849240,4.91,2.9,18-34,Mixed,1841.0,8,상승,2026-05-30,없음,19,5.0,메가,PPL,2026-06-13,49164,https://yt3.ggpht.com/XfJLN-_-GGa9QnLiq_VLpq4J9nriX5bh5f7HyfaEQ6ltTignvzJpVvkozy5udDxbMtK7Y3Ntvg=s240-c-k-c0x00ffffff-no-rj,UCiwOunGuqfKjcLIBsteAAJQ,https://www.youtube.com/channel/UCiwOunGuqfKjcLIBsteAAJQ
CR_YT_0565,Imagine Your Korea,@yt_uchhotjq,YouTube,여행,여행리뷰,Korea,1270000,5444566,87113056,7.99,2.8,25-44,Mixed,6959.0,1,상승,2026-05-06,없음,10,4.0,메가,스폰서십,2026-06-13,2484176,https://yt3.ggpht.com/9tLCIaylqGkattkh6jjZjFCqzuMrBjH1CxXfeLxh1nIyeSZ7LH54ERuzeq8g6L3LtJUkpbKM2A=s240-c-k-c0x00ffffff-no-rj,UChhOtjq-3QyyLmP2jv9amrg,https://www.youtube.com/channel/UChhOtjq-3QyyLmP2jv9amrg
CR_YT_0566,DGG,@yt_ucgln4bt,YouTube,엔터테인먼트,리액션,Korea,1270000,660377,8584901,4.59,2.2,18-34,Mixed,10881.0,16,유지,2026-04-06,없음,28,4.7,메가,PPL,2026-06-13,321138,https://yt3.ggpht.com/ZJQnkik0njVTNrl4STgJBZSBJDyxLJFczA8d-RdbWE4fEGklHQfaB6oRjIUuFCO-hGrjKh7Kcbw=s240-c-k-c0x00ffffff-no-rj,UCgln4bTPN2cXnAjXVgM-Cfw,https://www.youtube.com/channel/UCgln4bTPN2cXnAjXVgM-Cfw
CR_YT_0567,스튜디오 잼스터,@yt_uctdcebu,YouTube,엔터테인먼트,브이로그,Korea,1260000,1123853,8990824,3.31,4.9,18-34,Mixed,11054.0,20,유지,2026-03-15,없음,40,4.2,메가,PPL,2026-06-13,269501,https://yt3.ggpht.com/9iUrNbRnGsYxprEd7f4n2GGcw9AXPZ6z7pIfSrN5gPFKYkuZZxqUlWsb4w6WYWTBe9JwAoMZ=s240-c-k-c0x00ffffff-no-rj,UCtDcEbupijR_gufF7PIEDGQ,https://www.youtube.com/channel/UCtDcEbupijR_gufF7PIEDGQ
CR_YT_0568,Korean Unnie 한국언니,@yt_ucca88_z,YouTube,라이프스타일,브이로그,Korea,1260000,89048,890480,8.26,3.3,18-34,Mixed,9170.0,8,상승,2026-05-02,없음,13,5.0,메가,브랜디드콘텐츠,2026-06-13,37518,https://yt3.ggpht.com/bIpblX9W3OO54AFxjTGHa5-KV7gqO3HoHYS_I6nUHAyY6l5ygMxzaK3oZH858oJp1Z3f7FIGQA=s240-c-k-c0x00ffffff-no-rj,UCcA88_Z7wQWMoQ9bKwjuanA,https://www.youtube.com/channel/UCcA88_Z7wQWMoQ9bKwjuanA
CR_YT_0569,rappeler하쁠리,@yt_uca_zcxm,YouTube,라이프스타일,일상,Korea,1260000,537289,8596624,1.03,4.9,18-34,Mixed,6437.0,20,유지,2026-05-23,없음,29,4.7,메가,PPL,2026-06-13,398495,https://yt3.ggpht.com/ytc/AIdro_nhpr8xvJzLZxCqcrAJnvtC9mRoF4zNwK8cmunHed_6dCQ=s240-c-k-c0x00ffffff-no-rj,UCa_ZCXMQ57PDcpE_3tPOW1g,https://www.youtube.com/channel/UCa_ZCXMQ57PDcpE_3tPOW1g
CR_YT_0570,카더정원,@yt_uca6z6cf,YouTube,라이프스타일,리뷰,Korea,1260000,1105691,16585365,6.54,2.4,18-34,Mixed,7613.0,2,유지,2026-05-07,없음,29,4.2,메가,브랜디드콘텐츠,2026-06-13,661851,https://yt3.ggpht.com/7wgZsN7aqP--_a2sVU9OZYmXZVpAhcsCr8OO8KAeI5Tcv9xUYLGy5H0ObpUgW0hS21cF_sGEjA=s240-c-k-c0x00ffffff-no-rj,UCA6Z6cF3orXMmdeCPUH1-NA,https://www.youtube.com/channel/UCA6Z6cF3orXMmdeCPUH1-NA
CR_YT_0571,Nebom 사계절의 네봄,@yt_uc6nrrep,YouTube,라이프스타일,브이로그,Korea,1260000,710659,11370544,2.3,4.4,18-34,Mixed,9788.0,2,유지,2026-04-17,없음,21,4.5,메가,브랜디드콘텐츠,2026-06-13,461605,https://yt3.ggpht.com/ytc/AIdro_mwcWb8n3npKfPT7BnHhCCl6ueb_SPXV3VaRhy6TZbRFYs=s240-c-k-c0x00ffffff-no-rj,UC6NrrEp1e3-A51SSinM3Y-Q,https://www.youtube.com/channel/UC6NrrEp1e3-A51SSinM3Y-Q
CR_YT_0572,DD,@yt_ucio1cex,YouTube,라이프스타일,리뷰,Korea,1260000,20697674,206976740,6.0,2.7,18-34,Mixed,14574.0,1,하락,2026-05-29,없음,22,4.0,메가,브랜디드콘텐츠,2026-06-13,7205002,https://yt3.ggpht.com/NyCmYEfhvigMoxxfbppcBGQUvJtgJjYhZ72Leb3_GqkRd9EbmpR0PE7B3pQ2gkGPNwiL_L40vQ=s240-c-k-c0x00ffffff-no-rj,UCiO1cexODt2FSKOi5g0H3sg,https://www.youtube.com/channel/UCiO1cexODt2FSKOi5g0H3sg
CR_YT_0573,KBS Joy,@yt_ucr0aden,YouTube,엔터테인먼트,리액션,Korea,1250000,278000,4170000,7.45,3.9,18-34,Mixed,11128.0,8,상승,2026-05-29,없음,12,5.0,메가,브랜디드콘텐츠,2026-06-13,152330,https://yt3.ggpht.com/75JpbvOdgxag6_yJRd8BU5383jgGEUCK8u1pU3FnUTYUiBw-iNZDsaq5fnImPnj2AnKwqTA4=s240-c-k-c0x00ffffff-no-rj,UCr0adenI5KeQFJkMIGjq5qw,https://www.youtube.com/channel/UCr0adenI5KeQFJkMIGjq5qw
CR_YT_0574,악어 유튜브,@yt_ucqjuzxe,YouTube,게임,게임리뷰,Korea,1250000,188999,1511992,4.19,4.1,18-34,Male,5737.0,4,유지,2026-03-16,확인필요,15,3.5,메가,스폰서십,2026-06-13,40435,https://yt3.ggpht.com/AoR72BL7w0tkwf8djSfTtmYCVItMZPVjRvfK7w8KxX5GCqe7n7crWQJt3NZnqs8h91NuybTvmQ=s240-c-k-c0x00ffffff-no-rj,UCQJuZxeDv2P05YHcC-tIEVQ,https://www.youtube.com/channel/UCQJuZxeDv2P05YHcC-tIEVQ
CR_YT_0575,토킹톰앤프렌즈,@yt_ucr-_rug,YouTube,게임,e스포츠,Korea,1250000,672514,10760224,1.11,2.6,18-34,Male,9182.0,16,상승,2026-03-22,없음,16,5.0,메가,스폰서십,2026-06-13,411493,https://yt3.ggpht.com/M4EhY9rWOmj7u0icEqc9UeSZMn7wdm1AQ_2H7Ps1JpUpMneIWl9aMLYsB1xD5ol0kKihGgsZKw=s240-c-k-c0x00ffffff-no-rj,UCR-_RUGyNsfnlhDof1S2KbQ,https://www.youtube.com/channel/UCR-_RUGyNsfnlhDof1S2KbQ
CR_YT_0576,[ASMR]nara_나라,@yt_ucjxuq9a,YouTube,라이프스타일,브이로그,Korea,1250000,514950,9269100,2.67,4.1,18-34,Mixed,5599.0,4,상승,2026-05-13,없음,11,5.0,메가,PPL,2026-06-13,389275,https://yt3.ggpht.com/ytc/AIdro_kRxl65cU-8SsF4vnkxZOwXOLcpUnk2cQ6Mvo7Lovel6S4=s240-c-k-c0x00ffffff-no-rj,UCJXuQ9aRkS_HaFEBhiHFpWw,https://www.youtube.com/channel/UCJXuQ9aRkS_HaFEBhiHFpWw
CR_YT_0577,ADE : 채널A Drama & Enjoy,@yt_ucb-ogyc,YouTube,엔터테인먼트,예능,Korea,1250000,36875,442500,4.38,3.0,18-34,Mixed,7799.0,2,상승,2026-04-28,없음,11,4.5,메가,PPL,2026-06-13,14176,https://yt3.ggpht.com/RKFiTHhCIToBang-MlAKN3Y7toDZ5Gwgv4dyxgBbYZ5VAlSU0u-t8EO92085QIQivjpHKxClnQ=s240-c-k-c0x00ffffff-no-rj,UCB-ogYCX9Me8nP9gEGpMjUg,https://www.youtube.com/channel/UCB-ogYCX9Me8nP9gEGpMjUg
CR_YT_0578,개그콘서트,@yt_uczt7nht,YouTube,엔터테인먼트,리액션,Korea,1250000,609880,5488920,1.55,2.1,18-34,Mixed,2516.0,4,유지,2026-03-19,없음,24,5.0,메가,브랜디드콘텐츠,2026-06-13,143003,https://yt3.ggpht.com/zjAoGCjWlWBiw5BZx0sL8OgzM8-FWwpQJfaAPdjrCfG7gs2SE66D4FN6UJLG6ZNH8Fp3XVZ7BQ=s240-c-k-c0x00ffffff-no-rj,UCzT7nHtzVqwiarTH8sqHaJA,https://www.youtube.com/channel/UCzT7nHtzVqwiarTH8sqHaJA
CR_YT_0579,Solfa,@yt_uc6xz4fm,YouTube,엔터테인먼트,버라이어티,Korea,1250000,4693877,37551016,1.45,2.4,18-34,Mixed,4958.0,16,상승,2026-04-19,없음,14,5.0,메가,브랜디드콘텐츠,2026-06-13,1528479,https://yt3.ggpht.com/ytc/AIdro_lzfY83mRzsS3xoBQ3hWZNK-0Pz9cA4Pd7FZ2D84_gUuPo=s240-c-k-c0x00ffffff-no-rj,UC6XZ4fmiUPQk6ws6fGs2rQg,https://www.youtube.com/channel/UC6XZ4fmiUPQk6ws6fGs2rQg
CR_YT_0580,스튜디오 수제,@yt_uc4za57i,YouTube,푸드,쿠킹,Korea,1250000,788617,14983723,1.39,2.1,18-34,Mixed,2063.0,8,하락,2026-05-01,확인필요,32,3.2,메가,먹방협찬,2026-06-13,616388,https://yt3.ggpht.com/o_P5sptcY79ge8bQo9AXFYSZ_Zsgf1Ub93WAN1p5XL14kjg1v6eGDcULyDHRFPu5gKZ1leTz=s240-c-k-c0x00ffffff-no-rj,UC4ZA57iJrf73bJlApKFeLRw,https://www.youtube.com/channel/UC4ZA57iJrf73bJlApKFeLRw
CR_YT_0581,트래블 푸드Travel Food,@yt_uctabl35,YouTube,푸드,쿠킹,Korea,1250000,414091,3726819,0.85,2.9,18-34,Mixed,13841.0,1,상승,2026-02-17,없음,11,4.0,메가,먹방협찬,2026-06-13,165964,https://yt3.ggpht.com/ytc/AIdro_nmSEavAay1rBeEqrbIHU7PzIRels8fK65iYGl35swXlA=s240-c-k-c0x00ffffff-no-rj,UCtaBL35pjhdJyCbA7tECN8g,https://www.youtube.com/channel/UCtaBL35pjhdJyCbA7tECN8g
CR_YT_0582,오킹TV,@yt_ucom6yhu,YouTube,엔터테인먼트,버라이어티,Korea,1240000,589022,10602396,1.23,4.5,18-34,Mixed,12900.0,4,하락,2026-01-26,없음,27,4.7,메가,브랜디드콘텐츠,2026-06-13,334354,https://yt3.ggpht.com/dBzk9s2Ss7gS1UWq6k2JbCoQC-5nkwhn5ORStIozFKoPeM3zqU-dcczdAOW2hac2x8EfKGhDFQ=s240-c-k-c0x00ffffff-no-rj,UCom6YhUY62jM52nIMjf5_dw,https://www.youtube.com/channel/UCom6YhUY62jM52nIMjf5_dw
CR_YT_0583,달빛뮤즈,@yt_ucmguxwv,YouTube,엔터테인먼트,버라이어티,Korea,1230000,516605,8782285,4.73,4.1,18-34,Mixed,8288.0,4,상승,2026-04-04,없음,15,5.0,메가,PPL,2026-06-13,361323,https://yt3.ggpht.com/ONvL6H9faZPr9G2k7D4fEYoFOF0boWeHLCWf3_TqAZ1AIbkUelQaIq9vT25Skxl5fKM6OKEnkQ=s240-c-k-c0x00ffffff-no-rj,UCMguxwveCsLVpyKrLz-EFTg,https://www.youtube.com/channel/UCMguxwveCsLVpyKrLz-EFTg
CR_YT_0584,사내뷰공업 beautyfool,@yt_uces6r89,YouTube,엔터테인먼트,버라이어티,Korea,1230000,2486002,47234038,4.02,4.9,18-34,Mixed,6649.0,2,하락,2026-01-29,없음,27,4.2,메가,PPL,2026-06-13,1751700,https://yt3.ggpht.com/EIEnHBNhe6LHMQi9LSAS04X-D-k8wpw1FlLZenmEQNstLyHKAK3mVjON3dQJpjVJ9-fMOmN6=s240-c-k-c0x00ffffff-no-rj,UCeS6R89S32mSOxTNoEqrN7g,https://www.youtube.com/channel/UCeS6R89S32mSOxTNoEqrN7g
CR_YT_0585,퍼플 토이박스(Purple Toy Box),@yt_ucbgeb2z,YouTube,엔터테인먼트,예능,Korea,1230000,533423,10668460,1.49,2.3,18-34,Mixed,10719.0,2,하락,2026-03-25,없음,36,3.7,메가,브랜디드콘텐츠,2026-06-13,494031,https://yt3.ggpht.com/ytc/AIdro_lm-gVc9Zn0JsgtlMVt3A1lnbRtcOLxc4VIyzFyWxhwttc=s240-c-k-c0x00ffffff-no-rj,UCbgeB2Zl2NoSs7r1LQMdNOw,https://www.youtube.com/channel/UCbgeB2Zl2NoSs7r1LQMdNOw
CR_YT_0586,버섯도리,@yt_ucyhujga,YouTube,푸드,레시피,Korea,1230000,1238591,18578865,2.77,3.8,18-34,Mixed,6406.0,4,유지,2026-05-02,없음,33,4.7,메가,먹방협찬,2026-06-13,483673,https://yt3.ggpht.com/d0OmrH4isIa9XGAmUT1j2gVh8_PGgGxnLCHBVx6b-abf1W_3Sfr-9foc4ILnwGS6wVCqgOhc5Q=s240-c-k-c0x00ffffff-no-rj,UCYhUJGAH6HhOUJokzRupkpQ,https://www.youtube.com/channel/UCYhUJGAH6HhOUJokzRupkpQ
CR_YT_0587,Toystar TV,@yt_uc3axzj_,YouTube,교육,스터디,Korea,1230000,5221238,93982284,0.6,4.0,25-44,Mixed,8079.0,16,상승,2026-04-12,없음,11,5.0,메가,제품리뷰,2026-06-13,2998689,https://yt3.ggpht.com/ytc/AIdro_lUUqOvTzRAm2g81pdNmrsx3wElTRQEl_V7iNP_DxqErKQ=s240-c-k-c0x00ffffff-no-rj,UC3AXZj_YK5Q0ZhAOBc2jkwQ,https://www.youtube.com/channel/UC3AXZj_YK5Q0ZhAOBc2jkwQ
CR_YT_0588,어바웃타임 (About time),@yt_ucxn_ehv,YouTube,엔터테인먼트,브이로그,Korea,1230000,628140,8793960,8.32,4.2,18-34,Mixed,3387.0,2,상승,2026-03-01,없음,9,4.5,메가,브랜디드콘텐츠,2026-06-13,347808,https://yt3.ggpht.com/0tUyFEaT597o-nsFKIA14rdhR-cZthjB1-_B1WKDB2komfx4_vUeKgnL7pf-6M9f-MVyuMnntw=s240-c-k-c0x00ffffff-no-rj,UCxn_EHVOJnrEJBZY2p3E6Sg,https://www.youtube.com/channel/UCxn_EHVOJnrEJBZY2p3E6Sg
CR_YT_0589,Минифорс - ОФИЦИАЛЬНЫЙ КАНАЛ,@yt_ucvode1r,YouTube,교육,강의,Korea,1230000,2000000,28000000,2.73,4.1,25-44,Mixed,12114.0,12,유지,2026-06-04,없음,22,5.0,메가,스폰서십,2026-06-13,1127130,https://yt3.ggpht.com/j1-0dfo0dBM2geU7Dh4XZ6Q2WdRNDEQAwCgCffA8NOXgo9DqYmnRNV08qpWXMNv_hyfUo2N889Y=s240-c-k-c0x00ffffff-no-rj,UCVoDe1rITuslCI4kiFh3kpA,https://www.youtube.com/channel/UCVoDe1rITuslCI4kiFh3kpA
CR_YT_0590,Car Game Maker,@yt_uc5clomd,YouTube,게임,e스포츠,Korea,1230000,58940,825160,4.59,2.4,18-34,Male,7595.0,8,상승,2026-01-08,없음,11,5.0,메가,제품리뷰,2026-06-13,38267,https://yt3.ggpht.com/SqjjPvSJLIn6PNwngpn6fvFm97WuDHbmJX5hJ2355m38f0YFqY5rfsc1XsA9BYWLfq1rfpf2Deg=s240-c-k-c0x00ffffff-no-rj,UC5ClOMd8thUElkP-uA1SgZg,https://www.youtube.com/channel/UC5ClOMd8thUElkP-uA1SgZg
CR_YT_0591,띠미 ddimmi,@yt_uc46bbek,YouTube,라이프스타일,일상,Korea,1230000,774932,6974388,7.14,3.5,18-34,Mixed,10348.0,1,상승,2026-01-20,없음,16,4.0,메가,PPL,2026-06-13,282801,https://yt3.ggpht.com/D5nXAfjPs1aiIHm-236fifOZfE_e_hU27ourVHUMEpIjQyti1RVJXQAOx-RNiWcgAAD6xw4T3rE=s240-c-k-c0x00ffffff-no-rj,UC46BbEkxhjIHUj6EJ_waw-g,https://www.youtube.com/channel/UC46BbEkxhjIHUj6EJ_waw-g
CR_YT_0592,ondo온도,@yt_ucsn90da,YouTube,라이프스타일,리뷰,Korea,1220000,384615,6923070,6.64,4.4,18-34,Mixed,7609.0,2,유지,2026-05-19,없음,23,4.5,메가,브랜디드콘텐츠,2026-06-13,282952,https://yt3.ggpht.com/1yEA-vplZLAPbS7e45thayWslpeo75VdP_j5eXujDHWtkjM4ECjL9twXhIzvUO8WucXwjFStRw=s240-c-k-c0x00ffffff-no-rj,UCSn90DAxCF3yRs6mFK0-8TA,https://www.youtube.com/channel/UCSn90DAxCF3yRs6mFK0-8TA
CR_YT_0593,희철리즘Heechulism,@yt_ucwjmqyl,YouTube,엔터테인먼트,브이로그,Korea,1220000,714285,11428560,6.61,5.0,18-34,Mixed,12867.0,1,유지,2026-01-09,없음,29,3.7,메가,브랜디드콘텐츠,2026-06-13,271378,https://yt3.ggpht.com/ytc/AIdro_lBe4uMfH7z7j6xEcGiJ2McjzZW6qHcEEWv_xPo_gq7R80=s240-c-k-c0x00ffffff-no-rj,UCwjMQYL9vgbqGzxYW6dVhTw,https://www.youtube.com/channel/UCwjMQYL9vgbqGzxYW6dVhTw
CR_YT_0594,The CHOOM (더 춤),@yt_ucsjd7wx,YouTube,엔터테인먼트,브이로그,Korea,1220000,461722,4617220,7.38,2.9,18-34,Mixed,2450.0,16,유지,2026-05-26,없음,15,5.0,메가,브랜디드콘텐츠,2026-06-13,167707,https://yt3.ggpht.com/KBdRpDjqGnPueuV2ZMc0OM2XEBSBsHW79_REyzoliLQ37JSRkp5A9E-Lv-EVaeCllvDqbZFgmOI=s240-c-k-c0x00ffffff-no-rj,UCsjD7wxKCD8C62_idZQdGJg,https://www.youtube.com/channel/UCsjD7wxKCD8C62_idZQdGJg
CR_YT_0595,철구형 (CHULTUBE),@yt_ucuy0fvp,YouTube,엔터테인먼트,브이로그,Korea,1210000,210360,3786480,4.93,3.6,18-34,Mixed,2767.0,8,상승,2026-05-07,없음,35,4.7,메가,PPL,2026-06-13,131692,https://yt3.ggpht.com/ytc/AIdro_kQD5S_A-EqQYReimN8O-_70kLGA0xW1Hq4DgwhvrGq3dE=s240-c-k-c0x00ffffff-no-rj,UCUY0FVprY69TQu5pbho2PNw,https://www.youtube.com/channel/UCUY0FVprY69TQu5pbho2PNw
CR_YT_0596,괴물쥐 유튜브,@yt_ucdbavzf,YouTube,게임,게임플레이,Korea,1210000,785945,13361065,5.44,3.1,18-34,Male,9062.0,4,상승,2026-05-30,확인필요,25,3.5,메가,스폰서십,2026-06-13,614435,https://yt3.ggpht.com/ytc/AIdro_n2j3w7B8DpULUI9Z-GIFO2HVj487vk_hKU9Epsab-Q6qo=s240-c-k-c0x00ffffff-no-rj,UCDBAVzfX3yZ1hah0FHnOoaA,https://www.youtube.com/channel/UCDBAVzfX3yZ1hah0FHnOoaA
CR_YT_0597,셰프 안성재 Chef Sung Anh,@yt_uczffs3h,YouTube,엔터테인먼트,버라이어티,Korea,1210000,2156250,17250000,5.5,3.1,18-34,Mixed,6473.0,8,상승,2026-03-02,없음,27,4.7,메가,브랜디드콘텐츠,2026-06-13,710490,https://yt3.ggpht.com/XH1V_CzkfkjU73Zsb-GalwQrVTVwQIjK-b6LbS9LkCQliytUIHbXvM5LGjLWjORZ4do4Fz0MXuQ=s240-c-k-c0x00ffffff-no-rj,UCZffS3HZmQz18zuCWStcfSA,https://www.youtube.com/channel/UCZffS3HZmQz18zuCWStcfSA
CR_YT_0598,더들리,@yt_ucmjepv4,YouTube,엔터테인먼트,리액션,Korea,1210000,1241283,22343094,1.18,4.1,18-34,Mixed,2962.0,20,하락,2026-04-28,없음,24,5.0,메가,브랜디드콘텐츠,2026-06-13,684048,https://yt3.ggpht.com/ytc/AIdro_lhQGaiFszDZOJ_hieXGrGYLpArxi8D-c1QIK1c0Rq7ZKcl=s240-c-k-c0x00ffffff-no-rj,UCmJEpV4hLzGWLU5rrdOHMhQ,https://www.youtube.com/channel/UCmJEpV4hLzGWLU5rrdOHMhQ
CR_YT_0599,B Man 삐맨,@yt_ucxlv4ao,YouTube,엔터테인먼트,브이로그,Korea,1200000,900264,16204752,5.04,4.7,18-34,Mixed,9026.0,4,유지,2026-03-24,없음,6,5.0,메가,PPL,2026-06-13,704559,https://yt3.ggpht.com/ytc/AIdro_mtkN4YfxiRYrroG8Sdq9XwJNgs5Dn0TdeNlAdrzIF5tsU=s240-c-k-c0x00ffffff-no-rj,UCxlv4aOnrRTXMRSL8bVJqEw,https://www.youtube.com/channel/UCxlv4aOnrRTXMRSL8bVJqEw
CR_YT_0600,영알남YAN,@yt_uchpihu4,YouTube,교육,스터디,Korea,1200000,362358,6160086,4.41,4.1,25-44,Mixed,12266.0,2,유지,2026-04-04,없음,26,4.2,메가,스폰서십,2026-06-13,157781,https://yt3.ggpht.com/ytc/AIdro_kx1aIc6M5ebBut6EgAZCSxqaS5dFKqVK6bO034ziceiw=s240-c-k-c0x00ffffff-no-rj,UCHpIHu4LzmNuD8bsE6mZLSA,https://www.youtube.com/channel/UCHpIHu4LzmNuD8bsE6mZLSA
CR_YT_0601,우파푸른하늘Woopa TV,@yt_ucfuptxu,YouTube,테크,IT정보,Korea,1200000,285546,3997644,5.58,4.9,25-44,Male,4345.0,1,유지,2026-02-27,없음,39,3.2,메가,언박싱협찬,2026-06-13,112098,https://yt3.ggpht.com/ytc/AIdro_lybf2lHVzq67AAjfPdi8QUWog_M-wG5NUAiabL9NIBiJ0=s240-c-k-c0x00ffffff-no-rj,UCFUpTxU3nlGed-suY-FjjxA,https://www.youtube.com/channel/UCFUpTxU3nlGed-suY-FjjxA
CR_YT_0602,매미킴,@yt_ucxvhgnd,YouTube,피트니스,다이어트,Korea,1200000,451494,7675398,1.24,4.5,25-44,Mixed,8713.0,1,하락,2026-02-23,없음,26,3.7,메가,PPL,2026-06-13,312138,https://yt3.ggpht.com/AEAMglLyNMeY0YZE8ysPNZptu1R-_v9CWDGcc6bkncyg47Pew-KoCNXYHs2gxjbuCpNCUFLuvA=s240-c-k-c0x00ffffff-no-rj,UCXVhGNDrOfVUYEvuRdM0OXA,https://www.youtube.com/channel/UCXVhGNDrOfVUYEvuRdM0OXA
CR_YT_0603,써니채널 Sunny's Channel,@yt_ucxm21vv,YouTube,뷰티,스킨케어,Korea,1200000,559701,7276113,5.71,2.9,18-34,Female,8329.0,20,상승,2026-03-06,없음,24,5.0,메가,PPL,2026-06-13,304858,https://yt3.ggpht.com/ytc/AIdro_lA8dmhG4np1s8WhVKezVx7FCoAy6mhiz52-h9ChkC5gwk=s240-c-k-c0x00ffffff-no-rj,UCxM21Vv4bWq106MxIPvrGQw,https://www.youtube.com/channel/UCxM21Vv4bWq106MxIPvrGQw
CR_YT_0604,Dorami,@yt_ucnlsbud,YouTube,게임,e스포츠,Korea,1200000,247875,4213875,5.87,3.6,18-34,Male,8864.0,1,상승,2026-03-10,없음,38,3.2,메가,스폰서십,2026-06-13,148996,https://yt3.ggpht.com/I2iBcP6EGpRqwyVfox6ZAZO6H50gJ7BZ4Ov3r2OoehzefQAF24jp_LplYP55NxIqxOtYXuyLSQ=s240-c-k-c0x00ffffff-no-rj,UCNLsbuDZY-KkM9k9OjZL1EQ,https://www.youtube.com/channel/UCNLsbuDZY-KkM9k9OjZL1EQ
CR_YT_0605,어썸코리아 Awesome Korea,@yt_uc9hni_a,YouTube,엔터테인먼트,버라이어티,Korea,1200000,550629,9911322,5.42,4.3,18-34,Mixed,5782.0,8,상승,2026-03-18,없음,8,5.0,메가,브랜디드콘텐츠,2026-06-13,354463,https://yt3.ggpht.com/vhwWZXMNModc8xfOXa8QGgO4A71iybiYU8fpl9QhTky5dqXviw0uhMpLD3EgC4pnCT0L2EVqJ_s=s240-c-k-c0x00ffffff-no-rj,UC9HNi_aAXBgpI2zhibOAfAA,https://www.youtube.com/channel/UC9HNi_aAXBgpI2zhibOAfAA
CR_YT_0606,뷰티포인트 [ASMR],@yt_uc5tfme4,YouTube,라이프스타일,리뷰,Korea,1200000,164203,2298842,7.38,4.7,18-34,Mixed,4371.0,16,유지,2026-03-07,없음,18,5.0,메가,PPL,2026-06-13,75645,https://yt3.ggpht.com/xSuF0DNTWMiAo5u-R8yAHlA02bSe6aHmJ66BnPHyowy_K1KFrDN03jmeEX9IYJcFUXP3Nju6vjA=s240-c-k-c0x00ffffff-no-rj,UC5tFmE4Z5X2sAtp4tNkjOfA,https://www.youtube.com/channel/UC5tFmE4Z5X2sAtp4tNkjOfA
CR_YT_0607,냥숲nyangsoop,@yt_ucrailku,YouTube,라이프스타일,일상,Korea,1200000,613611,11044998,3.75,2.3,18-34,Mixed,12495.0,2,유지,2026-04-19,없음,6,4.5,메가,브랜디드콘텐츠,2026-06-13,412664,https://yt3.ggpht.com/Cxt1Jy2IrHwNDG0vhtAnecX2eBKUvRUSuv4c1IAVsxrnk19jrzzwNiX9I6N7lowoIlbjwzQe4Hk=s240-c-k-c0x00ffffff-no-rj,UCrailkufB1aKrKc6l1osRgw,https://www.youtube.com/channel/UCrailkufB1aKrKc6l1osRgw
CR_YT_0608,DRAMA Voyage,@yt_uckuwp52,YouTube,엔터테인먼트,버라이어티,Korea,1200000,261254,4702572,2.12,2.8,18-34,Mixed,4528.0,1,하락,2026-05-05,없음,21,4.0,메가,브랜디드콘텐츠,2026-06-13,209101,https://yt3.ggpht.com/NE24tYm6-ydbMqRK6ELIraARNvdOhs6iAV5TYWuQahhia4Kpy3oJrI9bontnpNmmZIxZNrvJKHE=s240-c-k-c0x00ffffff-no-rj,UCKuwp52MjSk-zeFRpchSheg,https://www.youtube.com/channel/UCKuwp52MjSk-zeFRpchSheg
CR_YT_0609,PARK JIHOON Official,@yt_uczlpmij,YouTube,엔터테인먼트,리액션,Korea,1200000,229117,4582340,7.38,2.3,18-34,Mixed,13558.0,12,유지,2026-04-12,없음,24,5.0,메가,브랜디드콘텐츠,2026-06-13,109049,https://yt3.ggpht.com/8b3vbHi6ijjU3ZvqVpr6aooQezOFu7E9poF2hVAsSR73hJwRhfKmW52srqHoBKuOFYWdThO7XA=s240-c-k-c0x00ffffff-no-rj,UCzlpmIJE0yzuc1f4EFQYRJQ,https://www.youtube.com/channel/UCzlpmIJE0yzuc1f4EFQYRJQ
CR_YT_0610,대륙남TV [Clarktv],@yt_uc8_cycl,YouTube,엔터테인먼트,리액션,Korea,1190000,142099,2699881,2.39,3.7,18-34,Mixed,12520.0,12,하락,2026-01-24,없음,12,5.0,메가,PPL,2026-06-13,116088,https://yt3.ggpht.com/UTkPAhd1EEbKXxPO0rXwP3nABMhSi9OTfdSq571k6wfMoV2btUkogK6Rn68K-p1rtq5jZw-Wvao=s240-c-k-c0x00ffffff-no-rj,UC8_cYcL4dm_-tCEKlZuMTDg,https://www.youtube.com/channel/UC8_cYcL4dm_-tCEKlZuMTDg
CR_YT_0611,토깽이네,@yt_ucnibqap,YouTube,엔터테인먼트,버라이어티,Korea,1190000,733240,8065640,6.69,2.9,18-34,Mixed,11287.0,20,유지,2026-01-28,없음,29,4.7,메가,브랜디드콘텐츠,2026-06-13,301083,https://yt3.ggpht.com/QcaY1_pyWKh4Xg81uMHuiN_T8zlvsM-7rZlkkRbjbWrbiH8kvUFXjYUbaxr7K3fxb1SXItWV=s240-c-k-c0x00ffffff-no-rj,UCniBqAPwwWIQLbYo4uK2RWg,https://www.youtube.com/channel/UCniBqAPwwWIQLbYo4uK2RWg
CR_YT_0612,집나간햄지 Wandering Hamzy,@yt_uc1eihih,YouTube,여행,여행리뷰,Korea,1190000,468750,4687500,2.7,3.2,25-44,Mixed,5933.0,20,상승,2026-05-02,없음,8,5.0,메가,PPL,2026-06-13,132793,https://yt3.ggpht.com/kSc__BoSy92jIFCr5j3Rd00-GbIyobOI0oRIdrbDHlJnCLC1g9TKm2ulZOOkNgwH8CjLKVAI3Q=s240-c-k-c0x00ffffff-no-rj,UC1EiHIhV6UDRWOY6BaEavdw,https://www.youtube.com/channel/UC1EiHIhV6UDRWOY6BaEavdw
CR_YT_0613,긱블 Geekble,@yt_ucp94pzr,YouTube,테크,테크리뷰,Korea,1190000,726744,13081392,2.72,4.4,25-44,Male,5832.0,2,유지,2026-01-14,없음,28,4.2,메가,제품리뷰,2026-06-13,380425,https://yt3.ggpht.com/Ua1M2HJt8ao-LhN09amkKirMSMckGxwHA7_yM2OPSg5jAWCWdbQrtqu2v3Fw7vm7bCkOc3Gg=s240-c-k-c0x00ffffff-no-rj,UCp94pzrtA5wPyZazbDq0CXA,https://www.youtube.com/channel/UCp94pzrtA5wPyZazbDq0CXA
CR_YT_0614,유 퀴즈 온 더 튜브,@yt_uc920m3p,YouTube,엔터테인먼트,버라이어티,Korea,1190000,176977,3362563,5.87,2.8,18-34,Mixed,10659.0,8,상승,2026-04-10,없음,24,5.0,메가,PPL,2026-06-13,150443,https://yt3.ggpht.com/ryTStalxVw17FMykSUeihZrH1qbi1ThqSKeOPEeMQZpaxmsVW3s8slgNTZtv0OY349KKPZRj1ww=s240-c-k-c0x00ffffff-no-rj,UC920m3pMPH45qztdhppZhwA,https://www.youtube.com/channel/UC920m3pMPH45qztdhppZhwA
CR_YT_0615,Girls On Top,@yt_uccdx97n,YouTube,라이프스타일,일상,Korea,1190000,18571428,148571424,3.64,4.9,18-34,Mixed,12429.0,4,상승,2026-02-11,없음,24,5.0,메가,PPL,2026-06-13,6620602,https://yt3.ggpht.com/IEXtIyAqZf-eIPqZWOnaLhu9V9TV5BqQZmYd865P7GjphSO2n0ycwNsnDKXdDAHjUs31I3es=s240-c-k-c0x00ffffff-no-rj,UCcdX97nVNsZgAA0NxvHnU9w,https://www.youtube.com/channel/UCcdX97nVNsZgAA0NxvHnU9w
CR_YT_0616,산적TV 밥굽남,@yt_ucdfhk0y,YouTube,엔터테인먼트,브이로그,Korea,1180000,521262,7818930,7.54,4.3,18-34,Mixed,1661.0,8,유지,2026-03-27,없음,7,5.0,메가,PPL,2026-06-13,297626,https://yt3.ggpht.com/ytc/AIdro_mkGwoTUYsfkA_1qiKS2BFTyqG34u7m6NePxcBrq2V-Nng=s240-c-k-c0x00ffffff-no-rj,UCdfhK0yIMjmhcQ3gP-qpXRw,https://www.youtube.com/channel/UCdfhK0yIMjmhcQ3gP-qpXRw
CR_YT_0617,라라 라이프,@yt_ucxfijpv,YouTube,라이프스타일,리뷰,Korea,1180000,803289,15262491,7.85,2.3,18-34,Mixed,5602.0,2,하락,2026-04-27,없음,21,4.5,메가,브랜디드콘텐츠,2026-06-13,506539,https://yt3.ggpht.com/ytc/AIdro_lys4IDHmYuuJslBZNeAFr_xWYWT5SKsLQXrDPasXKv9g=s240-c-k-c0x00ffffff-no-rj,UCxFijPvNplkDPAW0Jv4aDIg,https://www.youtube.com/channel/UCxFijPvNplkDPAW0Jv4aDIg
CR_YT_0618,TVING,@yt_ucniih_4,YouTube,엔터테인먼트,버라이어티,Korea,1180000,143157,2719983,0.92,3.9,18-34,Mixed,2473.0,16,유지,2026-03-22,없음,33,4.7,메가,PPL,2026-06-13,65202,https://yt3.ggpht.com/sBxnItKjolnANWriklnCVUuUJyY9sjZMEv5UJ842-vLXiT2tQvWiU6Qvgi-ncl_eWuGjNtBm=s240-c-k-c0x00ffffff-no-rj,UCNIiH_4ArJNd_cDZApZ7AFg,https://www.youtube.com/channel/UCNIiH_4ArJNd_cDZApZ7AFg
CR_YT_0619,해수인tv yellow aquarium,@yt_uc98toxk,YouTube,라이프스타일,일상,Korea,1180000,1234899,20993283,1.76,3.5,18-34,Mixed,10443.0,20,유지,2026-02-04,없음,13,5.0,메가,브랜디드콘텐츠,2026-06-13,530124,https://yt3.ggpht.com/khE306oBd4LspLO19NGEe1_UsJ-4tiaRRGmqyWwNkX90Ez5DxKlz4xOnIQvJNhVSGQEzhnLn5A=s240-c-k-c0x00ffffff-no-rj,UC98TOxKQk4aLcx0EjIK0LkQ,https://www.youtube.com/channel/UC98TOxKQk4aLcx0EjIK0LkQ
CR_YT_0620,삼성전자 뉴스룸 [Samsung Newsroom],@yt_uc2c-970,YouTube,테크,언박싱,Korea,1180000,385245,4622940,5.24,3.0,25-44,Male,5830.0,4,유지,2026-01-06,없음,17,5.0,메가,제품리뷰,2026-06-13,126581,https://yt3.ggpht.com/ytc/AIdro_lASiOXqTBmNH_TTXa6KcbC13KFfvPTjH9VNuarUoy5enI=s240-c-k-c0x00ffffff-no-rj,UC2C-970d2o-YGLPqsG6FcWQ,https://www.youtube.com/channel/UC2C-970d2o-YGLPqsG6FcWQ
CR_YT_0621,YENA(최예나),@yt_uckrdegn,YouTube,엔터테인먼트,예능,Korea,1180000,1015831,8126648,5.68,3.9,18-34,Mixed,10668.0,1,상승,2026-06-08,없음,34,3.7,메가,PPL,2026-06-13,364664,https://yt3.ggpht.com/1PO2aCez6i_TqIy1mS-h-PnvjmB46gh42Gdkj4WvGw-ZPW-irnjIGM6tNmm574COoNq398En=s240-c-k-c0x00ffffff-no-rj,UCkrDEGNM3mqZXHk2MfnOjMw,https://www.youtube.com/channel/UCkrDEGNM3mqZXHk2MfnOjMw
CR_YT_0622,채널주인 부재중,@yt_uc5ida86,YouTube,엔터테인먼트,브이로그,Korea,1170000,474332,6640648,1.69,4.9,18-34,Mixed,8125.0,2,유지,2026-02-27,확인필요,12,3.0,메가,브랜디드콘텐츠,2026-06-13,247978,https://yt3.ggpht.com/78Bbh29hwhTh-6E-GIHsdyrpndGbIjSjHpSvq9DHx4WVWmeAWPDZiFK31AFaSzmnS3qEKOcn1Q=s240-c-k-c0x00ffffff-no-rj,UC5Ida86tt8QKa4Myw7idxNg,https://www.youtube.com/channel/UC5Ida86tt8QKa4Myw7idxNg
CR_YT_0623,GCL 지씨엘,@yt_ucludznr,YouTube,게임,게임리뷰,Korea,1170000,917782,17437858,8.07,4.4,18-34,Male,6040.0,4,유지,2026-03-14,없음,23,5.0,메가,제품리뷰,2026-06-13,489539,https://yt3.ggpht.com/ytc/AIdro_k91KYvhh5IsjkCAGDvMRz_qQpxRa4SEKqhD23P5mgCdkk=s240-c-k-c0x00ffffff-no-rj,UCLuDznROytXtnMSDwo5aGJQ,https://www.youtube.com/channel/UCLuDznROytXtnMSDwo5aGJQ
CR_YT_0624,탱구TV,@yt_uc5z2fxn,YouTube,라이프스타일,일상,Korea,1170000,1872222,35572218,3.85,3.2,18-34,Mixed,4296.0,2,하락,2026-04-05,없음,6,4.5,메가,PPL,2026-06-13,1392097,https://yt3.ggpht.com/ytc/AIdro_lhOx32_yFLo2olaO5kxrbTNOelggbUWpMLMcmdohFOZA=s240-c-k-c0x00ffffff-no-rj,UC5z2fxN6rs69cSyXur6X6Mg,https://www.youtube.com/channel/UC5z2fxN6rs69cSyXur6X6Mg
CR_YT_0625,돌비공포라디오,@yt_uc9auiof,YouTube,엔터테인먼트,브이로그,Korea,1170000,411949,7003133,4.17,2.0,18-34,Mixed,6265.0,2,상승,2026-06-02,없음,25,4.5,메가,PPL,2026-06-13,275220,https://yt3.ggpht.com/COQI-LwTGWw8nm4U422nzvlQtCvFEsjgVJoTaLXSYIYiJOwlLKXsDwgtn1EMeMmXMt3QKE56_Q=s240-c-k-c0x00ffffff-no-rj,UC9aUIOFL_OeARVA6MtBTZAQ,https://www.youtube.com/channel/UC9aUIOFL_OeARVA6MtBTZAQ
CR_YT_0626,먹방러들 Mukbangers,@yt_uctkeypm,YouTube,푸드,쿠킹,Korea,1170000,36758,441096,4.96,2.2,18-34,Mixed,14953.0,2,하락,2026-01-02,없음,35,4.2,메가,먹방협찬,2026-06-13,11044,https://yt3.ggpht.com/M6LyAOXqbOS24wF2MAgb6QubDjlLwTShBV6z-pZ4wTBF5sOeCQfDCWPMO3tkzjb2UIurN_Ymiw=s240-c-k-c0x00ffffff-no-rj,UCTkEyPMdz1z_llau_VgVrog,https://www.youtube.com/channel/UCTkEyPMdz1z_llau_VgVrog
CR_YT_0627,깡스타일리스트,@yt_uc8a6z7i,YouTube,뷰티,뷰티리뷰,Korea,1170000,249260,2991120,3.55,4.9,18-34,Female,13437.0,16,상승,2026-03-08,없음,28,4.7,메가,제품리뷰,2026-06-13,105006,https://yt3.ggpht.com/ytc/AIdro_nMCxF-upAvw_U-9gLBjDf1YhmmKpnJ6RpJRHj4-sGQ2g=s240-c-k-c0x00ffffff-no-rj,UC8a6z7i9qypp9PqJ_0HhBrw,https://www.youtube.com/channel/UC8a6z7i9qypp9PqJ_0HhBrw
CR_YT_0628,백앤아,@yt_ucvwkfkz,YouTube,게임,게임플레이,Korea,1170000,557620,5576200,7.94,4.6,18-34,Male,8191.0,2,상승,2026-03-22,없음,10,4.5,메가,제품리뷰,2026-06-13,195654,https://yt3.ggpht.com/enUvMDj_W_Vxgt64bmu0hV9rMYW6yxpPz2bkfY6XKk7-g6Lv9mOVzI0k8irLg1U7oM_4vRuuT6c=s240-c-k-c0x00ffffff-no-rj,UCVwkFKZl7v3V02JR8gLlUyw,https://www.youtube.com/channel/UCVwkFKZl7v3V02JR8gLlUyw
CR_YT_0629,야식이,@yt_ucsnvs68,YouTube,엔터테인먼트,리액션,Korea,1160000,295890,2367120,4.49,4.9,18-34,Mixed,4602.0,4,유지,2026-04-22,없음,28,4.7,메가,PPL,2026-06-13,109279,https://yt3.ggpht.com/ytc/AIdro_mFJQQavO_UisyvM3fwdBTHFlXlzO6BZaG6X-pLM1sAW0c=s240-c-k-c0x00ffffff-no-rj,UCsNVs68quFJMaDmR6frfUsQ,https://www.youtube.com/channel/UCsNVs68quFJMaDmR6frfUsQ
CR_YT_0630,드림텔러 DREAM TELLER,@yt_ucpciidf,YouTube,엔터테인먼트,예능,Korea,1160000,681818,6818180,8.46,4.3,18-34,Mixed,10033.0,2,유지,2026-02-08,없음,40,3.7,메가,브랜디드콘텐츠,2026-06-13,209290,https://yt3.ggpht.com/gjtbY0LqxuQNNC3wwon3jf8HmnGOSWo5sEt5XTsSFHiTPERK9xVk0ohumOtJTgGdT7Hu6S3A=s240-c-k-c0x00ffffff-no-rj,UCpCiIDf9UrfRqte55FHWlYQ,https://www.youtube.com/channel/UCpCiIDf9UrfRqte55FHWlYQ
CR_YT_0631,뉴스엔·Newsen,@yt_uckpp7pm,YouTube,엔터테인먼트,예능,Korea,1160000,21363,170904,0.79,2.8,18-34,Mixed,14930.0,16,유지,2026-04-02,없음,34,4.7,메가,PPL,2026-06-13,4904,https://yt3.ggpht.com/wdiFX4IWw82n0hR-Wsp6-xXhyWdn346wPXwZRL7vvV1DWFXnKGJeMiJXaI-BfSBYIbK94dMI=s240-c-k-c0x00ffffff-no-rj,UCkPp7PMd1sOcsJCq8_3-1fw,https://www.youtube.com/channel/UCkPp7PMd1sOcsJCq8_3-1fw
CR_YT_0632,제이제이살롱드핏,@yt_ucusfrch,YouTube,뷰티,메이크업,Korea,1150000,428571,8142849,4.16,2.3,18-34,Female,1857.0,16,유지,2026-05-11,없음,14,5.0,메가,제품리뷰,2026-06-13,296562,https://yt3.ggpht.com/Hou6wpkti3qrHmpgr-u-Pkk6IS1ABwBJPGPztMWvY4nYZKzOPoD9QYSrP_SuLAlqRlimlmzSs-o=s240-c-k-c0x00ffffff-no-rj,UCUsfRCHj5U1wAJEJiQpPLPw,https://www.youtube.com/channel/UCUsfRCHj5U1wAJEJiQpPLPw
CR_YT_0633,모멘트핏 록코치,@yt_uchku6cg,YouTube,피트니스,운동,Korea,1150000,199833,2397996,5.81,2.6,25-44,Mixed,3118.0,1,상승,2026-01-25,없음,38,3.2,메가,PPL,2026-06-13,87468,https://yt3.ggpht.com/7goEmd54YKrFoE1qw-H9xFzHf5Usz_N0jGpcd-wzAZMepoYfU4E40cLuJEb0jFuej15wIc0U4g=s240-c-k-c0x00ffffff-no-rj,UChku6cgDNkiIQWlyi1TgA8g,https://www.youtube.com/channel/UChku6cgDNkiIQWlyi1TgA8g
CR_YT_0634,lamuqe,@yt_uczdtoms,YouTube,뷰티,메이크업,Korea,1140000,385964,5017532,5.95,4.0,18-34,Female,14293.0,8,유지,2026-01-21,없음,28,4.7,메가,제품리뷰,2026-06-13,120115,https://yt3.ggpht.com/CN86ZJ3SdCOrFxj_rrHytRDdWr6HwL2ksZqm7umDq7Jw0AeqPpwfUK8ZREkU4kaYfqBScAFraQ=s240-c-k-c0x00ffffff-no-rj,UCzDTOmSRs8c_ej7XRvn53og,https://www.youtube.com/channel/UCzDTOmSRs8c_ej7XRvn53og
CR_YT_0635,마이린 TV,@yt_ucnzn4cw,YouTube,엔터테인먼트,브이로그,Korea,1140000,318104,4771560,5.78,3.4,18-34,Mixed,1136.0,4,하락,2026-05-26,없음,5,5.0,메가,PPL,2026-06-13,203823,https://yt3.ggpht.com/E6z6u2nmpcjsDX3bHcptGzQih6XR5pXHc_8dUnDy3ykejN9tyvOgIapLmbhPQipnzEsUKNGdbQA=s240-c-k-c0x00ffffff-no-rj,UCNzn4cWu4ygeWTxXfP4ufug,https://www.youtube.com/channel/UCNzn4cWu4ygeWTxXfP4ufug
CR_YT_0636,SomiFit 소미핏,@yt_uc2wz-lh,YouTube,피트니스,다이어트,Korea,1140000,1582733,15827330,0.89,3.9,25-44,Mixed,8434.0,4,하락,2026-04-13,없음,8,5.0,메가,제품리뷰,2026-06-13,447363,https://yt3.ggpht.com/NNKcBv3E35kkbyVPflDqvNUcIlQ9iiY4pK6C0vuiSihNtHB_kzOaMVeMBq83k5JvLcQoeRHr=s240-c-k-c0x00ffffff-no-rj,UC2WZ-lHHSOI81g2Jp4BpsWA,https://www.youtube.com/channel/UC2WZ-lHHSOI81g2Jp4BpsWA
CR_YT_0637,재겨미,@yt_ucsex_ya,YouTube,엔터테인먼트,리액션,Korea,1140000,1182943,14195316,8.22,4.6,18-34,Mixed,2863.0,1,유지,2026-01-31,없음,6,4.0,메가,브랜디드콘텐츠,2026-06-13,390185,https://yt3.ggpht.com/XcrPLJZGfAUNy13neC4ucWfmRyQ0kXNYa8N_63-dfUePlaQDuPdUS0vTZ3IYvMf6zwVQ5XeZ=s240-c-k-c0x00ffffff-no-rj,UCsEx_YAKZ8aLSztojvZpz-w,https://www.youtube.com/channel/UCsEx_YAKZ8aLSztojvZpz-w
CR_YT_0638,PLAVE 플레이브,@yt_ucpzipuq,YouTube,엔터테인먼트,버라이어티,Korea,1140000,491913,5902956,3.96,4.4,18-34,Mixed,1894.0,4,유지,2026-04-25,없음,13,5.0,메가,PPL,2026-06-13,205342,https://yt3.ggpht.com/jEWIicFEI9CPa6wBLoP_txVk5J_TGJUDPRiwoupx0bEXGk_LHokQBqO82rFN_j9VuCEW_1z2tg=s240-c-k-c0x00ffffff-no-rj,UCPZIPuQPrfrUG9Xe_okEmQA,https://www.youtube.com/channel/UCPZIPuQPrfrUG9Xe_okEmQA
CR_YT_0639,과학드림 [Science Dream],@yt_ucik1-yp,YouTube,테크,IT정보,Korea,1140000,738007,10332098,5.0,3.3,25-44,Male,9401.0,20,유지,2026-01-24,없음,32,4.7,메가,언박싱협찬,2026-06-13,355943,https://yt3.ggpht.com/ytc/AIdro_kPatsMrZvvlPanQbTpBowpmbg-1BaDwtIf_2bCBchWpBk=s240-c-k-c0x00ffffff-no-rj,UCIk1-yPCTnFuzfgu4gyfWqw,https://www.youtube.com/channel/UCIk1-yPCTnFuzfgu4gyfWqw
CR_YT_0640,집밥 korean home cooking,@yt_ucrpb5pi,YouTube,푸드,레시피,Korea,1140000,293646,2349168,8.29,4.0,18-34,Mixed,8146.0,16,하락,2026-04-30,없음,14,5.0,메가,제품리뷰,2026-06-13,82952,https://yt3.ggpht.com/LDlYFvqoCS8gs_civPER7Jduaamv5aJ2FdjxeRI0BIjC_aBxPBZ10wPpddK_FAluCFixRwHteA=s240-c-k-c0x00ffffff-no-rj,UCrpB5PigomcupI9PTRKioog,https://www.youtube.com/channel/UCrpB5PigomcupI9PTRKioog
CR_YT_0641,귀곰,@yt_ucitgsmg,YouTube,뷰티,뷰티리뷰,Korea,1130000,579345,8110830,6.91,2.9,18-34,Female,8085.0,2,유지,2026-05-22,없음,24,4.5,메가,제품리뷰,2026-06-13,204238,https://yt3.ggpht.com/ytc/AIdro_kWXdgewHuD89YlbSIkvQaFrnGLalhXjXL3pI4kkOq6BQ=s240-c-k-c0x00ffffff-no-rj,UCiTGSmGgJtKTcjEvDk_zRhw,https://www.youtube.com/channel/UCiTGSmGgJtKTcjEvDk_zRhw
CR_YT_0642,연스커플 Yeon's Couple,@yt_ucfcsyke,YouTube,라이프스타일,일상,Korea,1130000,578231,5204079,4.61,3.5,18-34,Mixed,10944.0,8,유지,2026-05-30,없음,11,5.0,메가,브랜디드콘텐츠,2026-06-13,232815,https://yt3.ggpht.com/lG4yFjx0cV528HPYldoXSgHiOASi_h8RYYxC9Shwlx4BM3dQZV3Z6qzc_Zhf6uwTnpggsqXj=s240-c-k-c0x00ffffff-no-rj,UCfCSykEUyuEuL2N4XmC0JaA,https://www.youtube.com/channel/UCfCSykEUyuEuL2N4XmC0JaA
CR_YT_0643,유진혁-youjinhyeok,@yt_ucnksdic,YouTube,엔터테인먼트,예능,Korea,1130000,434,3906,0.63,4.2,18-34,Mixed,12722.0,8,상승,2026-03-18,없음,16,5.0,메가,PPL,2026-06-13,161,https://yt3.ggpht.com/LOJ8_sBYHEEKhRmX0CvWGf-lVahJyAktJo2zdNNrR5Dp_Ob5cByCCtV_dGcEmXwKwyPDMNOxcQ=s240-c-k-c0x00ffffff-no-rj,UCNkSDiCP_iu_9joXcXqSPxA,https://www.youtube.com/channel/UCNkSDiCP_iu_9joXcXqSPxA
CR_YT_0644,WOODZ,@yt_ucamhpeh,YouTube,엔터테인먼트,버라이어티,Korea,1130000,1149012,14937156,4.14,4.0,18-34,Mixed,13813.0,12,상승,2026-01-21,없음,21,5.0,메가,브랜디드콘텐츠,2026-06-13,553195,https://yt3.ggpht.com/yp2DRlqWv4nC8txzx09KkyFIlk2x5SNVMKqoaEtNhOEcJbpzQ4ypN83OOTQzgbyXjxU24oJr=s240-c-k-c0x00ffffff-no-rj,UCaMhpehN8xNWkVJB3ZQY0qQ,https://www.youtube.com/channel/UCaMhpehN8xNWkVJB3ZQY0qQ
CR_YT_0645,양세돌,@yt_ucsywsul,YouTube,게임,게임리뷰,Korea,1130000,1290322,24516118,2.57,4.0,18-34,Male,6227.0,8,상승,2026-04-28,확인필요,39,2.7,메가,스폰서십,2026-06-13,1133895,https://yt3.ggpht.com/3vJ4XNdp8jN0jA7z2gDkI7Jk6YMJbJ0xSbCZCHDOalPhtc5CiTc-8HsdYQiO4BnRe7QyRPVE=s240-c-k-c0x00ffffff-no-rj,UCsYWsulNo5XcYkj4e0Nc6CQ,https://www.youtube.com/channel/UCsYWsulNo5XcYkj4e0Nc6CQ
CR_YT_0646,연합뉴스 Yonhapnews,@yt_ucj3_t5p,YouTube,엔터테인먼트,리액션,Korea,1120000,70208,1333952,5.76,4.2,18-34,Mixed,12290.0,16,하락,2026-03-19,없음,36,4.2,메가,PPL,2026-06-13,43734,https://yt3.ggpht.com/Oap-7vIew4a-HX0zOLCPM5OOHjJJhUweb6tnGbkdtjaZLKhf2kTJsd-3YJ5dwGp1Ng6mvDbdRg=s240-c-k-c0x00ffffff-no-rj,UCj3_t5p4L4aFsvdW3uHjnnw,https://www.youtube.com/channel/UCj3_t5p4L4aFsvdW3uHjnnw
CR_YT_0647,박막례 할머니 Korea_Grandma,@yt_ucn8cpzw,YouTube,엔터테인먼트,버라이어티,Korea,1120000,609896,5489064,0.61,2.3,18-34,Mixed,3534.0,1,상승,2026-06-10,없음,17,4.0,메가,PPL,2026-06-13,144099,https://yt3.ggpht.com/RWy7hFEmqmNwXwZG5ReqX1Z5IbrnOalqQb_TJ-4GJD88VrJKufF3VAOPIhnKaG86QGNK_TbF3Q=s240-c-k-c0x00ffffff-no-rj,UCN8CPzwkYiDVLZlgD4JQgJQ,https://www.youtube.com/channel/UCN8CPzwkYiDVLZlgD4JQgJQ
CR_YT_0648,기리TV,@yt_ucecuyra,YouTube,게임,e스포츠,Korea,1120000,496794,9935880,1.19,4.3,18-34,Male,2189.0,2,상승,2026-05-05,없음,35,4.2,메가,스폰서십,2026-06-13,356700,https://yt3.ggpht.com/afddDFJOrHveB_jeZDxdF6FxrjofQ4s2W9UG_CiJE93ng345IHi14ZKcgU8PSYbMgRirmMXDUA=s240-c-k-c0x00ffffff-no-rj,UCEcuyrAqhRVUmRdOd6FGKSw,https://www.youtube.com/channel/UCEcuyrAqhRVUmRdOd6FGKSw
CR_YT_0649,기묘한 밤,@yt_uc_sgam1,YouTube,엔터테인먼트,브이로그,Korea,1120000,463968,6959520,4.1,2.7,18-34,Mixed,614.0,4,유지,2026-05-29,확인필요,30,3.2,메가,PPL,2026-06-13,165576,https://yt3.ggpht.com/TbVmK1tqT2S1Vxp-ZFKgyCFmv4NFIlr0FINQCx2Af_adVFr1t7uEEZpyyhabowSGFL2vnOhsjQ=s240-c-k-c0x00ffffff-no-rj,UC_SgaM1zbb1Mibnsp6J0fJA,https://www.youtube.com/channel/UC_SgaM1zbb1Mibnsp6J0fJA
CR_YT_0650,수상한녀석들,@yt_uc9hs-dp,YouTube,엔터테인먼트,버라이어티,Korea,1120000,1308411,22242987,8.49,2.1,18-34,Mixed,11007.0,8,유지,2026-05-16,없음,36,4.2,메가,브랜디드콘텐츠,2026-06-13,898435,https://yt3.ggpht.com/ytc/AIdro_kyBBjIWxzudS-7k6_KHlOI75Ozwse1l8dXkKRNyF2OwQ=s240-c-k-c0x00ffffff-no-rj,UC9hS-dPCGXXD2XlxH5jo9FA,https://www.youtube.com/channel/UC9hS-dPCGXXD2XlxH5jo9FA
CR_YT_0651,딸을 위한 레시피 Recipes for daughters,@yt_uc37frkl,YouTube,푸드,쿠킹,Korea,1120000,355555,2844440,3.03,2.2,18-34,Mixed,2196.0,16,하락,2026-04-25,없음,31,4.7,메가,제품리뷰,2026-06-13,94378,https://yt3.ggpht.com/OyGA5DBm8fk54XeBPbaHfvSM9EuxdBDPegoyYHFKQn5H7TChjx_oAdjUF8BVZGIjm0nixGsHisU=s240-c-k-c0x00ffffff-no-rj,UC37fRkl_iIjDAr9pf0FFzGA,https://www.youtube.com/channel/UC37fRkl_iIjDAr9pf0FFzGA
CR_YT_0652,tvN STORY 티비엔 스토리,@yt_ucr9grem,YouTube,라이프스타일,리뷰,Korea,1120000,53888,1023872,1.79,4.2,18-34,Mixed,7861.0,8,하락,2026-06-04,없음,27,4.7,메가,브랜디드콘텐츠,2026-06-13,34312,https://yt3.ggpht.com/we5bj-kCbr0mxlrtxxpdp973fhEZ_xCHs3ZbwqfqTuBf0FdoYpL7BdM4_kVUwCb_xxv1QJqT1w=s240-c-k-c0x00ffffff-no-rj,UCR9gReM5VhQ_8brqQrBaVCA,https://www.youtube.com/channel/UCR9gReM5VhQ_8brqQrBaVCA
CR_YT_0653,83부부,@yt_uccxk1uw,YouTube,라이프스타일,일상,Korea,1120000,2666666,50666654,1.55,2.9,18-34,Mixed,12580.0,16,유지,2026-06-09,없음,29,4.7,메가,PPL,2026-06-13,1958892,https://yt3.ggpht.com/A1qRXexV0VGFl-rewtPTbRntPrTNlTmwQoelhGfHIasuatBTFg-2xkC3Ff5toBhiVRTb_Ust=s240-c-k-c0x00ffffff-no-rj,UCcxK1UWTHBVYMce8XekwPgw,https://www.youtube.com/channel/UCcxK1UWTHBVYMce8XekwPgw
CR_YT_0654,SK telecom,@yt_uca5vkqk,YouTube,뷰티,스킨케어,Korea,1120000,474106,5215166,6.49,4.0,18-34,Female,9283.0,2,상승,2026-03-19,없음,16,4.5,메가,PPL,2026-06-13,156058,https://yt3.ggpht.com/ytc/AIdro_m_9Gd-5ejb35YEt2KROYXplzFubQMotQC_1z_M_onEV3au=s240-c-k-c0x00ffffff-no-rj,UCA5vKQkvC9zlTDOSNtoMdCQ,https://www.youtube.com/channel/UCA5vKQkvC9zlTDOSNtoMdCQ
CR_YT_0655,다또아Daddoa,@yt_ucs7w5pd,YouTube,뷰티,메이크업,Korea,1110000,518857,5707427,0.88,2.1,18-34,Female,3033.0,4,하락,2026-03-28,없음,27,4.7,메가,제품리뷰,2026-06-13,161064,https://yt3.ggpht.com/QSdykWxDP2XURkEazud2TTo4HxJUceEbOPb2M38ZD4-xeFeO-yCc_gIxWCeZBMFkOdkJDnY5NA=s240-c-k-c0x00ffffff-no-rj,UCS7W5pDu-w9rT-2GNdLYHWg,https://www.youtube.com/channel/UCS7W5pDu-w9rT-2GNdLYHWg
CR_YT_0656,여수MBC Music+(Kpop&Trot),@yt_ucwiiyfp,YouTube,엔터테인먼트,리액션,Korea,1110000,34545,483630,2.31,3.7,18-34,Mixed,11881.0,8,상승,2026-05-12,없음,21,5.0,메가,브랜디드콘텐츠,2026-06-13,12570,https://yt3.ggpht.com/ytc/AIdro_k66L5Igcp8h-_0r5feJDRpXMZb9ASByCMX3SDdUEcyA6I=s240-c-k-c0x00ffffff-no-rj,UCwIiyFphTd-eTeLBvh8riNw,https://www.youtube.com/channel/UCwIiyFphTd-eTeLBvh8riNw
CR_YT_0657,딩가딩가 스튜디오 DGDG Studio,@yt_ucddtq91,YouTube,엔터테인먼트,예능,Korea,1110000,130441,2217497,6.15,4.8,18-34,Mixed,11459.0,8,상승,2026-05-10,없음,34,4.7,메가,브랜디드콘텐츠,2026-06-13,86381,https://yt3.ggpht.com/tf5CgtXaNfKOqo__Bnquh0Ft-63RAO1w2g2Sff9xcaw87AtVfihUjj0Oa6fA9N9RRshJnclrxg=s240-c-k-c0x00ffffff-no-rj,UCDdtq91zPKK6urACRvsX4Mg,https://www.youtube.com/channel/UCDdtq91zPKK6urACRvsX4Mg
CR_YT_0658,원더맨 WonderMan,@yt_uctmrcbh,YouTube,엔터테인먼트,브이로그,Korea,1110000,908346,8175114,1.44,2.6,18-34,Mixed,10768.0,4,하락,2026-02-09,없음,15,5.0,메가,브랜디드콘텐츠,2026-06-13,222617,https://yt3.ggpht.com/VkAMz6Jx3UrO6x0Gaie97vZC8d3rgW7qA6ptVd6OddB68fjfLgXjgDolTB9YBZ_aLX36rpX2HA=s240-c-k-c0x00ffffff-no-rj,UCTmrCBHyMN7lde4p-lTX9nQ,https://www.youtube.com/channel/UCTmrCBHyMN7lde4p-lTX9nQ
CR_YT_0659,Designer Gemma77,@yt_uc54hovn,YouTube,뷰티,메이크업,Korea,1110000,144927,2608686,7.05,2.4,18-34,Female,11654.0,2,상승,2026-03-29,없음,33,4.2,메가,PPL,2026-06-13,83009,https://yt3.ggpht.com/0QP13WQG4tTrwzX0QR-i8jcxpbdfLIlVgTOSDp3LAZoP86QI_yEtlOITWtfhaRyKfINGFYI6=s240-c-k-c0x00ffffff-no-rj,UC54hovNgvha0PlPcE_ELKLg,https://www.youtube.com/channel/UC54hovNgvha0PlPcE_ELKLg
CR_YT_0660,교육하는 의사! 이동환TV,@yt_uc9vkx4z,YouTube,피트니스,헬스,Korea,1110000,165079,1980948,1.18,3.1,25-44,Mixed,10142.0,20,상승,2026-02-28,없음,31,4.7,메가,PPL,2026-06-13,69565,https://yt3.ggpht.com/ytc/AIdro_kZx6qmD2EUNE6t0jdb08WmepmELMjfiyASy_0iC9cFXjA=s240-c-k-c0x00ffffff-no-rj,UC9Vkx4zyHY4myJoykjtVm7A,https://www.youtube.com/channel/UC9Vkx4zyHY4myJoykjtVm7A
CR_YT_0661,레인보우 버블젬(Bubblegem),@yt_uccsn788,YouTube,엔터테인먼트,브이로그,Korea,1110000,657174,6571740,3.81,3.2,18-34,Mixed,5746.0,8,상승,2026-01-03,없음,38,4.2,메가,브랜디드콘텐츠,2026-06-13,276284,https://yt3.ggpht.com/xmZKTOmfgMx_LWaCVqDB7du81pqS6DtSDJETZde2hOFhDYSIpANmIbtcZjSsXD20MT7uAxPjAw=s240-c-k-c0x00ffffff-no-rj,UCcsN788hDYr_rgY7LBLeZPQ,https://www.youtube.com/channel/UCcsN788hDYr_rgY7LBLeZPQ
CR_YT_0662,2D 밖은 위험해,@yt_ucnhaksj,YouTube,엔터테인먼트,브이로그,Korea,1110000,221238,4203522,8.05,2.3,18-34,Mixed,2883.0,4,상승,2026-02-08,없음,30,4.7,메가,브랜디드콘텐츠,2026-06-13,177160,https://yt3.ggpht.com/H3gpZOQYY6ZcAXyJxSa7iVQfP6X8MoLCqoff__SLlbRVAF1vuJiml4Db7KAzMN5BeXHXLy_8=s240-c-k-c0x00ffffff-no-rj,UCNhAkSJcEx5aL0vsVSKHOZw,https://www.youtube.com/channel/UCNhAkSJcEx5aL0vsVSKHOZw
CR_YT_0663,사나이 김기훈,@yt_uc9nfmaq,YouTube,엔터테인먼트,리액션,Korea,1100000,865561,14714537,5.55,4.1,18-34,Mixed,6580.0,16,하락,2026-03-30,없음,38,4.2,메가,PPL,2026-06-13,363187,https://yt3.ggpht.com/aEaa-hPtIi0DDQhayKQsFM4bRZop8pOWYYHloDvvBSR6M7WupblmZ-m7GE_l45kr1Q243t6L=s240-c-k-c0x00ffffff-no-rj,UC9nFMAQcn0bqIrEV9vUdU1g,https://www.youtube.com/channel/UC9nFMAQcn0bqIrEV9vUdU1g
CR_YT_0664,레시피 읽어주는 여자,@yt_uc4icoth,YouTube,푸드,쿠킹,Korea,1100000,1242450,9939600,7.7,3.8,18-34,Mixed,3474.0,2,하락,2026-03-30,없음,30,4.2,메가,제품리뷰,2026-06-13,423725,https://yt3.ggpht.com/usrdz2akKmDiYH5MMLOKZk9LDSjCv-VX2dcpsAgKgryDchfpNZDbSYvN5-cAdGFKTIxMQEp0AEM=s240-c-k-c0x00ffffff-no-rj,UC4Icothd_W0M7jRzNyAszoA,https://www.youtube.com/channel/UC4Icothd_W0M7jRzNyAszoA
CR_YT_0665,리쥬라이크 LIJULIKE,@yt_ucydyvqa,YouTube,라이프스타일,리뷰,Korea,1100000,1669367,33387340,3.74,2.6,18-34,Mixed,5350.0,4,상승,2026-02-24,확인필요,10,3.5,메가,브랜디드콘텐츠,2026-06-13,1387905,https://yt3.ggpht.com/CkLe1_tLZHj7QQksMtL5N3jw5r8faq1UfJB3T4wj0BajuZncdtmeCyrPe_EtJZ568lKJtV9v=s240-c-k-c0x00ffffff-no-rj,UCYDyvqaGX6WxH77N04sj6mg,https://www.youtube.com/channel/UCYDyvqaGX6WxH77N04sj6mg
CR_YT_0666,DinoCore TUBA,@yt_ucuebqmi,YouTube,엔터테인먼트,리액션,Korea,1100000,737410,6636690,3.0,3.0,18-34,Mixed,13410.0,16,하락,2026-03-19,확인필요,15,3.5,메가,브랜디드콘텐츠,2026-06-13,234091,https://yt3.ggpht.com/ytc/AIdro_lO40dGEW-VGYD3UnwzuRVh_52VddyeLcXvZ9ubhbpTyOU=s240-c-k-c0x00ffffff-no-rj,UCUEbQMiMQbn5gOIe9ljEcWw,https://www.youtube.com/channel/UCUEbQMiMQbn5gOIe9ljEcWw
CR_YT_0667,쁘허,@yt_uctcnncu,YouTube,라이프스타일,브이로그,Korea,1090000,355828,6760732,4.54,4.2,18-34,Mixed,7859.0,20,상승,2026-04-25,없음,28,4.7,메가,PPL,2026-06-13,224438,https://yt3.ggpht.com/GoPn_NEXxwjRUjndyUwj4nAlFbIZjd3OUr6_xGJ8TLdC7QMuDtMM6uxlhnDUEdOTeDPr9nxfZw=s240-c-k-c0x00ffffff-no-rj,UCtCnnCUn9IDDQRU9_04JD3g,https://www.youtube.com/channel/UCtCnnCUn9IDDQRU9_04JD3g
CR_YT_0668,정찬성 Korean Zombie,@yt_ucc7o0ok,YouTube,피트니스,다이어트,Korea,1090000,872600,10471200,0.54,3.0,25-44,Mixed,3891.0,2,유지,2026-04-07,없음,39,3.7,메가,제품리뷰,2026-06-13,384189,https://yt3.ggpht.com/HHKzGM4EFbVBf73ZQAMM_q3FDKJqD4ZNsCv8xYdGRbDzt4qpFoaCfuCbw1cqu5kXzDWCrlbW8Q=s240-c-k-c0x00ffffff-no-rj,UCc7o0OkR2BDFN4TCgPChjEw,https://www.youtube.com/channel/UCc7o0OkR2BDFN4TCgPChjEw
CR_YT_0669,보통사람을 위한 운동채널,@yt_ucf97u_y,YouTube,피트니스,다이어트,Korea,1090000,1095008,17520128,1.34,3.5,25-44,Mixed,2625.0,2,유지,2026-01-24,없음,28,4.2,메가,제품리뷰,2026-06-13,710300,https://yt3.ggpht.com/ytc/AIdro_k4WZig0eH6ndoupypWydW7Klh4k62J7hVIvhKOQ5bgQ4Y=s240-c-k-c0x00ffffff-no-rj,UCF97u_Y5C3FxAcD0nn1DCKQ,https://www.youtube.com/channel/UCF97u_Y5C3FxAcD0nn1DCKQ
CR_YT_0670,MR엠알,@yt_ucjtmyzr,YouTube,테크,IT정보,Korea,1090000,225669,1805352,1.54,2.6,25-44,Male,6340.0,1,하락,2026-03-09,없음,28,3.7,메가,언박싱협찬,2026-06-13,60023,https://yt3.ggpht.com/ytc/AIdro_kZC5n1Klxy8qwRA7svU0Aegpidd4gGp_dEr8fykizxReWG=s240-c-k-c0x00ffffff-no-rj,UCJTmYzrlVk_GpnwJH5wYNwQ,https://www.youtube.com/channel/UCJTmYzrlVk_GpnwJH5wYNwQ
CR_YT_0671,[윤이련]50년 요리비결,@yt_ucl01un1,YouTube,푸드,먹방,Korea,1090000,681431,11584327,3.89,3.3,18-34,Mixed,2593.0,8,상승,2026-02-03,없음,31,4.7,메가,제품리뷰,2026-06-13,405134,https://yt3.ggpht.com/FTdRBIMQpSnMOfRdd4qWk8ppz5FqK0t02CsPHsjNKbhSQcztlxsSvoF25NX-oo7qKrqZglFQ=s240-c-k-c0x00ffffff-no-rj,UCL01un1rw1MU3wj7-oEELQQ,https://www.youtube.com/channel/UCL01un1rw1MU3wj7-oEELQQ
CR_YT_0672,OH MY GARLIC,@yt_ucxcxmn6,YouTube,라이프스타일,일상,Korea,1090000,9104477,172985063,4.73,4.1,18-34,Mixed,2774.0,8,하락,2026-06-04,확인필요,35,3.2,메가,PPL,2026-06-13,6107698,https://yt3.ggpht.com/Tp89TSTp0O_aR8IWSfCpi0hfCOfYT6XtTOTxmRjg9mqFfhAeny0P8li1pAwY5KciNcQBAMC0yQ=s240-c-k-c0x00ffffff-no-rj,UCxCxMn6eN0KlBKWl3PPiDeg,https://www.youtube.com/channel/UCxCxMn6eN0KlBKWl3PPiDeg
CR_YT_0673,KFN,@yt_ucxnmgsz,YouTube,엔터테인먼트,리액션,Korea,1080000,74117,1037638,3.46,2.9,18-34,Mixed,4921.0,12,유지,2026-05-05,없음,14,5.0,메가,PPL,2026-06-13,26882,https://yt3.ggpht.com/qC7e_sVzNUDyDuPlIHwMr7x2heokZZFGVIjV1DicmsGdQwH28JTlriZeDninkS6k8sy4kOC_QA=s240-c-k-c0x00ffffff-no-rj,UCXNMgSZqmfX1_K8Uf4l4sog,https://www.youtube.com/channel/UCXNMgSZqmfX1_K8Uf4l4sog
CR_YT_0674,애니한TV AnnieHanTV,@yt_uc1-jinq,YouTube,게임,게임리뷰,Korea,1080000,443037,3544296,1.64,3.8,18-34,Male,3626.0,1,유지,2026-05-21,없음,24,4.0,메가,제품리뷰,2026-06-13,148132,https://yt3.ggpht.com/6Pz_mVkWS6vQ0S6Dbz15xQAcPmmNJzdHlICL1GtpvlSVMOsyNZczjyWtjobvKb6rZKJBzsUi0A=s240-c-k-c0x00ffffff-no-rj,UC1-jInqcAOkAHvp2CO8h1zg,https://www.youtube.com/channel/UC1-jInqcAOkAHvp2CO8h1zg
CR_YT_0675,수탉,@yt_ucw-jzmp,YouTube,게임,e스포츠,Korea,1080000,372948,4848324,0.86,3.4,18-34,Male,11830.0,4,유지,2026-02-05,없음,33,4.7,메가,제품리뷰,2026-06-13,120770,https://yt3.ggpht.com/q7wt8iFb2Q-8K3rNjyk6Tc9_ewB3xE99raDlX3kIj5uUz-zLBI8Bur7BehBC929YdCrzMrcW=s240-c-k-c0x00ffffff-no-rj,UCw-JzmPsjRcbzJLncr4pIIA,https://www.youtube.com/channel/UCw-JzmPsjRcbzJLncr4pIIA
CR_YT_0676,코미꼬,@yt_ucwtg-6v,YouTube,엔터테인먼트,브이로그,Korea,1080000,460448,7367168,6.59,4.0,18-34,Mixed,9559.0,2,하락,2026-03-01,없음,25,4.5,메가,PPL,2026-06-13,281308,https://yt3.ggpht.com/0nTEbP6uTEibY8mvJu_Ti8coKQSz7MdpfRS7kO6sI5hFhIaF0i_74t3XHWfI-L2yOvsH5wyt=s240-c-k-c0x00ffffff-no-rj,UCwTg-6vuMNVKQYX-TgSiC8A,https://www.youtube.com/channel/UCwTg-6vuMNVKQYX-TgSiC8A
CR_YT_0677,딩고 스튜디오 / dingo studio,@yt_ucfbk0jw,YouTube,엔터테인먼트,리액션,Korea,1080000,393120,5503680,0.87,4.0,18-34,Mixed,13056.0,8,상승,2026-05-24,없음,22,5.0,메가,브랜디드콘텐츠,2026-06-13,171953,https://yt3.ggpht.com/PT4ocjYlP6xUAUqymTyHsIPSesjIFiubahYR82qdh-K444FUJqTgE3ovpwLGnWar1qHZLjDe=s240-c-k-c0x00ffffff-no-rj,UCFbK0JW_N5RKajamSf5Cbcw,https://www.youtube.com/channel/UCFbK0JW_N5RKajamSf5Cbcw
CR_YT_0678,BRUSH,@yt_ucrqcpta,YouTube,엔터테인먼트,예능,Korea,1080000,936967,8432703,5.45,3.7,18-34,Mixed,7400.0,1,상승,2026-01-05,없음,38,3.2,메가,브랜디드콘텐츠,2026-06-13,234625,https://yt3.ggpht.com/ytc/AIdro_lHoIZLKOanql_qH7k0uF4dauZjW5Cxt6ogqkWfIUhwTCw=s240-c-k-c0x00ffffff-no-rj,UCRqcPtAY2IrOjjOPt2TbYVQ,https://www.youtube.com/channel/UCRqcPtAY2IrOjjOPt2TbYVQ
CR_YT_0679,cool -cA-,@yt_ucyndt_r,YouTube,피트니스,다이어트,Korea,1080000,230440,2765280,2.46,4.1,25-44,Mixed,8236.0,12,유지,2026-05-06,없음,33,4.7,메가,제품리뷰,2026-06-13,115287,https://yt3.ggpht.com/FON0lD7600eqvIJypNMw5KI3VsPeRc07BeLleYT94qzl2W5A39bX7z4evut1A8DYPa01qpGA=s240-c-k-c0x00ffffff-no-rj,UCyNDt_rJlTg833Cr-zmrRLA,https://www.youtube.com/channel/UCyNDt_rJlTg833Cr-zmrRLA
CR_YT_0680,재넌,@yt_ucem8l1w,YouTube,엔터테인먼트,버라이어티,Korea,1070000,524642,4197136,1.94,2.1,18-34,Mixed,1820.0,12,상승,2026-02-06,없음,25,5.0,메가,PPL,2026-06-13,131226,https://yt3.ggpht.com/Tu0O96g575JDll_5iWOxZU8TKUqw1CB6TsQYzn2SqYhMdKGOvOe4dVnF7Y0M1bLXCQNFcfUEw4E=s240-c-k-c0x00ffffff-no-rj,UCem8l1w4OWhkqpoOg1SB4_w,https://www.youtube.com/channel/UCem8l1w4OWhkqpoOg1SB4_w
CR_YT_0681,텔론,@yt_ucl4nbkm,YouTube,게임,게임리뷰,Korea,1070000,238484,2384840,1.22,2.9,18-34,Male,14436.0,8,상승,2026-03-18,확인필요,15,3.5,메가,제품리뷰,2026-06-13,69866,https://yt3.ggpht.com/ytc/AIdro_mQqkMGJ69ahKgv-bveh4B6ncq_GsTGdR3I6oV2vhlK34g=s240-c-k-c0x00ffffff-no-rj,UCl4nBkmJCDs6RR8uWldAqLA,https://www.youtube.com/channel/UCl4nBkmJCDs6RR8uWldAqLA
CR_YT_0682,김왼팔,@yt_ucpi40-x,YouTube,게임,게임리뷰,Korea,1070000,243654,3411156,1.64,4.7,18-34,Male,13543.0,4,상승,2026-06-02,없음,29,4.7,메가,제품리뷰,2026-06-13,87453,https://yt3.ggpht.com/7TPHF9lZcnB0yGwVRMI-o2g4YSysdiGe0N-o3MvQoGXKI3UjIHPH8XmCMYQ3RYcKtqkM-F_H=s240-c-k-c0x00ffffff-no-rj,UCPI40-XQA9-GBGj2k8PPqfg,https://www.youtube.com/channel/UCPI40-XQA9-GBGj2k8PPqfg
CR_YT_0683,토모토모TomoTomo,@yt_ucoqy2ws,YouTube,라이프스타일,브이로그,Korea,1070000,1157270,19673590,4.57,3.5,18-34,Mixed,7240.0,1,유지,2026-01-08,확인필요,22,2.5,메가,브랜디드콘텐츠,2026-06-13,567611,https://yt3.ggpht.com/UzmTRZnU82XU3fg5jsY-jTiDjxivnIELGm00uwYW2JeSiP4kTYMjGcU1TJ9VUqmBoz6r2uPP=s240-c-k-c0x00ffffff-no-rj,UCoQy2wS5aiKCk-rUXiLS-vQ,https://www.youtube.com/channel/UCoQy2wS5aiKCk-rUXiLS-vQ
CR_YT_0684,빅씨스 Bigsis,@yt_ucfdkqip,YouTube,피트니스,다이어트,Korea,1070000,335570,4697980,7.81,2.1,25-44,Mixed,8543.0,12,상승,2026-04-25,없음,11,5.0,메가,PPL,2026-06-13,179068,https://yt3.ggpht.com/RMju_0_IrRmCQ4O_kDqdTQxZ0nXv4hS9axoIQiG_LhYajtvICw4jZvNfAIjxYRPQGJVOMLVa=s240-c-k-c0x00ffffff-no-rj,UCfDkQiPchwM0F2SkHWl5JYQ,https://www.youtube.com/channel/UCfDkQiPchwM0F2SkHWl5JYQ
CR_YT_0685,최PD | 서울여행·서울맛집,@yt_ucm6un2q,YouTube,푸드,쿠킹,Korea,1070000,5345,48105,4.5,4.3,18-34,Mixed,2939.0,2,상승,2026-05-23,없음,28,4.2,메가,제품리뷰,2026-06-13,2072,https://yt3.ggpht.com/a9eeJyzPnqZTfUnc1B0zzWtJQc23TlHNng9KnQZoX0vaCbiabHZlRmlaLf_tdRUXayTID0Zj=s240-c-k-c0x00ffffff-no-rj,UCM6un2qLc1IzMcZ5z-VxlNQ,https://www.youtube.com/channel/UCM6un2qLc1IzMcZ5z-VxlNQ
CR_YT_0686,코미디티비 Comedy TV,@yt_uchcsy2h,YouTube,엔터테인먼트,브이로그,Korea,1070000,92388,1385820,7.0,4.9,18-34,Mixed,2927.0,12,상승,2026-06-03,없음,23,5.0,메가,PPL,2026-06-13,33687,https://yt3.ggpht.com/6RrqBJeAHkYjZuDBwZj2gORQkUB9EUDPt7yIj-_6jrjj7uBrFRN5Sgg49SMI5lRNM-EKSWzn=s240-c-k-c0x00ffffff-no-rj,UCHcsy2HkeLAus-43nKDm09Q,https://www.youtube.com/channel/UCHcsy2HkeLAus-43nKDm09Q
CR_YT_0687,캘리뷰calliview,@yt_uc1s5yjp,YouTube,라이프스타일,브이로그,Korea,1070000,1962365,23548380,3.54,3.1,18-34,Mixed,7900.0,16,상승,2026-03-18,없음,18,5.0,메가,PPL,2026-06-13,1010728,https://yt3.ggpht.com/Im50YcKshd4UYWF8zyr_Oy5Z8ZAcHDaTJmg_fPA-YPQJmqq4HLC_dvqWlw9NWOjUIRh8FV9kWU0=s240-c-k-c0x00ffffff-no-rj,UC1s5Yjpwj0u2MlWo997xO9A,https://www.youtube.com/channel/UC1s5Yjpwj0u2MlWo997xO9A
CR_YT_0688,UPVOTE Entertainment,@yt_uckumvfn,YouTube,엔터테인먼트,리액션,Korea,1060000,202604,1823436,1.48,2.4,18-34,Mixed,3557.0,12,하락,2026-06-12,없음,22,5.0,메가,PPL,2026-06-13,59365,https://yt3.ggpht.com/ytc/AIdro_nl33fwfF0dbt4hBQED6rdd7-tjfj7ANvOnv1kauQAryLg=s240-c-k-c0x00ffffff-no-rj,UCKUMvfnMBsZBOe8h7ze_hiw,https://www.youtube.com/channel/UCKUMvfnMBsZBOe8h7ze_hiw
CR_YT_0689,다흑,@yt_ucwl9oal,YouTube,라이프스타일,일상,Korea,1060000,221304,2655648,6.16,2.8,18-34,Mixed,7167.0,16,하락,2026-02-04,없음,25,5.0,메가,PPL,2026-06-13,122668,https://yt3.ggpht.com/ytc/AIdro_kiiVeKTBqPQKy9r1oiNfZGw-DYIiguLDhJxnYE9tmZ8fY=s240-c-k-c0x00ffffff-no-rj,UCwl9OALh8IMwSv_kFdHlMDA,https://www.youtube.com/channel/UCwl9OALh8IMwSv_kFdHlMDA
CR_YT_0690,밍모,@yt_ucgjaqle,YouTube,게임,게임플레이,Korea,1060000,233668,4206024,5.37,2.0,18-34,Male,13481.0,1,유지,2026-01-20,없음,16,4.0,메가,제품리뷰,2026-06-13,188651,https://yt3.ggpht.com/LjKjyz4LI2NRNa0pbryc1_Ap6-Ub670iKWTM7KJMKi66urlKsUuLmS_aTcvMGPa77Mg1RQYeHg=s240-c-k-c0x00ffffff-no-rj,UCgjaQlejpAnIu0q-xtVfTEw,https://www.youtube.com/channel/UCgjaQlejpAnIu0q-xtVfTEw
CR_YT_0691,yoyo camp,@yt_uc3m_fgq,YouTube,여행,여행리뷰,Korea,1060000,1298701,20779216,7.16,4.0,25-44,Mixed,12285.0,16,하락,2026-02-15,없음,12,5.0,메가,PPL,2026-06-13,499853,https://yt3.ggpht.com/ar69QbhGMNWG0wi6L8yG27spByShq1I3VATeCHq958njaM_L-gvkesKZryvDrbTe6F0fIynO=s240-c-k-c0x00ffffff-no-rj,UC3M_fgqX8UcUtt9MLyS9xdw,https://www.youtube.com/channel/UC3M_fgqX8UcUtt9MLyS9xdw
CR_YT_0692,냥이아빠,@yt_uc5aaf4_,YouTube,라이프스타일,일상,Korea,1050000,626999,12539980,8.37,2.4,18-34,Mixed,3712.0,4,상승,2026-02-19,없음,17,5.0,메가,브랜디드콘텐츠,2026-06-13,530152,https://yt3.ggpht.com/9WwVSqVqMn3pBRvbBgJxjLnOTLi3pUCBo-5tOJ-3rvMiLwHima5JsP7YSEsGytWP0FpbtwKa7w=s240-c-k-c0x00ffffff-no-rj,UC5AAf4_zZxk-mCl46TogZQQ,https://www.youtube.com/channel/UC5AAf4_zZxk-mCl46TogZQQ
CR_YT_0693,허미노MINO,@yt_uctvknzs,YouTube,푸드,먹방,Korea,1050000,174120,1567080,5.5,4.4,18-34,Mixed,14526.0,2,상승,2026-06-05,없음,19,4.5,메가,제품리뷰,2026-06-13,66412,https://yt3.ggpht.com/hbVhV-2fRG4rOqwRJAfNGFqMKtRf7pL6cYMYa6lrLr8u2rYaZ7UEyW63-WrBV-rE7XR9mOA2zn4=s240-c-k-c0x00ffffff-no-rj,UCtvKnzSHvW8XUxfwpYkGrvQ,https://www.youtube.com/channel/UCtvKnzSHvW8XUxfwpYkGrvQ
CR_YT_0694,조나단,@yt_ucm9rx3e,YouTube,엔터테인먼트,버라이어티,Korea,1050000,415754,4573294,8.37,3.9,18-34,Mixed,7663.0,1,하락,2026-01-17,없음,22,4.0,메가,브랜디드콘텐츠,2026-06-13,107471,https://yt3.ggpht.com/VSy6WcCqLMg-xWeXXMKKF8s8YvtkIiD_7qeEiX5ffynqh0PmPAleYqARdg1GTkUMb59pyqeT7g=s240-c-k-c0x00ffffff-no-rj,UCM9Rx3EqBJ-jMhD2E8Gjb4g,https://www.youtube.com/channel/UCM9Rx3EqBJ-jMhD2E8Gjb4g
CR_YT_0695,Again 가요톱10 : KBS KPOP Classic,@yt_ucmz19ai,YouTube,엔터테인먼트,버라이어티,Korea,1050000,108333,1841661,1.02,2.8,18-34,Mixed,11069.0,12,유지,2026-05-17,없음,19,5.0,메가,브랜디드콘텐츠,2026-06-13,48483,https://yt3.ggpht.com/ytc/AIdro_kIonNlsMzY8cEQTl4v0pWp2egY1qcnXRDydXNZDWF5Yhs=s240-c-k-c0x00ffffff-no-rj,UCmZ19AIj_wcpwRcqG7p9L8g,https://www.youtube.com/channel/UCmZ19AIj_wcpwRcqG7p9L8g
CR_YT_0696,교양 Voyage,@yt_uce8hrlh,YouTube,엔터테인먼트,리액션,Korea,1050000,50000,850000,4.98,3.4,18-34,Mixed,5183.0,8,유지,2026-05-13,없음,8,5.0,메가,브랜디드콘텐츠,2026-06-13,24849,https://yt3.ggpht.com/mnF9SLZKRsx5EU6XjGIi2Y__qs8gFdwe4V4bnWRPRElKHKZTygK4pDcuOe7x3i5iKfaU9glq=s240-c-k-c0x00ffffff-no-rj,UCe8HrlhMkYlQ_61EjrrQlHw,https://www.youtube.com/channel/UCe8HrlhMkYlQ_61EjrrQlHw
CR_YT_0697,라이브 아카데미,@yt_ucgda1e6,YouTube,교육,강의,Korea,1050000,81799,1226985,4.64,2.1,25-44,Mixed,13817.0,16,하락,2026-01-02,확인필요,19,3.5,메가,스폰서십,2026-06-13,42817,https://yt3.ggpht.com/slJ2YqSVuYaLw4vlXlNFXcJj4Tsjvi5q7BkwATphwBKiwcDM9sdRzgIDAf3Dg4lnNHnkQQS_=s240-c-k-c0x00ffffff-no-rj,UCGDA1e6qQSAH0R9hoip9VrA,https://www.youtube.com/channel/UCGDA1e6qQSAH0R9hoip9VrA
CR_YT_0698,OH MY GIRL,@yt_uc-qykzk,YouTube,엔터테인먼트,버라이어티,Korea,1050000,658342,9216788,1.15,3.7,18-34,Mixed,6645.0,1,상승,2026-02-12,없음,19,4.0,메가,브랜디드콘텐츠,2026-06-13,256910,https://yt3.ggpht.com/DwBkz492nVeg3R9Rbxmo4y8QiCTI8Nm3Ui-m2-t3pKR371_u8_oqVplLZ37bCmmVbt_3z8WbkrM=s240-c-k-c0x00ffffff-no-rj,UC-qYkzKFdekoEniRu_FS3zg,https://www.youtube.com/channel/UC-qYkzKFdekoEniRu_FS3zg
CR_YT_0699,디렉터 파이,@yt_ucqrnqg3,YouTube,뷰티,스킨케어,Korea,1040000,326409,4243317,5.51,2.3,18-34,Female,9092.0,8,유지,2026-01-28,없음,32,4.7,메가,제품리뷰,2026-06-13,129783,https://yt3.ggpht.com/sgmfCWMLBpbJ2lV1phGzw0HNXhJLF20iximSFFyqnzi54wT_Uiu9s-1rc5-Y_7_BNCd66ZA0=s240-c-k-c0x00ffffff-no-rj,UCqrNqg3UgVoD3Sa-F_TxuSA,https://www.youtube.com/channel/UCqrNqg3UgVoD3Sa-F_TxuSA
CR_YT_0700,램램,@yt_uchdsnk3,YouTube,게임,e스포츠,Korea,1040000,366911,5503665,3.23,2.2,18-34,Male,14181.0,4,하락,2026-01-25,없음,38,4.2,메가,스폰서십,2026-06-13,159028,https://yt3.ggpht.com/8EjpgGxXbMp_8en4INEcXgaITXK3nEkMVFUZfb_zWgJ5OlYIbqDaXT9KPLmZ8LWIxRduXaPjkg=s240-c-k-c0x00ffffff-no-rj,UCHdsNK3SJi7tI85f4XPy7zA,https://www.youtube.com/channel/UCHdsNK3SJi7tI85f4XPy7zA
CR_YT_0701,찰스엔터,@yt_uccz-gbd,YouTube,라이프스타일,브이로그,Korea,1040000,710900,12796200,1.5,4.9,18-34,Mixed,12792.0,1,상승,2026-04-24,없음,29,3.7,메가,PPL,2026-06-13,431879,https://yt3.ggpht.com/ytc/AIdro_l2dPj4s4Mx0qh3CarWH48OAAJ9Hxb7Hl8-crZSnFE8zA=s240-c-k-c0x00ffffff-no-rj,UCCZ-gBdN59pF39tbm16xvdQ,https://www.youtube.com/channel/UCCZ-gBdN59pF39tbm16xvdQ
CR_YT_0702,KBS 히스토리,@yt_ucjpqsby,YouTube,교육,강의,Korea,1040000,137133,1097064,5.51,2.2,25-44,Mixed,4776.0,16,유지,2026-06-08,없음,8,5.0,메가,제품리뷰,2026-06-13,33315,https://yt3.ggpht.com/A8EHyXRSmeG2ksYF3QtrIvWUJO_XrFGksaHId8HLjr0nmhmABxYAHnTYDQEiTplI3YS5CPQe=s240-c-k-c0x00ffffff-no-rj,UCjPqSbyqm5IZEoXu7I-KPag,https://www.youtube.com/channel/UCjPqSbyqm5IZEoXu7I-KPag
CR_YT_0703,한국고전영화 Korean Classic Film,@yt_ucvh6u_q,YouTube,엔터테인먼트,예능,Korea,1040000,680379,13607580,7.42,4.4,18-34,Mixed,7231.0,12,유지,2026-01-07,없음,5,5.0,메가,PPL,2026-06-13,448041,https://yt3.ggpht.com/ytc/AIdro_ngKclRiL8_hYq7M0Cx8T8pU-_m9aIco2DOghy5t5vo5g=s240-c-k-c0x00ffffff-no-rj,UCvH6u_Qzn5RQdz9W198umDw,https://www.youtube.com/channel/UCvH6u_Qzn5RQdz9W198umDw
CR_YT_0704,SBS 옛날 드라마 - 빽드,@yt_uc41vyqs,YouTube,엔터테인먼트,버라이어티,Korea,1030000,130000,1950000,5.2,2.3,18-34,Mixed,12691.0,1,하락,2026-04-01,없음,9,4.0,메가,PPL,2026-06-13,69033,https://yt3.ggpht.com/ioNH-yn97H6Tw6Q5kyQ3HATu_IZZs13Mlpv4ECMXYtUPBsLXq9vCuwfnDeIT2HBGGBo6KVPa=s240-c-k-c0x00ffffff-no-rj,UC41Vyqs1wSY0FTMqDsLsELA,https://www.youtube.com/channel/UC41Vyqs1wSY0FTMqDsLsELA
CR_YT_0705,삼대장 Samdaejang,@yt_uca56qkm,YouTube,엔터테인먼트,리액션,Korea,1030000,417061,5838854,5.47,2.6,18-34,Mixed,5019.0,2,유지,2026-05-30,확인필요,7,3.0,메가,PPL,2026-06-13,201825,https://yt3.ggpht.com/ytc/AIdro_mPexOBTkrh8RWfDjADt_ubO927eIdW3_IKW7AzWCAuHA=s240-c-k-c0x00ffffff-no-rj,UCa56qkMvVvq1IMn4xbXaKEA,https://www.youtube.com/channel/UCa56qkMvVvq1IMn4xbXaKEA
CR_YT_0706,핫소스,@yt_ucf2ecgh,YouTube,라이프스타일,리뷰,Korea,1030000,1451612,23225792,1.68,2.9,18-34,Mixed,617.0,4,하락,2026-01-15,없음,23,5.0,메가,PPL,2026-06-13,962203,https://yt3.ggpht.com/MwrNX-40K7CQRTNsOVR_jVYYILGKl30ZHGy7nw2ifmx_AcL-RUp67XGdj7vNV2lsQ8CCfMRrLz8=s240-c-k-c0x00ffffff-no-rj,UCF2ecghgS_p1F925r-cIfdQ,https://www.youtube.com/channel/UCF2ecghgS_p1F925r-cIfdQ
CR_YT_0707,Charming Jo 조매력,@yt_uce_56kq,YouTube,엔터테인먼트,예능,Korea,1030000,238893,2627823,7.18,4.6,18-34,Mixed,3405.0,8,상승,2026-02-18,없음,27,4.7,메가,PPL,2026-06-13,92409,https://yt3.ggpht.com/vLGWFg0Y3URjiGjVsHFTjbk5gIGgNoqy6U4_6TMwbLDcpBDXMoeW5UZ5OTFhJ1sGyFU2PsNMxA=s240-c-k-c0x00ffffff-no-rj,UCe_56kQF1IGSZv1_5FWtVDQ,https://www.youtube.com/channel/UCe_56kQF1IGSZv1_5FWtVDQ
CR_YT_0708,김진짜 Real KIM,@yt_uchb4gts,YouTube,피트니스,헬스,Korea,1020000,466165,8390970,6.03,3.4,25-44,Mixed,8708.0,16,유지,2026-04-18,없음,26,4.7,메가,PPL,2026-06-13,288931,https://yt3.ggpht.com/dd6FSb0ceiFOZtcaaMP2IsKUShrLr7k4Q03y0SCBaG103BNaUs3vnc_vw8Ix063w-UfuTPvX1w=s240-c-k-c0x00ffffff-no-rj,UChb4gtsgSdwMDktdLukfrfw,https://www.youtube.com/channel/UChb4gtsgSdwMDktdLukfrfw
CR_YT_0709,소녀의행성 Girlsplanet,@yt_uc-iypdo,YouTube,라이프스타일,리뷰,Korea,1020000,561471,7299123,4.13,4.4,18-34,Mixed,554.0,1,상승,2026-04-30,없음,36,3.2,메가,PPL,2026-06-13,197951,https://yt3.ggpht.com/dr1s79wyeMFNH7280eM6Gti0Rys_dLTWzDGvquNYIbJgGHwoC1ERXj-yie8HDhgiMcS68Uhhxg=s240-c-k-c0x00ffffff-no-rj,UC-IYpdOqjkER7B6cnChwlhA,https://www.youtube.com/channel/UC-IYpdOqjkER7B6cnChwlhA
CR_YT_0710,슈뻘맨 [슈퍼 뻘짓 도전기],@yt_ucxzx953,YouTube,엔터테인먼트,버라이어티,Korea,1020000,721769,12270073,4.35,4.3,18-34,Mixed,5951.0,20,유지,2026-04-03,없음,26,4.7,메가,브랜디드콘텐츠,2026-06-13,347323,https://yt3.ggpht.com/5LQfBkhwyD03_ICPGgINhCihrr-8Jdo92wigOFIgKb0WZJkEcbdQlTlr07kzd4E17puhN6c=s240-c-k-c0x00ffffff-no-rj,UCXZx953K0FgkT3H2FaFAcew,https://www.youtube.com/channel/UCXZx953K0FgkT3H2FaFAcew
CR_YT_0711,[ALTUBE] 김성현TV,@yt_ucotjtp0,YouTube,피트니스,운동,Korea,1020000,334069,2672552,0.74,2.3,25-44,Mixed,8992.0,4,유지,2026-02-20,없음,33,4.7,메가,제품리뷰,2026-06-13,66957,https://yt3.ggpht.com/rPX128JQx5kdqJ0pEFDoF5dnIoiS_HZqF2jfPaUXZJH3SKrJOUVNeWeZxttyKkdu4BATdAshzg=s240-c-k-c0x00ffffff-no-rj,UCOTJtP0Z9DjpPU43B5m1V6A,https://www.youtube.com/channel/UCOTJtP0Z9DjpPU43B5m1V6A
CR_YT_0712,잠골버스,@yt_ucrzpcsm,YouTube,엔터테인먼트,예능,Korea,1020000,615079,6765869,2.25,2.8,18-34,Mixed,4066.0,2,상승,2026-03-09,없음,26,4.2,메가,브랜디드콘텐츠,2026-06-13,202721,https://yt3.ggpht.com/ytc/AIdro_m2xvYcMz6KCh8UMGMiqqWEuAm9Mt4skjIc1uGfc9Fx5IA=s240-c-k-c0x00ffffff-no-rj,UCrZpcsm1OVzHRJswMxJ2lzg,https://www.youtube.com/channel/UCrZpcsm1OVzHRJswMxJ2lzg
CR_YT_0713,KBS StarTV: 인물사전,@yt_ucgsjrpg,YouTube,엔터테인먼트,버라이어티,Korea,1020000,226573,2039157,5.92,3.1,18-34,Mixed,3548.0,20,유지,2026-04-06,없음,12,5.0,메가,PPL,2026-06-13,48579,https://yt3.ggpht.com/Jw3joavhpkr-BE6v-zDsYrFL5feBqT1V_JzKM2IyrkYNDZuq6Ci08GT4bgS9bMdacEgWi2fMLu4=s240-c-k-c0x00ffffff-no-rj,UCGsJRpGI3iFpf0lIUIgbsBw,https://www.youtube.com/channel/UCGsJRpGI3iFpf0lIUIgbsBw
CR_YT_0714,꽥,@yt_ucvz0sjn,YouTube,게임,게임리뷰,Korea,1020000,650118,11702124,4.72,4.4,18-34,Male,1448.0,12,상승,2026-02-19,없음,32,4.7,메가,제품리뷰,2026-06-13,319839,https://yt3.ggpht.com/ZzieqF1sxTcNgVJomSG1u-DRloWf8pOTfKLBQaJDKxv5300ExHEeDbvgIv8w2lxVoAkURfmd6j4=s240-c-k-c0x00ffffff-no-rj,UCVZ0SJNurJAv-6hV5VEGB2A,https://www.youtube.com/channel/UCVZ0SJNurJAv-6hV5VEGB2A
CR_YT_0715,라이징 보이스 | RISING VOICE,@yt_ucabd8xh,YouTube,엔터테인먼트,버라이어티,Korea,1010000,95432,1526912,3.49,3.8,18-34,Mixed,11565.0,16,하락,2026-02-08,없음,20,5.0,메가,PPL,2026-06-13,49102,https://yt3.ggpht.com/2UHZlYniM_tAxI51ADzDALXKCwQ7ESS7G5arSCZrP2oo36M_DPTUpiKGDKVNz_W-DRSbTGAedCM=s240-c-k-c0x00ffffff-no-rj,UCAbd8xHBGObktNG6F4GeChA,https://www.youtube.com/channel/UCAbd8xHBGObktNG6F4GeChA
CR_YT_0716,옆집언니 최실장 stylist unnie,@yt_uczyb6ya,YouTube,뷰티,뷰티리뷰,Korea,1010000,240641,3128333,5.54,2.8,18-34,Female,13345.0,2,상승,2026-05-01,없음,37,3.7,메가,제품리뷰,2026-06-13,91036,https://yt3.ggpht.com/M9w7rbq8CY099Qo-3q6K560r_8aNIDVkyIpdcnNpav0ta2iknW7_IujWt0RYZMQTJCipZ8s5=s240-c-k-c0x00ffffff-no-rj,UCzYB6YA5f-Tc7GQcIese7pg,https://www.youtube.com/channel/UCzYB6YA5f-Tc7GQcIese7pg
CR_YT_0717,태요미네,@yt_uc_kkiqw,YouTube,라이프스타일,일상,Korea,1010000,1184995,23699900,1.02,3.5,18-34,Mixed,8024.0,20,상승,2026-05-15,없음,37,4.2,메가,브랜디드콘텐츠,2026-06-13,919912,https://yt3.ggpht.com/NU1DrWW9UoIsX99YKWClBDSqKD0RpBa2X02C3QIWky2a_XSAEpQD1LxVU50_jx2QFNMWcrkO=s240-c-k-c0x00ffffff-no-rj,UC_kKiqWnnxAQjUAjVirtCFA,https://www.youtube.com/channel/UC_kKiqWnnxAQjUAjVirtCFA
CR_YT_0718,Reyong ASMR 리용,@yt_ucg5p3ng,YouTube,푸드,레시피,Korea,1010000,1369047,26011893,8.15,3.4,18-34,Mixed,11964.0,12,상승,2026-02-21,없음,30,4.7,메가,먹방협찬,2026-06-13,900278,https://yt3.ggpht.com/ytc/AIdro_llE-JgLdQIT8M5xNEQeMhMgN5XNvQbmI41xSCaWUPuekY=s240-c-k-c0x00ffffff-no-rj,UCG5P3NG_mE2wsmZpHbioujQ,https://www.youtube.com/channel/UCG5P3NG_mE2wsmZpHbioujQ
CR_YT_0719,K-Culture NOW by 연합뉴스,@yt_uchzw_7m,YouTube,엔터테인먼트,예능,Korea,1010000,56250,843750,3.67,2.9,18-34,Mixed,5925.0,8,하락,2026-01-22,없음,15,5.0,메가,브랜디드콘텐츠,2026-06-13,36681,https://yt3.ggpht.com/pIntaB1ImJDw4pDvufsq_qdRDrdOyexE-U9I9jgOYJfswtn0TyFONnsfRFGyOMuBXhcLTN1RiuE=s240-c-k-c0x00ffffff-no-rj,UCHzW_7Mf8G0JxP4b0LoAd7A,https://www.youtube.com/channel/UCHzW_7Mf8G0JxP4b0LoAd7A
CR_YT_0720,NH농협은행,@yt_ucmkkfji,YouTube,라이프스타일,일상,Korea,1010000,419776,5037312,3.31,3.8,18-34,Mixed,6678.0,8,유지,2026-04-05,없음,37,4.2,메가,브랜디드콘텐츠,2026-06-13,169783,https://yt3.ggpht.com/TuXF3NPi2Pt6GADWeHGxDh4N1Xc_zz5S8KNXeo2aZWYt1lVOARcPMWa2F6741fDFJDpnIljc=s240-c-k-c0x00ffffff-no-rj,UCmkkFJIalgnWovxFigYK2EA,https://www.youtube.com/channel/UCmkkFJIalgnWovxFigYK2EA
CR_YT_0721,Troom Troom Kr,@yt_uclsxh8k,YouTube,뷰티,스킨케어,Korea,1000000,209617,4192340,2.68,2.1,18-34,Female,1600.0,8,상승,2026-03-12,없음,19,5.0,메가,제품리뷰,2026-06-13,146491,https://yt3.ggpht.com/ytc/AIdro_nlOvML-NecUcdBN9ThtlFcPzHVpaIwY_vKa69qcHZneA=s240-c-k-c0x00ffffff-no-rj,UClSxH8KQdfytf2raNAByMiA,https://www.youtube.com/channel/UClSxH8KQdfytf2raNAByMiA
CR_YT_0722,구불,@yt_ucb_gewo,YouTube,엔터테인먼트,리액션,Korea,1000000,765432,8419752,1.07,2.1,18-34,Mixed,5274.0,2,유지,2026-06-04,없음,26,4.2,메가,브랜디드콘텐츠,2026-06-13,215794,https://yt3.ggpht.com/9MmcW1YfvZF-a0DP50Ruz6HISwIfns_-JrYyooUzUi9yZVpn2QGBE-qKU2FaiXq4KLtfuRIZsQ=s240-c-k-c0x00ffffff-no-rj,UCb_GEWOGkCTXawWZKDtALwg,https://www.youtube.com/channel/UCb_GEWOGkCTXawWZKDtALwg
CR_YT_0723,카랑Karang,@yt_uccfz-8g,YouTube,엔터테인먼트,브이로그,Korea,1000000,1001669,10016690,6.52,4.2,18-34,Mixed,4587.0,4,유지,2026-05-29,없음,5,5.0,메가,PPL,2026-06-13,467072,https://yt3.ggpht.com/BiKXtvU_71mOW0jsKbTraXktRO7zm8TVzoNltXeiEA-IpxO1aIwiURvC4109Rdk-AzMriHlVSg=s240-c-k-c0x00ffffff-no-rj,UCcfz-8gGDYJfaRHYD7kkQpw,https://www.youtube.com/channel/UCcfz-8gGDYJfaRHYD7kkQpw
CR_YT_0724,SEBIN,@yt_ucpothjf,YouTube,엔터테인먼트,브이로그,Korea,1000000,75124,1502480,4.28,3.5,18-34,Mixed,3800.0,20,상승,2026-05-13,없음,14,5.0,메가,브랜디드콘텐츠,2026-06-13,58031,https://yt3.ggpht.com/7Za2gym5Qav4W_cAFPewJkPtg61rUsdujzdH-b5oJpe0H8Rt4gD5aToZn_t8RvGT2cL8jpUa5_E=s240-c-k-c0x00ffffff-no-rj,UCpOtHjfr_hcAhPTky6OWcHA,https://www.youtube.com/channel/UCpOtHjfr_hcAhPTky6OWcHA
CR_YT_0725,KBSKids,@yt_ucdxb-xq,YouTube,교육,강의,Korea,1000000,143307,2436219,6.56,4.2,13-17,Mixed,5040.0,8,상승,2026-02-23,없음,26,4.7,메가,스폰서십,2026-06-13,101523,https://yt3.ggpht.com/72HQ3LCKfbukLsUHal4WV3II4m83L9kOCbzCdJ60Prem_ddml9IuWSkk-tI6sG24s8piWCHL6V4=s240-c-k-c0x00ffffff-no-rj,UCdXB-xqrg37isIQwF0Z5-Dw,https://www.youtube.com/channel/UCdXB-xqrg37isIQwF0Z5-Dw
CR_YT_0726,밀라논나 Milanonna,@yt_ucxxlcph,YouTube,라이프스타일,리뷰,Korea,1000000,582010,8730150,4.97,3.1,18-34,Mixed,11198.0,12,유지,2026-03-28,없음,13,5.0,메가,브랜디드콘텐츠,2026-06-13,295364,https://yt3.ggpht.com/ytc/AIdro_mLy9yUCtQPDbW84bYC0VF1BEheZYhKS9BfuWiilPe4zg=s240-c-k-c0x00ffffff-no-rj,UCXXlcPH1stsP3VwYG90s4wg,https://www.youtube.com/channel/UCXXlcPH1stsP3VwYG90s4wg
CR_YT_0727,스몽땅,@yt_uck_ymta,YouTube,피트니스,운동,Korea,1000000,106666,1173326,5.99,3.2,25-44,Mixed,9011.0,20,하락,2026-02-09,없음,39,4.2,메가,제품리뷰,2026-06-13,38852,https://yt3.ggpht.com/9WUaIrugJZuTD2IyyZ-wAM3iGjfcqg6nWWzgQBeAVzo4Jv9KdAqIcKkysGa8WbMq-l9QgXjVDg=s240-c-k-c0x00ffffff-no-rj,UCk_Ymtay-8Epn0mB_37Htdg,https://www.youtube.com/channel/UCk_Ymtay-8Epn0mB_37Htdg
CR_YT_0728,에나스쿨 ENA School,@yt_uczniutc,YouTube,엔터테인먼트,예능,Korea,999000,1054808,13712504,6.89,4.7,18-34,Mixed,3461.0,12,유지,2026-02-18,없음,30,4.7,매크로,PPL,2026-06-13,501755,https://yt3.ggpht.com/_9CdKKvQNpQDqnzMzW91r60bIocblmQe5Y0cXJ6jc_Zpy7C80PAlh4C-NWLksGmL7wqO7qB2uiI=s240-c-k-c0x00ffffff-no-rj,UCZniutcfkGfffyL9__BXo6g,https://www.youtube.com/channel/UCZniutcfkGfffyL9__BXo6g
CR_YT_0729,과나gwana,@yt_uczvd--c,YouTube,엔터테인먼트,예능,Korea,999000,1714285,25714275,5.06,3.4,18-34,Mixed,10286.0,4,상승,2026-01-07,없음,10,5.0,매크로,PPL,2026-06-13,665182,https://yt3.ggpht.com/smMgeKIeyewpqrnAozyjcknKv-wxoMB-8RDU_GYvZdyt7GZpDGUD_UbW77Mf_ybmeMb06T1JPQ=s240-c-k-c0x00ffffff-no-rj,UCZVD--cl8FLRn7kmSudAuBA,https://www.youtube.com/channel/UCZVD--cl8FLRn7kmSudAuBA
CR_YT_0730,킴성태TV,@yt_ucaalhok,YouTube,게임,게임리뷰,Korea,997000,376081,3760810,7.79,3.2,18-34,Male,8104.0,2,유지,2026-05-13,없음,19,4.5,매크로,스폰서십,2026-06-13,105214,https://yt3.ggpht.com/ytc/AIdro_kblg45EIsy8otvQCXIc1a6Y8JqNjAS3i8NcmXD-2E-TXw=s240-c-k-c0x00ffffff-no-rj,UCAaLhok91QDrweyuDRsmjqQ,https://www.youtube.com/channel/UCAaLhok91QDrweyuDRsmjqQ
CR_YT_0731,xikers,@yt_ucptc0mx,YouTube,엔터테인먼트,브이로그,Korea,994000,47945,383560,7.38,3.2,18-34,Mixed,6567.0,2,상승,2026-02-03,없음,12,4.5,매크로,브랜디드콘텐츠,2026-06-13,10487,https://yt3.ggpht.com/oYRChuHXJETRXgiVk2rV-PJgcJkbaTZYQtqwlJ1gWgXd8dfpyl5_IDZZVQA4fUtnBZso92NT=s240-c-k-c0x00ffffff-no-rj,UCPtC0MXSW40Qq7RkhsCXjUQ,https://www.youtube.com/channel/UCPtC0MXSW40Qq7RkhsCXjUQ
CR_YT_0732,Family Kim 패밀리김,@yt_ucsiafwi,YouTube,여행,여행리뷰,Korea,993000,566502,6231522,7.04,4.0,25-44,Mixed,7786.0,2,유지,2026-01-02,없음,24,4.5,매크로,스폰서십,2026-06-13,190441,https://yt3.ggpht.com/DXZ8RGGnNvBQsrDcQQdmYyDG6tdPr-_CVvsYDpaTfEx1PrlNkRAF9mZS2MKnGahG9Lao_ynW=s240-c-k-c0x00ffffff-no-rj,UCsIAfWi3uxjnQPpdvBgBI4Q,https://www.youtube.com/channel/UCsIAfWi3uxjnQPpdvBgBI4Q
CR_YT_0733,MBC 미스터리 : 심야괴담회 X 서프라이즈,@yt_uc8ousym,YouTube,엔터테인먼트,브이로그,Korea,992000,118110,1181100,7.1,3.8,18-34,Mixed,8754.0,2,유지,2026-05-28,없음,38,3.7,매크로,PPL,2026-06-13,39842,https://yt3.ggpht.com/G6vj53__urOavkCAHXdstboebdENvtYJ0MQX6FAqhY9gPhLguHSzQLmxDOvJWKSjS1JMcBwYEQM=s240-c-k-c0x00ffffff-no-rj,UC8OUSYm-ztRAT6EE6VHPpGw,https://www.youtube.com/channel/UC8OUSYm-ztRAT6EE6VHPpGw
CR_YT_0734,가로세로연구소,@yt_uc0m-_02,YouTube,엔터테인먼트,브이로그,Korea,991000,86956,695648,2.8,4.6,18-34,Mixed,10819.0,8,유지,2026-04-17,없음,27,4.7,매크로,브랜디드콘텐츠,2026-06-13,28199,https://yt3.ggpht.com/4lXjHHWrnjOHI0QWK7v3xhbedQ8PzxagJlnh5A4bsB3eufY5WUKf8L2oZUwuhEu8xpStGMTAm0I=s240-c-k-c0x00ffffff-no-rj,UC0M-_02RJqMlGTKUjF1WhJg,https://www.youtube.com/channel/UC0M-_02RJqMlGTKUjF1WhJg
CR_YT_0735,1분드라마모음zip,@yt_ucxr89be,YouTube,엔터테인먼트,버라이어티,Korea,991000,1528468,16813148,5.44,3.3,18-34,Mixed,1885.0,8,상승,2026-03-12,없음,16,5.0,매크로,브랜디드콘텐츠,2026-06-13,462756,https://yt3.ggpht.com/WOSBoUTg9nHf1hZyzINRfsanZIlpeA_UwCzuQc35SsmrUNge-cwKoHYBf1kStXToEn-_uZLhmA=s240-c-k-c0x00ffffff-no-rj,UCxr89be3loUcLGYCAIcj-yw,https://www.youtube.com/channel/UCxr89be3loUcLGYCAIcj-yw
CR_YT_0736,스포타임,@yt_ucnxnukj,YouTube,피트니스,운동,Korea,990000,106666,1919988,5.83,2.2,25-44,Mixed,6464.0,16,하락,2026-01-20,없음,18,5.0,매크로,PPL,2026-06-13,68890,https://yt3.ggpht.com/G2lASKfm7KYhJP1l_qdeR5bPimAkRW5Q8z_ePYAX-uxSf_SdknnHNvHQ0G4vSoVD5kVTgLmq=s240-c-k-c0x00ffffff-no-rj,UCnXNukjRxXGD8aeZGRV-lYg,https://www.youtube.com/channel/UCnXNukjRxXGD8aeZGRV-lYg
CR_YT_0737,자취남,@yt_uctyhcl8,YouTube,라이프스타일,브이로그,Korea,990000,294117,5882340,6.63,3.0,18-34,Mixed,7838.0,8,유지,2026-06-13,없음,15,5.0,매크로,PPL,2026-06-13,151697,https://yt3.ggpht.com/T7xtosUDbcJ0MKEQpBIKoiXQAtwQaykIj06dUmVMyQmk1v_vzmQdrmU1PRaJd8LYE-DrKcAx=s240-c-k-c0x00ffffff-no-rj,UCtYHCl8yhhvpWfcvdA_sCVg,https://www.youtube.com/channel/UCtYHCl8yhhvpWfcvdA_sCVg
CR_YT_0738,공부의신 강성태,@yt_ucslgkki,YouTube,교육,정보,Korea,985000,117187,2226553,4.2,3.0,25-44,Mixed,656.0,8,상승,2026-03-25,없음,17,5.0,매크로,제품리뷰,2026-06-13,87053,https://yt3.ggpht.com/ytc/AIdro_nbmR-RVEpaWW2rmYYtsmkUF2qQLoY-F1vxEzwtqQK8-Fg=s240-c-k-c0x00ffffff-no-rj,UCsLgKKiv8kDDGy1stC8BxVA,https://www.youtube.com/channel/UCsLgKKiv8kDDGy1stC8BxVA
CR_YT_0739,GABEE GIRL,@yt_ucoc-zgu,YouTube,엔터테인먼트,리액션,Korea,984000,1010719,18192942,4.38,2.2,18-34,Mixed,6847.0,12,유지,2026-02-13,없음,20,5.0,매크로,브랜디드콘텐츠,2026-06-13,742316,https://yt3.ggpht.com/ZnQAhtSfw2hGKPa47OhrX_V1MGx5a6uOohdfu6p3TJxiiMgUrr1x5tgSjHbAtDDvXQgPNLXK=s240-c-k-c0x00ffffff-no-rj,UCoC-ZGuPCvJJrbcz9eMW8zw,https://www.youtube.com/channel/UCoC-ZGuPCvJJrbcz9eMW8zw
CR_YT_0740,쿡피아 Cookpia,@yt_ucyn7aox,YouTube,푸드,쿠킹,Korea,984000,383944,3071552,1.92,2.4,18-34,Mixed,10235.0,16,상승,2026-02-09,없음,30,4.7,매크로,제품리뷰,2026-06-13,115172,https://yt3.ggpht.com/ytc/AIdro_lGOCoc7ImL3I4iFcqIpYSQhp-TqxNVaA_-oxwlSISl=s240-c-k-c0x00ffffff-no-rj,UCyn7aoxdLNDZG2ZXXLoVCNQ,https://www.youtube.com/channel/UCyn7aoxdLNDZG2ZXXLoVCNQ
CR_YT_0741,supershinstudio,@yt_uc9ddp1j,YouTube,엔터테인먼트,예능,Korea,980000,68571,1028565,2.23,2.1,18-34,Mixed,10603.0,16,하락,2026-03-20,없음,39,4.2,매크로,PPL,2026-06-13,32593,https://yt3.ggpht.com/ytc/AIdro_ncaDvupu_O5uKRAF-mX_M1WpqPSTJQY-X1_ZWWEm8gtZ8=s240-c-k-c0x00ffffff-no-rj,UC9dDP1j40hd0YfjaGClE6lw,https://www.youtube.com/channel/UC9dDP1j40hd0YfjaGClE6lw
CR_YT_0742,U.M.A.우마,@yt_ucripmq2,YouTube,엔터테인먼트,버라이어티,Korea,979000,1282051,19230765,0.54,4.3,18-34,Mixed,5932.0,20,상승,2026-01-05,없음,17,5.0,매크로,브랜디드콘텐츠,2026-06-13,472237,https://yt3.ggpht.com/ytc/AIdro_k5Pf6BloOWQY6FROkYnVGiDh0ZI_Er5YA946YBFwyqvw=s240-c-k-c0x00ffffff-no-rj,UCriPmQ2RpvdNSZkMwuOmTnQ,https://www.youtube.com/channel/UCriPmQ2RpvdNSZkMwuOmTnQ
CR_YT_0743,PianiCast,@yt_ucpgzyaf,YouTube,엔터테인먼트,버라이어티,Korea,977000,3421052,47894728,0.62,4.5,18-34,Mixed,13293.0,16,상승,2026-04-17,없음,9,5.0,매크로,브랜디드콘텐츠,2026-06-13,1148772,https://yt3.ggpht.com/8_nt_Cetn0cxbSaWfimPPDAH5lspF0f2CJYjNoNFkIpqYNIIoWSmtmg8D1eBuKq_aKchr0OO=s240-c-k-c0x00ffffff-no-rj,UCPGZyaFaJe0IXRIhVFXatBQ,https://www.youtube.com/channel/UCPGZyaFaJe0IXRIhVFXatBQ
CR_YT_0744,밍꼬발랄Mingggo,@yt_uccjkwrm,YouTube,엔터테인먼트,예능,Korea,976000,1854460,29671360,3.12,3.7,18-34,Mixed,6228.0,2,유지,2026-02-24,없음,18,4.5,매크로,브랜디드콘텐츠,2026-06-13,766884,https://yt3.ggpht.com/ytc/AIdro_keSxDKJ4cZTyw8MQz5Gy_OcC5GyLr_-FeaLCRpaQrInAc=s240-c-k-c0x00ffffff-no-rj,UCCJkwrmhIqWkSFV-sQol4Qw,https://www.youtube.com/channel/UCCJkwrmhIqWkSFV-sQol4Qw
CR_YT_0745,십이층,@yt_ucepdafp,YouTube,엔터테인먼트,리액션,Korea,976000,1167002,10503018,1.89,3.2,18-34,Mixed,7152.0,4,상승,2026-01-12,없음,5,5.0,매크로,PPL,2026-06-13,332456,https://yt3.ggpht.com/_brhig0xD5t2GPO7x4C8icISW07BbAd0pVDsGWy7kRId9OYh3BWuOa6piHPO7QYmVax-f406=s240-c-k-c0x00ffffff-no-rj,UCePdAFPZ5985Y7nPuUcx7uw,https://www.youtube.com/channel/UCePdAFPZ5985Y7nPuUcx7uw
CR_YT_0746,TV생물도감,@yt_ucgsgpel,YouTube,교육,스터디,Korea,975000,564971,5084739,3.79,4.3,25-44,Mixed,11973.0,8,하락,2026-01-25,없음,11,5.0,매크로,스폰서십,2026-06-13,223698,https://yt3.ggpht.com/Re4zeHhu6tVivQvMf2JvefVECywBROj-iV_ijRTOveYJ3QCeoYCHCmflTF1BmtumHSeh_LHB=s240-c-k-c0x00ffffff-no-rj,UCgsgpELbaTiGjCHIjHVF8uQ,https://www.youtube.com/channel/UCgsgpELbaTiGjCHIjHVF8uQ
CR_YT_0747,몽중다과Mongsweets,@yt_ucguziej,YouTube,뷰티,뷰티리뷰,Korea,974000,1818181,30909077,5.55,3.2,18-34,Female,9713.0,20,유지,2026-01-18,없음,13,5.0,매크로,PPL,2026-06-13,955139,https://yt3.ggpht.com/HjyODMn0f2AgcHTFu5dJcbhu-hJvUMdk-nI-yleubvIeYrTat6i5XbpvGW4ZLC64Srlz6T-kzg=s240-c-k-c0x00ffffff-no-rj,UCguzIEj_YJl_z7X89mJ03ow,https://www.youtube.com/channel/UCguzIEj_YJl_z7X89mJ03ow
CR_YT_0748,봉준,@yt_uc69umhr,YouTube,라이프스타일,브이로그,Korea,973000,160975,2092675,7.8,3.3,18-34,Mixed,10717.0,12,상승,2026-06-07,없음,19,5.0,매크로,PPL,2026-06-13,49690,https://yt3.ggpht.com/JDRVXUNUzt4r1EYle_ijcnJXyhaipoMoNoGOzBlg2ZDqLz4VHPbYMHMmMl1hxRBS5Ds35BchFQ=s240-c-k-c0x00ffffff-no-rj,UC69uMhRJcUnvMnMxKT2SS0w,https://www.youtube.com/channel/UC69uMhRJcUnvMnMxKT2SS0w
CR_YT_0749,이상호,@yt_ucfiuuma,YouTube,게임,게임플레이,Korea,973000,300312,6006240,2.97,4.2,18-34,Male,1369.0,20,유지,2026-02-21,없음,20,5.0,매크로,스폰서십,2026-06-13,265825,https://yt3.ggpht.com/kIYN06qpQsJ12QOUYAON3tGhCixYhAfyGZBT_y_aWhJcHUghleWBr8k6h26ZCQESS9v96zwfTXI=s240-c-k-c0x00ffffff-no-rj,UCfIUuMA7U_jImP7oWfTe4Pw,https://www.youtube.com/channel/UCfIUuMA7U_jImP7oWfTe4Pw
CR_YT_0750,[아라] Ara,@yt_uceecgze,YouTube,푸드,먹방,Korea,972000,563380,5633800,5.64,2.7,18-34,Mixed,5266.0,16,유지,2026-05-14,없음,33,4.7,매크로,먹방협찬,2026-06-13,180849,https://yt3.ggpht.com/ytc/AIdro_nd7_aNTkb8prQNOYeMg3EN4Exis7uRUq48inkk2JmYcg=s240-c-k-c0x00ffffff-no-rj,UCeecGzePjdbiD563eJ3Pcyg,https://www.youtube.com/channel/UCeecGzePjdbiD563eJ3Pcyg
CR_YT_0751,하알라,@yt_ucvwmcrm,YouTube,엔터테인먼트,버라이어티,Korea,972000,913539,18270780,5.68,2.9,18-34,Mixed,5303.0,1,상승,2026-03-05,없음,19,4.0,매크로,브랜디드콘텐츠,2026-06-13,843073,https://yt3.ggpht.com/ytc/AIdro_nXtAPAQb-7fUMlKF6Zm8bFdN00NFr6xNtzZF4U6cVJVQ=s240-c-k-c0x00ffffff-no-rj,UCVWmCRMdvjvxV2NNX-GaUIQ,https://www.youtube.com/channel/UCVWmCRMdvjvxV2NNX-GaUIQ
CR_YT_0752,히스토리,@yt_ucrlm0mw,YouTube,엔터테인먼트,예능,Korea,972000,215053,4301060,6.26,3.8,18-34,Mixed,6914.0,8,상승,2026-01-18,없음,38,4.2,매크로,PPL,2026-06-13,169339,https://yt3.ggpht.com/-mh3Ms0JWgXwJnblrfjTIMlMn9L3K8hLxySKl-idTzgHRZTu-_83WtJi0xPA88AE0J27oBSzxg=s240-c-k-c0x00ffffff-no-rj,UCRLM0MWS7m8vXzQ_5z2e7fA,https://www.youtube.com/channel/UCRLM0MWS7m8vXzQ_5z2e7fA
CR_YT_0753,KBS COMEDY: 크큭티비,@yt_ucxvfodm,YouTube,엔터테인먼트,버라이어티,Korea,968000,150909,1659999,8.44,4.8,18-34,Mixed,8458.0,2,상승,2026-04-20,없음,10,4.5,매크로,브랜디드콘텐츠,2026-06-13,40751,https://yt3.ggpht.com/W8dwCXTUX9ZwsRufGW3zNpdB2J178RzsdA97WqYaColzGLgxBIYCM6guRvSu6Y7b90bS6lV0vA=s240-c-k-c0x00ffffff-no-rj,UCXVfodmlGhUpLREncSjuYAw,https://www.youtube.com/channel/UCXVfodmlGhUpLREncSjuYAw
CR_YT_0754,인싸가족,@yt_ucgy7pwy,YouTube,라이프스타일,일상,Korea,968000,517448,9831512,1.81,2.6,18-34,Mixed,4895.0,8,하락,2026-03-11,없음,16,5.0,매크로,PPL,2026-06-13,336549,https://yt3.ggpht.com/nBIHi8B5uI2zrWEQTMxe0IMlfv21Vl13ehoBc3ZkvNzEV_XdDq4uvhMs3q792H-7nPghvtl2=s240-c-k-c0x00ffffff-no-rj,UCgY7PwYABVXoOWk8K_zODGQ,https://www.youtube.com/channel/UCgY7PwYABVXoOWk8K_zODGQ
CR_YT_0755,빨강도깨비,@yt_uckndftz,YouTube,엔터테인먼트,브이로그,Korea,966000,760233,15204660,8.11,3.1,18-34,Mixed,6629.0,8,하락,2026-05-04,없음,15,5.0,매크로,브랜디드콘텐츠,2026-06-13,525482,https://yt3.ggpht.com/ytc/AIdro_mG3ozqTeOkrVpIQ61X8m4C7gUudiO2rvuuASskh0nmRtg=s240-c-k-c0x00ffffff-no-rj,UCKNdfTZCJuOQfWN5Pe5UAAQ,https://www.youtube.com/channel/UCKNdfTZCJuOQfWN5Pe5UAAQ
CR_YT_0756,deemd 딤디,@yt_ucrflv9c,YouTube,라이프스타일,일상,Korea,966000,544217,4353736,3.92,2.2,18-34,Mixed,11036.0,4,유지,2026-03-20,없음,39,4.2,매크로,브랜디드콘텐츠,2026-06-13,178989,https://yt3.ggpht.com/X5hRJMxV6ms30Mp-sziGT9cDqCuO9vac-mngNDvrbYoTCAlUDhO5yUdIx5LOSD0YrbCZaAi_=s240-c-k-c0x00ffffff-no-rj,UCrFlv9c4LItVlIMCC2p6LOg,https://www.youtube.com/channel/UCrFlv9c4LItVlIMCC2p6LOg
CR_YT_0757,nacoco music,@yt_ucx1ufnw,YouTube,라이프스타일,브이로그,Korea,964000,363321,5449815,5.0,3.4,18-34,Mixed,3338.0,4,상승,2026-05-09,없음,13,5.0,매크로,PPL,2026-06-13,163178,https://yt3.ggpht.com/buYYCSde9YHFUWqeVKLZtuI4D-BLrKJtPLblb3ZBTaVqcbLOK4YtK-M6TPkJethxV2CH2-3tpg=s240-c-k-c0x00ffffff-no-rj,UCX1ufnWuZ45jZeoJZQIUlFg,https://www.youtube.com/channel/UCX1ufnWuZ45jZeoJZQIUlFg
CR_YT_0758,도영도영이,@yt_ucw_vhcl,YouTube,라이프스타일,브이로그,Korea,964000,322580,6129020,4.43,4.8,18-34,Mixed,4963.0,8,하락,2026-01-10,없음,28,4.7,매크로,브랜디드콘텐츠,2026-06-13,246742,https://yt3.ggpht.com/ytc/AIdro_la4HwkxJzSNOj3ZBHNQr1CHWRVRKSaLY8KAIw0humTVHg=s240-c-k-c0x00ffffff-no-rj,UCw_VHcLeiSSXA8SSk0dbwkA,https://www.youtube.com/channel/UCw_VHcLeiSSXA8SSk0dbwkA
CR_YT_0759,하와이 대저택,@yt_uco-e0j-,YouTube,라이프스타일,리뷰,Korea,961000,151663,1364967,5.02,2.6,18-34,Mixed,11398.0,8,유지,2026-06-12,없음,21,5.0,매크로,브랜디드콘텐츠,2026-06-13,44105,https://yt3.ggpht.com/7BGNovOC5ne2wGiEg9S0lOl1neiIvmxrT3M-N0o4_plYvpZmb8zAtuLBahuWRdIpgyRlSpfk8A=s240-c-k-c0x00ffffff-no-rj,UCO-e0J-Qsilkv_4tBa3LyYw,https://www.youtube.com/channel/UCO-e0J-Qsilkv_4tBa3LyYw
CR_YT_0760,영자씨의 부엌Young-Ja's Kitchen,@yt_uc2gasvq,YouTube,푸드,쿠킹,Korea,960000,129171,2454249,0.96,3.2,18-34,Mixed,1000.0,8,유지,2026-02-07,없음,20,5.0,매크로,먹방협찬,2026-06-13,78349,https://yt3.ggpht.com/x4MF-_-rv-NujWtUYezJbOBU4EAXYiez1ugXo03qI-ACt2FPMfY0prwZxb5ITzcI3ZIS4q1d=s240-c-k-c0x00ffffff-no-rj,UC2gasvQVxOdRht9ykwhxwjw,https://www.youtube.com/channel/UC2gasvQVxOdRht9ykwhxwjw
CR_YT_0761,LJ Dance,@yt_uctyaktw,YouTube,엔터테인먼트,브이로그,Korea,959000,40824,489888,8.05,2.4,18-34,Mixed,11679.0,2,유지,2026-05-13,확인필요,15,3.0,매크로,브랜디드콘텐츠,2026-06-13,18351,https://yt3.ggpht.com/KSgt2ACYw2Kw19B7mU2dzVqJwm1J1XFU2dc1AhNNQZ7aTkKaI0Y0jKlBfj9exj1H5QpblUtL=s240-c-k-c0x00ffffff-no-rj,UCtyAkTwx8HfZ8gm4fqlJdVQ,https://www.youtube.com/channel/UCtyAkTwx8HfZ8gm4fqlJdVQ
CR_YT_0762,김달 (Moon),@yt_ucewmuxn,YouTube,엔터테인먼트,리액션,Korea,959000,511152,5622672,1.83,3.3,18-34,Mixed,8231.0,16,유지,2026-01-23,없음,24,5.0,매크로,PPL,2026-06-13,246123,https://yt3.ggpht.com/ucbUEe6LsLHVKpZ7mZho_jR_8ggA96xg0MAYFdR9ga4btiZhTgha4ceTbGFhLRLmX231Oq0BLg=s240-c-k-c0x00ffffff-no-rj,UCEwmUXNK69iAugMEahY7glA,https://www.youtube.com/channel/UCEwmUXNK69iAugMEahY7glA
CR_YT_0763,골드쿠폰라이브,@yt_ucrrvm6w,YouTube,푸드,쿠킹,Korea,957000,5231,47079,6.71,3.0,18-34,Mixed,13985.0,2,유지,2026-01-02,없음,22,4.5,매크로,제품리뷰,2026-06-13,1797,https://yt3.ggpht.com/oUovn4ZDHgINy5sBiICMLxHyINYFHTX2HfA2j1vmVm_cISPuHOW2neRw5BfXm8oBRHR78veHKg=s240-c-k-c0x00ffffff-no-rj,UCRrVM6wIWVdXsVP4b669tBg,https://www.youtube.com/channel/UCRrVM6wIWVdXsVP4b669tBg
CR_YT_0764,New k-pop 뉴케이팝,@yt_uchp9h7x,YouTube,엔터테인먼트,버라이어티,Korea,955000,6583,65830,0.51,2.2,18-34,Mixed,9991.0,16,유지,2026-04-06,없음,31,4.7,매크로,브랜디드콘텐츠,2026-06-13,2790,https://yt3.ggpht.com/pB3vOA3bbvY7ANRMCpBuUmDiC6P0AJmqNkZVhcwqJOp9InFzIajk0vrgdtC0z0UB0cRmKVEXeME=s240-c-k-c0x00ffffff-no-rj,UCHP9h7X1oGcbKXkCpp9DsUA,https://www.youtube.com/channel/UCHP9h7X1oGcbKXkCpp9DsUA
CR_YT_0765,JK 아트사커 온라인,@yt_uct8dszl,YouTube,피트니스,운동,Korea,950000,1436217,14362170,2.08,2.5,25-44,Mixed,3582.0,1,상승,2026-02-19,없음,33,3.7,매크로,제품리뷰,2026-06-13,571055,https://yt3.ggpht.com/ytc/AIdro_nkmG8kZghuHSYUefdNpDxGLvAWVOkdVCVZ1u_EF3e7JuI=s240-c-k-c0x00ffffff-no-rj,UCT8DsZlac7D1_dx6d8Kh_Qw,https://www.youtube.com/channel/UCT8DsZlac7D1_dx6d8Kh_Qw
CR_YT_0766,타임스낵,@yt_ucvi7eyz,YouTube,엔터테인먼트,예능,Korea,950000,616174,7394088,7.47,3.3,18-34,Mixed,2909.0,12,유지,2026-02-01,없음,11,5.0,매크로,PPL,2026-06-13,342115,https://yt3.ggpht.com/_zsQcYwAGEA6TFfan4p_2CTrmKV-RANi6DDJG2AC9U3oDGIv4c_z7khjXWsFh9rQY0yNBM8b-g=s240-c-k-c0x00ffffff-no-rj,UCvi7EYzMlfSB0ZkX55i5LlA,https://www.youtube.com/channel/UCvi7EYzMlfSB0ZkX55i5LlA
CR_YT_0767,슛뚜sueddu,@yt_ucdm-flp,YouTube,라이프스타일,리뷰,Korea,949000,152390,1828680,0.74,2.7,18-34,Mixed,4358.0,8,상승,2026-01-25,확인필요,11,3.5,매크로,PPL,2026-06-13,45411,https://yt3.ggpht.com/x30tlPDv8o8C1XCD3zGK5oCnZKw16P7v4d235mBblrpv3L58ev2JHW2Yc52MmrFX7VtNpFjn=s240-c-k-c0x00ffffff-no-rj,UCdM-fLpO0Nv67NLDofSl9yA,https://www.youtube.com/channel/UCdM-fLpO0Nv67NLDofSl9yA
CR_YT_0768,원지의하루,@yt_uc9gxop_,YouTube,라이프스타일,리뷰,Korea,948000,599455,6594005,0.56,3.8,18-34,Mixed,7362.0,20,유지,2026-03-28,없음,22,5.0,매크로,브랜디드콘텐츠,2026-06-13,234226,https://yt3.ggpht.com/9sL4Gyl9760iIOp00wR7T7JQHBMwyjXUNXIVfUBbdXohBy8GAxG6vN_TyqvlWmGcOllcJBKcJTM=s240-c-k-c0x00ffffff-no-rj,UC9gxOp_-R78phMHmv2bW_sg,https://www.youtube.com/channel/UC9gxOp_-R78phMHmv2bW_sg
CR_YT_0769,혜진쓰 Hyejin's,@yt_ucu4x3za,YouTube,라이프스타일,일상,Korea,948000,1178045,15314585,3.24,2.9,18-34,Mixed,5987.0,2,상승,2026-01-26,없음,28,4.2,매크로,브랜디드콘텐츠,2026-06-13,600996,https://yt3.ggpht.com/ytc/AIdro_lIc6Z42QwOO0XdNRGCMWaHamoZAMe8yg8KzJouJcGTtw=s240-c-k-c0x00ffffff-no-rj,UCu4X3ZAoq6nToNJNNoQuICA,https://www.youtube.com/channel/UCu4X3ZAoq6nToNJNNoQuICA
CR_YT_0770,문 Moon ASMR,@yt_uce08n-u,YouTube,푸드,쿠킹,Korea,948000,5730337,45842696,6.09,4.2,18-34,Mixed,13101.0,2,유지,2026-04-05,없음,6,4.5,매크로,먹방협찬,2026-06-13,1558412,https://yt3.ggpht.com/A3PFXRJPwpqheX18OR9c7d49n9AYO9bxpPl4Aaj_E4cjcxOyIlFiCWsKnMGgqi8giFED5LaXsQ=s240-c-k-c0x00ffffff-no-rj,UCE08n-U77ct__v9qSpcBqPQ,https://www.youtube.com/channel/UCE08n-U77ct__v9qSpcBqPQ
CR_YT_0771,최민준의 아들TV,@yt_uc5m1d4s,YouTube,교육,스터디,Korea,948000,302325,4534875,5.77,3.4,25-44,Mixed,9752.0,8,유지,2026-01-12,확인필요,17,3.5,매크로,스폰서십,2026-06-13,171243,https://yt3.ggpht.com/ytc/AIdro_mmCaYuLoTrlFE_dilc_nO82WFqF8mbngkjLIgHSIRwuQ=s240-c-k-c0x00ffffff-no-rj,UC5m1d4sPHnpcLCJEu3j2FpQ,https://www.youtube.com/channel/UC5m1d4sPHnpcLCJEu3j2FpQ
CR_YT_0772,Music Drawing,@yt_uce_z-lf,YouTube,엔터테인먼트,브이로그,Korea,948000,1272727,25454540,5.92,2.7,18-34,Mixed,12012.0,8,유지,2026-01-26,없음,30,4.7,매크로,PPL,2026-06-13,1030967,https://yt3.ggpht.com/ytc/AIdro_lNyktKrKz8okL_2Xab_Z-2ARg291ZU6eEmkAR-8w4AE3g=s240-c-k-c0x00ffffff-no-rj,UCe_z-lf1t3vPM0FE61ILj9A,https://www.youtube.com/channel/UCe_z-lf1t3vPM0FE61ILj9A
CR_YT_0773,이연복의 복주머니,@yt_ucaaka9c,YouTube,라이프스타일,브이로그,Korea,946000,349650,6643350,5.36,4.1,18-34,Mixed,11880.0,20,하락,2026-05-08,없음,38,4.2,매크로,PPL,2026-06-13,214669,https://yt3.ggpht.com/4CNefptBEn0CyqDgWcf3nUO6uhkvRwa_ZneC7U0M50tFTcdZ3xO-nc5cdoqbRqSOWzGNZM7xWVQ=s240-c-k-c0x00ffffff-no-rj,UCaAka9CN4naD3FzHX6AvpqA,https://www.youtube.com/channel/UCaAka9CN4naD3FzHX6AvpqA
CR_YT_0774,다람냥-Daram Slime,@yt_ucmmytzz,YouTube,엔터테인먼트,브이로그,Korea,946000,1007137,20142740,7.16,5.0,18-34,Mixed,6971.0,20,상승,2026-03-04,없음,34,4.7,매크로,브랜디드콘텐츠,2026-06-13,510929,https://yt3.ggpht.com/CFZfq24hp78b86vApGkLADT7ZBUSEPCxDhukQ8x2x5c5iEP4eexw3y01lQ8i95u48Exp4T6JMKY=s240-c-k-c0x00ffffff-no-rj,UCMMyTzzyz9oH2c4XSaeKyDQ,https://www.youtube.com/channel/UCMMyTzzyz9oH2c4XSaeKyDQ
CR_YT_0775,지식코리야,@yt_ucppmdym,YouTube,테크,언박싱,Korea,945000,1413881,15552691,8.05,4.1,25-44,Male,924.0,1,유지,2026-02-26,없음,32,3.7,매크로,언박싱협찬,2026-06-13,424745,https://yt3.ggpht.com/mEyr3EJQOFgJUwqSniAjintfkDhGZqN0AULK5a9y5e5IQYvmfSt6xMsPz0qA4ZpSEnNcXxOTOqE=s240-c-k-c0x00ffffff-no-rj,UCPPmdyMlzN4pB0dTDOmQyvw,https://www.youtube.com/channel/UCPPmdyMlzN4pB0dTDOmQyvw
CR_YT_0776,스튜디오시원 StudioC1,@yt_uciwwova,YouTube,엔터테인먼트,예능,Korea,945000,262543,4988317,4.31,4.7,18-34,Mixed,9686.0,1,유지,2026-02-27,없음,13,4.0,매크로,PPL,2026-06-13,146380,https://yt3.ggpht.com/j3pDzlua1I8Ih5cfQt1ifLCAt0FWU96reY6KY8f9Itx6doS6oLHO892lg03NPpbDJpF8A5eh=s240-c-k-c0x00ffffff-no-rj,UCIwwoVAosjU8uE7pgNj_vAQ,https://www.youtube.com/channel/UCIwwoVAosjU8uE7pgNj_vAQ
CR_YT_0777,Soy ASMR,@yt_ucppyonu,YouTube,라이프스타일,브이로그,Korea,944000,385232,6548944,5.31,3.9,18-34,Mixed,11884.0,8,유지,2026-03-08,없음,29,4.7,매크로,PPL,2026-06-13,269911,https://yt3.ggpht.com/ytc/AIdro_n8omloTSWEmnABRx6j5F542WTA_SDN5WDY-SF8kPgbVTw=s240-c-k-c0x00ffffff-no-rj,UCPpYonu8HMQCvNVcG2xYgwA,https://www.youtube.com/channel/UCPpYonu8HMQCvNVcG2xYgwA
CR_YT_0778,랄라TV,@yt_ucupa-gj,YouTube,게임,게임리뷰,Korea,944000,685552,6169968,1.39,3.0,18-34,Male,2184.0,12,유지,2026-04-08,없음,17,5.0,매크로,스폰서십,2026-06-13,185856,https://yt3.ggpht.com/BEE2oJMJmg6eXqwas6FjUCnhMcxgSdSO5SAzzjdHOhP0DdtY-kTBzVu14ZlC9UBQOQOrRXB70w=s240-c-k-c0x00ffffff-no-rj,UCUPa-gJcbYG9Ql8b9H9FBbg,https://www.youtube.com/channel/UCUPa-gJcbYG9Ql8b9H9FBbg
CR_YT_0779,tvN SPORTS,@yt_uctybqqa,YouTube,피트니스,헬스,Korea,944000,124909,2123453,2.99,3.8,25-44,Mixed,5135.0,2,유지,2026-05-14,없음,29,4.2,매크로,제품리뷰,2026-06-13,86059,https://yt3.ggpht.com/HEtOomFsC1AEbmypTxft75WBbNSLS28LBNB5bCvjeOvWJaE5Of8sPkiHxxA9gHvEccxqVFUgHQ=s240-c-k-c0x00ffffff-no-rj,UCtybqqaTj6Nx74Azdz1KrsA,https://www.youtube.com/channel/UCtybqqaTj6Nx74Azdz1KrsA
CR_YT_0780,박재홍의 한판승부,@yt_ucv9giwa,YouTube,엔터테인먼트,버라이어티,Korea,943000,48750,877500,2.28,3.2,18-34,Mixed,12334.0,12,유지,2026-04-27,없음,34,4.7,매크로,PPL,2026-06-13,32793,https://yt3.ggpht.com/guZNvXSgAM9HUoqEmZFqv3cGB5tY2kJA3-2MA4M8T6tx8w-8-oI7XYj1uhu60LcUvUf7jPDS=s240-c-k-c0x00ffffff-no-rj,UCV9gIwasozKlwz5U2Sa2q6g,https://www.youtube.com/channel/UCV9gIwasozKlwz5U2Sa2q6g
CR_YT_0781,예상치 못한 필름,@yt_ucpcdvbu,YouTube,엔터테인먼트,리액션,Korea,943000,1176470,11764700,1.67,4.0,18-34,Mixed,4979.0,20,상승,2026-06-11,없음,7,5.0,매크로,PPL,2026-06-13,439617,https://yt3.ggpht.com/ebCEL1Wackbh6e6ifg2YOByKBenpdX2UMEvo9eBPsVALGupiftlAG4kchdrLu2uIV7gVaQ7ccQ=s240-c-k-c0x00ffffff-no-rj,UCpCDVbUD-3-A_SIfHuGNdFA,https://www.youtube.com/channel/UCpCDVbUD-3-A_SIfHuGNdFA
CR_YT_0782,젊은시각,@yt_ucucecsh,YouTube,엔터테인먼트,예능,Korea,942000,202342,2225762,6.13,3.1,18-34,Mixed,10893.0,20,상승,2026-05-05,없음,26,4.7,매크로,브랜디드콘텐츠,2026-06-13,77643,https://yt3.ggpht.com/C8PJM7OIQZvFa8M1pH759iw5nnntfnlR8PGwb32heYmjKLnuwt_xGTHTh7MvcMabLA-5CM_3GA=s240-c-k-c0x00ffffff-no-rj,UCuCECsh_wb-C4loI4xboWVw,https://www.youtube.com/channel/UCuCECsh_wb-C4loI4xboWVw
CR_YT_0783,이연LEEYEON,@yt_uckw7jsu,YouTube,뷰티,스킨케어,Korea,941000,173053,3288007,8.38,4.0,18-34,Female,8445.0,20,유지,2026-03-31,없음,15,5.0,매크로,PPL,2026-06-13,106779,https://yt3.ggpht.com/ytc/AIdro_kJpY3KP7IdxwwyHqcWJL_iXKveUnDsiqPXaQ3EGklk-Dk=s240-c-k-c0x00ffffff-no-rj,UCKw7Jsu2cMU_D4yK8VMms1Q,https://www.youtube.com/channel/UCKw7Jsu2cMU_D4yK8VMms1Q
CR_YT_0784,똘킹,@yt_ucnqrkih,YouTube,게임,게임리뷰,Korea,940000,784190,15683800,1.07,4.2,18-34,Male,8446.0,4,상승,2026-05-29,없음,17,5.0,매크로,스폰서십,2026-06-13,509176,https://yt3.ggpht.com/ytc/AIdro_nhS33tu45bcNhCgkmKykO8o92Lq20pLjGqlmutQs6bXL8=s240-c-k-c0x00ffffff-no-rj,UCnQRkIhRmXrxGrK4-8n-lVw,https://www.youtube.com/channel/UCnQRkIhRmXrxGrK4-8n-lVw
CR_YT_0785,세진 SEJIN,@yt_ucblo7ha,YouTube,엔터테인먼트,리액션,Korea,939000,1307420,26148400,7.98,2.9,18-34,Mixed,6907.0,16,유지,2026-02-23,없음,15,5.0,매크로,브랜디드콘텐츠,2026-06-13,643151,https://yt3.ggpht.com/UoQ49F6LfK5_zyqU3QPZdQDB3uCNqNd3dmU3dfn-tyhFRSZP7dGtVu0jtL_BhLNiukkjE7oy6g=s240-c-k-c0x00ffffff-no-rj,UCBLO7HA_4Kw-sp8WLed2WrA,https://www.youtube.com/channel/UCBLO7HA_4Kw-sp8WLed2WrA
CR_YT_0786,바다곰 조해웅,@yt_ucto4z9g,YouTube,라이프스타일,일상,Korea,937000,335078,3685858,2.07,4.0,18-34,Mixed,14833.0,4,상승,2026-02-13,없음,11,5.0,매크로,브랜디드콘텐츠,2026-06-13,155180,https://yt3.ggpht.com/RqmLSiOhU9zcU0ip5vSnprqYuDJ5RTXw5ZclaPfybxmFJWVbRkuh2jNbMXuR0wGsrSGaQE2mKA=s240-c-k-c0x00ffffff-no-rj,UCTo4z9G0AMGtEo3N6A6SSeQ,https://www.youtube.com/channel/UCTo4z9G0AMGtEo3N6A6SSeQ
CR_YT_0787,김성회의 G식백과,@yt_ucz0bi2a,YouTube,게임,게임플레이,Korea,936000,502717,4021736,8.29,2.5,18-34,Male,9926.0,1,하락,2026-06-10,없음,12,4.0,매크로,제품리뷰,2026-06-13,102853,https://yt3.ggpht.com/QdNUmlHPUq8iyHgU-7TZWnNjAXOa3vmb-fWVStmBJdUXmoPzCNr-0iaHkfeBgglYnYnVfBE_kA=s240-c-k-c0x00ffffff-no-rj,UCZ0bi2aVJngKLwFTU5g_fLQ,https://www.youtube.com/channel/UCZ0bi2aVJngKLwFTU5g_fLQ
CR_YT_0788,차도르,@yt_uctj_00n,YouTube,피트니스,헬스,Korea,936000,486537,9244203,0.77,2.7,25-44,Mixed,14341.0,8,유지,2026-04-29,없음,24,5.0,매크로,제품리뷰,2026-06-13,302838,https://yt3.ggpht.com/uzkvLBuF5Ijf9yRIKGi7LnuJkpFeHPFaI6wN4PxJQBtev8BFG5AI3T1Bh3WJ5c9dosit9Dej=s240-c-k-c0x00ffffff-no-rj,UCtj_00nn_viF6wJNeqgpEiA,https://www.youtube.com/channel/UCtj_00nn_viF6wJNeqgpEiA
CR_YT_0789,Healing Meditation,@yt_ucw05qeg,YouTube,피트니스,운동,Korea,934000,208023,3744414,5.56,3.3,25-44,Mixed,2270.0,1,하락,2026-05-31,없음,12,4.0,매크로,제품리뷰,2026-06-13,120753,https://yt3.ggpht.com/stN6mOeQLVwGysGVdjW9nW0UT8_PrNQ5cHbE-Hxe2ukvK_KJVUXX1Nky8-vRxMDWPsIlN8ZdOg=s240-c-k-c0x00ffffff-no-rj,UCW05QegDy11rAFRhuyED-8A,https://www.youtube.com/channel/UCW05QegDy11rAFRhuyED-8A
CR_YT_0790,사랑아놀자(Let's Play SARANG),@yt_ucsmkpwg,YouTube,엔터테인먼트,리액션,Korea,933000,490654,8341118,4.34,4.1,18-34,Mixed,14999.0,1,유지,2026-01-26,없음,16,4.0,매크로,브랜디드콘텐츠,2026-06-13,386790,https://yt3.ggpht.com/G183O0zQZ_eap_pB4Te2oxVibmBoOXBxf75tAc7SYCOMd95mBKxJHayeBQ3NINXgtCGgzJiw5L0=s240-c-k-c0x00ffffff-no-rj,UCSmKpwGictx2FI3kUIGFV6A,https://www.youtube.com/channel/UCSmKpwGictx2FI3kUIGFV6A
CR_YT_0791,메타코미디클럽,@yt_uc-ocdpf,YouTube,엔터테인먼트,브이로그,Korea,933000,1355311,17619043,7.77,4.4,18-34,Mixed,786.0,2,하락,2026-05-13,없음,30,4.2,매크로,브랜디드콘텐츠,2026-06-13,437215,https://yt3.ggpht.com/m6q-dSSMrgnR6jPfKV31nuhO-P8quUFYckX8Bl4WtW51ZYbW-sxIB3lNcQ0kf1yfetT5ZkQ6YHU=s240-c-k-c0x00ffffff-no-rj,UC-OcDPFxfY9Hhdf5P9zq7-A,https://www.youtube.com/channel/UC-OcDPFxfY9Hhdf5P9zq7-A
CR_YT_0792,테크몽 Techmong,@yt_ucfx6adx,YouTube,테크,IT정보,Korea,932000,285714,4857138,7.05,4.0,25-44,Male,13515.0,20,상승,2026-01-02,없음,18,5.0,매크로,제품리뷰,2026-06-13,174417,https://yt3.ggpht.com/SN0KJNTKsCoA4GVnJIhi1osLYXNOxtm19jL0N5axhMdjWH149mAzugIcM6reVU7-8lGzlClQ=s240-c-k-c0x00ffffff-no-rj,UCFX6adXoyQKxft933NB3rmA,https://www.youtube.com/channel/UCFX6adXoyQKxft933NB3rmA
CR_YT_0793,TAEYEON Official,@yt_ucfpi8mi,YouTube,엔터테인먼트,예능,Korea,932000,6142322,98277152,3.01,2.1,18-34,Mixed,1773.0,12,유지,2026-02-01,없음,18,5.0,매크로,브랜디드콘텐츠,2026-06-13,3318698,https://yt3.ggpht.com/aHRVVTLEwqxLCeQ2RiHT5CIqEM6hMgd20sl8y3E-ZrmaO74Z9H8n0EAoGLc2iJvbsZEAMfxMPg=s240-c-k-c0x00ffffff-no-rj,UCFPI8MI3zmzTlV4W-oSy-Ig,https://www.youtube.com/channel/UCFPI8MI3zmzTlV4W-oSy-Ig
CR_YT_0794,소근커플 S.K.Couple,@yt_ucoudrzy,YouTube,엔터테인먼트,리액션,Korea,931000,552083,8833328,8.23,2.5,18-34,Mixed,1169.0,16,하락,2026-02-05,없음,5,5.0,매크로,PPL,2026-06-13,267651,https://yt3.ggpht.com/QZ1wXU7x9RiLknEXrkLGyYpOs8SRrGzIWaeiHjGOJ3eSRl-gLeXOGSKM4-Y2uHaldfjh-AjV8A=s240-c-k-c0x00ffffff-no-rj,UCoUDrzyCl1IwU602xdTsM-g,https://www.youtube.com/channel/UCoUDrzyCl1IwU602xdTsM-g
CR_YT_0795,kittypawpaw 키티포포,@yt_uczgrjgd,YouTube,엔터테인먼트,버라이어티,Korea,929000,96884,1647028,3.0,4.7,18-34,Mixed,10475.0,4,상승,2026-02-18,없음,39,4.2,매크로,브랜디드콘텐츠,2026-06-13,57278,https://yt3.ggpht.com/8oFMf2ocvkPFd_psX7wnFT_nfSah3hrjpdmaCgkXy1AppG-LF2oXDbPa1I808OACViO1nUIe=s240-c-k-c0x00ffffff-no-rj,UCzgrJGDFqjYLQpSYdHNfQGw,https://www.youtube.com/channel/UCzgrJGDFqjYLQpSYdHNfQGw
CR_YT_0796,한게임,@yt_ucnz-uun,YouTube,게임,e스포츠,Korea,923000,39531,395310,7.16,4.9,18-34,Male,5706.0,12,상승,2026-01-20,없음,40,4.2,매크로,스폰서십,2026-06-13,11988,https://yt3.ggpht.com/J2JW7m4bbnoG7sbpn6eQmBmxg0KWwvwOt1Ihu1o9AwTA3VCC17pdCQVbIVdesj_vIYlo0QEQkA=s240-c-k-c0x00ffffff-no-rj,UCNZ-uUNhECs6RGqJ2cmBopQ,https://www.youtube.com/channel/UCNZ-uUNhECs6RGqJ2cmBopQ
CR_YT_0797,에스오디 SOD,@yt_ucspmroa,YouTube,테크,IT정보,Korea,919000,162954,2607264,3.55,4.7,25-44,Male,4186.0,8,유지,2026-05-18,없음,34,4.7,매크로,제품리뷰,2026-06-13,76347,https://yt3.ggpht.com/2blVx3rsIkp_x1FNrVmdctIHyZgVAkP7MjiEr4iFqYmbyUDw0pL7IsXq6-XbBVmrzmo7eC5QPg=s240-c-k-c0x00ffffff-no-rj,UCSPMRoAphbObUYeDaX367Fg,https://www.youtube.com/channel/UCSPMRoAphbObUYeDaX367Fg
CR_YT_0798,지식줄고양,@yt_ucpdkaha,YouTube,엔터테인먼트,버라이어티,Korea,918000,2453810,26991910,6.36,5.0,18-34,Mixed,8673.0,16,하락,2026-02-09,없음,17,5.0,매크로,PPL,2026-06-13,674249,https://yt3.ggpht.com/JEsR8eELFPTp5st0x6ot28eHaAsKKO6tRI-KTx9iVOfEyt6M339WMr9jWSMh9394ycavOhKg=s240-c-k-c0x00ffffff-no-rj,UCPDKAhacqpqmP7aXWem3_Jg,https://www.youtube.com/channel/UCPDKAhacqpqmP7aXWem3_Jg
CR_YT_0799,VIVO TV - 비보티비,@yt_ucreo0na,YouTube,엔터테인먼트,브이로그,Korea,917000,315521,4101773,3.97,2.1,18-34,Mixed,2307.0,12,상승,2026-03-26,확인필요,20,3.5,매크로,브랜디드콘텐츠,2026-06-13,190693,https://yt3.ggpht.com/ytc/AIdro_lI4svdTbz3--eTdWMU-AJIKoEuzgd1keymp2dSkygJgjw=s240-c-k-c0x00ffffff-no-rj,UCReO0narAXjFs59KFqqtE8g,https://www.youtube.com/channel/UCReO0narAXjFs59KFqqtE8g
CR_YT_0800,한혜진 Han Hye Jin,@yt_uckvh3vr,YouTube,엔터테인먼트,브이로그,Korea,917000,645161,11612898,7.77,4.3,18-34,Mixed,1920.0,2,상승,2026-02-01,없음,19,4.5,매크로,브랜디드콘텐츠,2026-06-13,295076,https://yt3.ggpht.com/YpqyeRJEHvhpwGFY0DaUzrA4-tNZ5DAtUO7SFiWVt3WmtknbtauFfYYshCmeSa86qTF260KURQ=s240-c-k-c0x00ffffff-no-rj,UCkvh3vrWsoi_cd7HyiikzIQ,https://www.youtube.com/channel/UCkvh3vrWsoi_cd7HyiikzIQ
CR_YT_0801,맛있는 녀석들 (Tasty Guys),@yt_ucsow9tp,YouTube,푸드,먹방,Korea,911000,210399,2103990,7.5,3.8,18-34,Mixed,5559.0,20,하락,2026-06-05,없음,36,4.2,매크로,제품리뷰,2026-06-13,74939,https://yt3.ggpht.com/nKjfKXC3foQmDM7toBfwYkjaFgtphO79sMeb8TahgcnqJ8cESBc3vVNow7FhBSG1jJ9q2Wy3rg=s240-c-k-c0x00ffffff-no-rj,UCsOW9TPy2TKkqCchUHL04Fg,https://www.youtube.com/channel/UCsOW9TPy2TKkqCchUHL04Fg
CR_YT_0802,쿠팡플레이 Coupang Play,@yt_ucjn-vbc,YouTube,엔터테인먼트,브이로그,Korea,908000,394736,3552624,1.87,4.8,18-34,Mixed,11249.0,8,하락,2026-06-01,없음,16,5.0,매크로,PPL,2026-06-13,157215,https://yt3.ggpht.com/4u1D5FrabZOulEgRxoU9tn2GiG4oVDc_ZKZLFbNJCj_DjQiZzrQQ3CFLhRqdBBfXu8FkiK_9pF0=s240-c-k-c0x00ffffff-no-rj,UCjn-VbcIkAeXQKCmLJV8YwQ,https://www.youtube.com/channel/UCjn-VbcIkAeXQKCmLJV8YwQ
CR_YT_0803,Saerom Min개코의 오픈스튜디오,@yt_uci0elru,YouTube,엔터테인먼트,예능,Korea,906000,487804,4878040,5.99,4.1,18-34,Mixed,8730.0,16,유지,2026-03-05,없음,13,5.0,매크로,PPL,2026-06-13,143307,https://yt3.ggpht.com/ijgrqzy_beUuRb6MEHiNeX4ZwYmI0-iBczgFvD0tQ0Ct44b_cA3iLaseZrbcd4nLuqXK3g8=s240-c-k-c0x00ffffff-no-rj,UCI0ELrUDa91NauGqFn1IWow,https://www.youtube.com/channel/UCI0ELrUDa91NauGqFn1IWow
CR_YT_0804,내복곰 Nebokgom,@yt_uc78s1va,YouTube,뷰티,뷰티리뷰,Korea,903000,666666,11999988,6.15,2.5,18-34,Female,4499.0,4,유지,2026-03-20,없음,34,4.7,매크로,제품리뷰,2026-06-13,450436,https://yt3.ggpht.com/ytc/AIdro_l6j1U0ZvibIew7T0fuEOFte9W7J1Xft6X4o2OaP_1ctxw=s240-c-k-c0x00ffffff-no-rj,UC78s1vArhs1jZwf68_adITA,https://www.youtube.com/channel/UC78s1vArhs1jZwf68_adITA
CR_YT_0805,이슈텔러 issueTeller,@yt_ucaxw9ea,YouTube,엔터테인먼트,예능,Korea,902000,8850,159300,8.08,3.2,18-34,Mixed,1612.0,4,상승,2026-05-28,없음,10,5.0,매크로,브랜디드콘텐츠,2026-06-13,6905,https://yt3.ggpht.com/PzlGN4pTPijKexaAS6yDc0jDqLe6Ndu7cHKSLOFl9Kgv4wYsH8KAQ5iChTUpVxSzzKWDO9eUhg=s240-c-k-c0x00ffffff-no-rj,UCAXw9EA1Ruu0Lcg_svVZ6uQ,https://www.youtube.com/channel/UCAXw9EA1Ruu0Lcg_svVZ6uQ
CR_YT_0806,배꼽빌라,@yt_uckkxvsu,YouTube,라이프스타일,리뷰,Korea,902000,645161,5161288,2.79,4.8,18-34,Mixed,6648.0,20,하락,2026-05-03,없음,5,5.0,매크로,PPL,2026-06-13,130616,https://yt3.ggpht.com/ytc/AIdro_mMNo0LoP4tDYndQD0_OJVfUlswjlasB5Qyucq28ZiTh2g=s240-c-k-c0x00ffffff-no-rj,UCKkxVSUMRvmvAXMNzjI03Ag,https://www.youtube.com/channel/UCKkxVSUMRvmvAXMNzjI03Ag
CR_YT_0807,하뉴두뉴,@yt_ucapqf7l,YouTube,엔터테인먼트,브이로그,Korea,898000,1787280,26809200,8.48,4.7,18-34,Mixed,9436.0,16,상승,2026-03-04,없음,12,5.0,매크로,PPL,2026-06-13,947712,https://yt3.ggpht.com/l6USlnZ4Ah-bUm_qTSIAVXQxFAhOdL7d9F9_qMr0LnpYmcIXEI0wGdRX81e5fbLBKHkGn_LW=s240-c-k-c0x00ffffff-no-rj,UCaPQf7L86LkI4SIWE8ov4xg,https://www.youtube.com/channel/UCaPQf7L86LkI4SIWE8ov4xg
CR_YT_0808,180초,@yt_ucv-hjgo,YouTube,엔터테인먼트,버라이어티,Korea,895000,857538,16293222,7.86,5.0,18-34,Mixed,14487.0,12,하락,2026-01-20,없음,7,5.0,매크로,브랜디드콘텐츠,2026-06-13,631537,https://yt3.ggpht.com/yUOiJIrsqPEj-juuQezIWlqnuR4nRm39DdkM1p-bR9sRUO5VJsd-PxbV331rW8e1nxLLP-Fq1w=s240-c-k-c0x00ffffff-no-rj,UCv-HJGOUupbVHCEBRdcLuVA,https://www.youtube.com/channel/UCv-HJGOUupbVHCEBRdcLuVA
CR_YT_0809,윤쨔미 YoonCharmi,@yt_ucqtpau0,YouTube,뷰티,스킨케어,Korea,892000,611764,7952932,4.61,4.9,18-34,Female,5913.0,8,상승,2026-05-19,없음,36,4.2,매크로,제품리뷰,2026-06-13,341336,https://yt3.ggpht.com/GMR0RDQG63UVyQ6Cq_yYJn-96kEMntM___6tjrBsTuW-_yRTcejIeHvQr-4Ndi3mI-VpXAeyaA=s240-c-k-c0x00ffffff-no-rj,UCQtPAu0FjPbA1ku3cA5R2mg,https://www.youtube.com/channel/UCQtPAu0FjPbA1ku3cA5R2mg
CR_YT_0810,TVCHOSUN MUSIC,@yt_uc33yedm,YouTube,엔터테인먼트,버라이어티,Korea,888000,65833,1316660,2.82,3.4,18-34,Mixed,9652.0,4,유지,2026-05-12,확인필요,18,3.5,매크로,PPL,2026-06-13,57075,https://yt3.ggpht.com/zoRFYD94755BA3MJFAXwybz4SHhyR7dhmSnrM4burWHYQg7f-S-qIjWXTy_HmYCoV2LMG4zh=s240-c-k-c0x00ffffff-no-rj,UC33yEDM8q3N8BeMpZMdP66Q,https://www.youtube.com/channel/UC33yEDM8q3N8BeMpZMdP66Q
CR_YT_0811,CRAVITY,@yt_ucrm-0jv,YouTube,엔터테인먼트,리액션,Korea,888000,78966,631728,7.64,4.5,18-34,Mixed,7175.0,1,유지,2026-01-02,확인필요,27,2.2,매크로,브랜디드콘텐츠,2026-06-13,28528,https://yt3.ggpht.com/S7gtCnP_d12WvORF6ND8UMBaYmb2q_pwpXJQ_ykViYoyrfffPGbaJp7vABjzoxKQU01ToG64JA=s240-c-k-c0x00ffffff-no-rj,UCRm-0JVuUFh5HV7NGG7qXlQ,https://www.youtube.com/channel/UCRm-0JVuUFh5HV7NGG7qXlQ
CR_YT_0812,테드TV,@yt_uc5pbefw,YouTube,게임,게임리뷰,Korea,886000,249755,3246815,1.99,3.1,18-34,Male,1729.0,1,하락,2026-02-01,없음,32,3.7,매크로,스폰서십,2026-06-13,143199,https://yt3.ggpht.com/71tMn-UECTKn4ZYvhDNWIK4NQH9Sd12TTnfCp0pv8Z9wkeKvGKo9R2KWBZEEyTGvgzvw12u_Rg=s240-c-k-c0x00ffffff-no-rj,UC5pbeFWTPAUdKu65kBROsBg,https://www.youtube.com/channel/UC5pbeFWTPAUdKu65kBROsBg
CR_YT_0813,건강오름,@yt_ucudskcg,YouTube,뷰티,뷰티리뷰,Korea,886000,132408,1986120,6.66,2.8,18-34,Female,5785.0,8,상승,2026-01-28,없음,30,4.7,매크로,PPL,2026-06-13,46663,https://yt3.ggpht.com/_9V0aCJ1gnLsESAW8vdrQVg0qGKOHL8Cz68wJ9EAwi0xLgFglfjun1sdStxIvAg-MKrNLMFB=s240-c-k-c0x00ffffff-no-rj,UCudsKcgg2SFhcT6H6RfLYGw,https://www.youtube.com/channel/UCudsKcgg2SFhcT6H6RfLYGw
CR_YT_0814,두치와뿌꾸,@yt_ucl402yy,YouTube,게임,게임리뷰,Korea,885000,120500,1807500,4.01,2.4,18-34,Male,13312.0,16,상승,2026-03-14,확인필요,32,3.2,매크로,제품리뷰,2026-06-13,69853,https://yt3.ggpht.com/958vf8iWC9TF2dkCwEFM5dXBaCnKU4dWwtOj3vOdOsAa8Ycl7Cnsj3mEKrtU6825oh_IA4eQ=s240-c-k-c0x00ffffff-no-rj,UCl402YYy7RcH7PBI3npmGPQ,https://www.youtube.com/channel/UCl402YYy7RcH7PBI3npmGPQ
CR_YT_0815,풍자테레비,@yt_uci5wgfs,YouTube,엔터테인먼트,예능,Korea,884000,206611,1652888,3.87,3.0,18-34,Mixed,14251.0,1,유지,2026-05-06,없음,15,4.0,매크로,PPL,2026-06-13,43723,https://yt3.ggpht.com/05_whDsyqeP11MYxROn73FJAAWedG5rzXSzdp0u26VxtFh2k2NL0hcp8UxvFxZ_DPJMgviK5=s240-c-k-c0x00ffffff-no-rj,UCI5WgFSOVO9UJFcqQTiClHQ,https://www.youtube.com/channel/UCI5WgFSOVO9UJFcqQTiClHQ
CR_YT_0816,놀란 사실 .2,@yt_uc_w4y2x,YouTube,라이프스타일,브이로그,Korea,884000,860415,13766640,5.95,2.4,18-34,Mixed,13892.0,20,유지,2026-01-28,없음,30,4.7,매크로,PPL,2026-06-13,480408,https://yt3.ggpht.com/RZNmfWlvElx-Qc56zxdTr1pSyMDy988W-wgtrW0Sh5thk71r-JTmuVKv5WM11385kN94RzlQHg=s240-c-k-c0x00ffffff-no-rj,UC_W4Y2X0GdzT403sJojplqQ,https://www.youtube.com/channel/UC_W4Y2X0GdzT403sJojplqQ
CR_YT_0817,윤시원,@yt_ucbxwqgm,YouTube,여행,여행브이로그,Korea,883000,107584,2151680,1.74,3.5,25-44,Mixed,12533.0,20,유지,2026-05-03,확인필요,20,3.5,매크로,PPL,2026-06-13,51267,https://yt3.ggpht.com/aS_VKsad1WtswfeitE4zASzTL0qa3IpZOw4lrCLzm_X0WzjDUl-uCQgi53scLN2x0VUwdiXi=s240-c-k-c0x00ffffff-no-rj,UCBXWqgmDszukzW-Tbd-Ur_w,https://www.youtube.com/channel/UCBXWqgmDszukzW-Tbd-Ur_w
CR_YT_0818,Car Game Maker2,@yt_uc8mp-vr,YouTube,게임,게임리뷰,Korea,882000,27195,326340,1.16,3.3,18-34,Male,3209.0,12,유지,2026-03-05,없음,14,5.0,매크로,스폰서십,2026-06-13,9763,https://yt3.ggpht.com/Mj6OUi7b-GXYFcD-nIsuVpipSIV8FECIk1dUg0CaFJWgwK-TiD_i_4fg--21Pp9_6zZtRoFi=s240-c-k-c0x00ffffff-no-rj,UC8Mp-Vruyn7dz65UtTeNO6g,https://www.youtube.com/channel/UC8Mp-Vruyn7dz65UtTeNO6g
CR_YT_0819,Dana ASMR,@yt_uc768xn2,YouTube,라이프스타일,브이로그,Korea,881000,1333333,23999994,2.09,4.1,18-34,Mixed,7784.0,20,상승,2026-02-28,없음,11,5.0,매크로,PPL,2026-06-13,1019541,https://yt3.ggpht.com/ytc/AIdro_ki7WGuH475j-QMwj_IPoHQTOl8gFVeuKvMFNxTUqY_N_vi=s240-c-k-c0x00ffffff-no-rj,UC768XN2ZjMYtNsPT6hcvbCA,https://www.youtube.com/channel/UC768XN2ZjMYtNsPT6hcvbCA
CR_YT_0820,양띵의 사생활,@yt_uchcdloh,YouTube,엔터테인먼트,브이로그,Korea,880000,428462,3856158,0.81,5.0,18-34,Mixed,3395.0,2,상승,2026-05-15,확인필요,32,2.7,매크로,PPL,2026-06-13,101880,https://yt3.ggpht.com/ytc/AIdro_k6KUc9qarUhShnbNJQwkky5zOJiatPUZx6w_7kOOTWQFw=s240-c-k-c0x00ffffff-no-rj,UCHcDLOhRi_WkDJ3zOM3FehQ,https://www.youtube.com/channel/UCHcDLOhRi_WkDJ3zOM3FehQ
CR_YT_0821,버미쌤,@yt_uccwxelu,YouTube,교육,강의,Korea,880000,607210,7286520,8.34,2.7,25-44,Mixed,6693.0,8,상승,2026-03-10,확인필요,35,3.2,매크로,제품리뷰,2026-06-13,289058,https://yt3.ggpht.com/ytc/AIdro_nyifK_M5udQ6E3tMx1nUtc9B994dYOhMU1UQ2e3MAq3v4=s240-c-k-c0x00ffffff-no-rj,UCcWXeluvExN8-eo_5KFfyjw,https://www.youtube.com/channel/UCcWXeluvExN8-eo_5KFfyjw
CR_YT_0822,우정잉,@yt_ucw945uj,YouTube,엔터테인먼트,버라이어티,Korea,877000,434597,5649761,3.31,3.3,18-34,Mixed,508.0,4,유지,2026-05-01,없음,8,5.0,매크로,PPL,2026-06-13,168812,https://yt3.ggpht.com/pvmn92jRU22Oi4BX1ALHcl0ygk-70cwYs3UAC1hzAtp4p9EKnp234krP192A-BjnkSAmGZSy3A=s240-c-k-c0x00ffffff-no-rj,UCW945UjEs6Jm3rVNvPEALdg,https://www.youtube.com/channel/UCW945UjEs6Jm3rVNvPEALdg
CR_YT_0823,박다혜dahye,@yt_ucqcjo4c,YouTube,엔터테인먼트,버라이어티,Korea,876000,394431,4733172,1.31,2.6,18-34,Mixed,2117.0,8,상승,2026-04-03,없음,28,4.7,매크로,PPL,2026-06-13,210774,https://yt3.ggpht.com/A9rhfrbIHMTKfYHLohdOMDmyu07A3i6CeBkqgR7xv3Wzwji2eaGWI9LjY4pN_BLdpvVfXzAm=s240-c-k-c0x00ffffff-no-rj,UCqcJO4Ce5zjyO9ohCp00nuA,https://www.youtube.com/channel/UCqcJO4Ce5zjyO9ohCp00nuA
CR_YT_0824,에이핏 afit,@yt_ucrgzcfu,YouTube,피트니스,다이어트,Korea,875000,326797,6209143,6.44,3.8,25-44,Mixed,4501.0,12,하락,2026-01-28,없음,28,4.7,매크로,제품리뷰,2026-06-13,262237,https://yt3.ggpht.com/IInXEe5kZ2_kQQqhyqzdMdge3-7SfqGdros_Q4xMqnJBQfbBntGE4olS_bhkI_J8LLTtby_zuUc=s240-c-k-c0x00ffffff-no-rj,UCRGZCFuFCwp2D_YKByrqRfw,https://www.youtube.com/channel/UCRGZCFuFCwp2D_YKByrqRfw
CR_YT_0825,놀면서 배우는 심리학,@yt_ucontlru,YouTube,교육,스터디,Korea,872000,212981,2129810,5.31,2.1,25-44,Mixed,6964.0,16,상승,2026-03-19,없음,17,5.0,매크로,스폰서십,2026-06-13,80981,https://yt3.ggpht.com/J0zZYgheeB8o4o0AKe9_WyTC0-gsXSeRGHeqB2jMcH3yyq4_yNgSqAjRw-S7YQkRf1Q7-yGmNQ=s240-c-k-c0x00ffffff-no-rj,UCONTlrUj5pVn7LammlleLJg,https://www.youtube.com/channel/UCONTlrUj5pVn7LammlleLJg
CR_YT_0826,A Coreana Beauty 소연뷰티,@yt_ucibp7eb,YouTube,뷰티,뷰티리뷰,Korea,872000,166027,3154513,6.59,3.6,18-34,Female,6564.0,2,유지,2026-04-04,없음,7,4.5,매크로,PPL,2026-06-13,108508,https://yt3.ggpht.com/O9f1PQ3_6S1gJWV8sX6XBHpX2YONAvbLX__Knaq1UZE8xHGrfa5Icy7a-OvmxXPQSv9ufzoMN9s=s240-c-k-c0x00ffffff-no-rj,UCIBp7eB3u-3h1exkj5y4loA,https://www.youtube.com/channel/UCIBp7eB3u-3h1exkj5y4loA
CR_YT_0827,1분과학,@yt_ucfoixeb,YouTube,테크,테크리뷰,Korea,872000,950543,14258145,1.44,3.3,25-44,Male,14310.0,8,상승,2026-02-03,없음,31,4.7,매크로,언박싱협찬,2026-06-13,542239,https://yt3.ggpht.com/ytc/AIdro_mgwjg7uhkQP_SZfl0smUoVMQnbRhFpbqH8_jCkYX-u3w0=s240-c-k-c0x00ffffff-no-rj,UCFOixeB9gbedVi6uwnsfHMQ,https://www.youtube.com/channel/UCFOixeB9gbedVi6uwnsfHMQ
CR_YT_0828,Mhz 므흐즈,@yt_ucknzsae,YouTube,엔터테인먼트,예능,Korea,871000,35454,425448,5.03,4.4,18-34,Mixed,6264.0,16,하락,2026-04-23,없음,17,5.0,매크로,브랜디드콘텐츠,2026-06-13,10378,https://yt3.ggpht.com/sAK09AVXwIrdLZ1qunEo_XAO6uYCf-Xln0B3hD0QXzBdA2HhBHFIy9wAV4O27_1vWoO8lKi-ND0=s240-c-k-c0x00ffffff-no-rj,UCKNZsAeQXpvI-Mpoc0ZKhsA,https://www.youtube.com/channel/UCKNZsAeQXpvI-Mpoc0ZKhsA
CR_YT_0829,킥서비스,@yt_uc1x03zi,YouTube,엔터테인먼트,버라이어티,Korea,870000,1768060,35361200,5.0,3.2,18-34,Mixed,552.0,12,하락,2026-05-12,없음,22,5.0,매크로,브랜디드콘텐츠,2026-06-13,1245297,https://yt3.ggpht.com/ScWwJO6H0dQY880i_OM5ZLk1abeh7YbQtZKhtEtR_QjTiuWAaEKVQEVjLfp3iCCLahEWWgfpNQ=s240-c-k-c0x00ffffff-no-rj,UC1x03ziDHPct2xTikLyfMDA,https://www.youtube.com/channel/UC1x03ziDHPct2xTikLyfMDA
CR_YT_0830,삐약스핏 [살빼주는 병맛 다이어트채널],@yt_ucxwre2a,YouTube,피트니스,운동,Korea,870000,55493,832395,6.26,2.8,25-44,Mixed,4393.0,20,상승,2026-01-12,없음,19,5.0,매크로,제품리뷰,2026-06-13,29207,https://yt3.ggpht.com/sJZOC6hS1BznhIihwLWUIjZNUNe9_Rx9VzWQhO4lCljRZQhXpKNxzqbfLgx0ZqoIYRvCr5L36g=s240-c-k-c0x00ffffff-no-rj,UCxWRe2A7LMTEwMBErR4DkgQ,https://www.youtube.com/channel/UCxWRe2A7LMTEwMBErR4DkgQ
CR_YT_0831,닥터딩요,@yt_ucednxnm,YouTube,교육,스터디,Korea,869000,266343,4261488,0.81,2.4,25-44,Mixed,11964.0,4,상승,2026-01-01,없음,13,5.0,매크로,제품리뷰,2026-06-13,123121,https://yt3.ggpht.com/Ho8se60qbnCvY1E5ZL_1ND-ZgVFK5_pOTFLK4YEyIsUKO840maFTnKINh2_IrWbqHFqQTs9eVcY=s240-c-k-c0x00ffffff-no-rj,UCedNxnMK3b2-_hzqLyo4stg,https://www.youtube.com/channel/UCedNxnMK3b2-_hzqLyo4stg
CR_YT_0832,홍구,@yt_ucangiz6,YouTube,엔터테인먼트,리액션,Korea,869000,199172,3585096,5.34,3.1,18-34,Mixed,2437.0,1,하락,2026-01-15,없음,40,3.2,매크로,PPL,2026-06-13,112718,https://yt3.ggpht.com/4OMTfaL1IRGTZbjWe14io_FBQ05DE4Itd2YRY1jAORYkUpUkPZ8EoLw7DAB_xtRSpElBL-yEgA=s240-c-k-c0x00ffffff-no-rj,UCaNGiz6D2vHP7XLj9d5691A,https://www.youtube.com/channel/UCaNGiz6D2vHP7XLj9d5691A
CR_YT_0833,침착맨 플러스,@yt_ucc1lvvt,YouTube,게임,게임리뷰,Korea,868000,793028,14274504,7.09,2.7,18-34,Male,727.0,4,하락,2026-03-07,없음,16,5.0,매크로,스폰서십,2026-06-13,604832,https://yt3.ggpht.com/PU43QCdHgZRqjQmwH3sWctfYpKgjYSSTNUKOSUafBFp3LDAVVw8v2TPmg1E30cz7KdGRxz3P=s240-c-k-c0x00ffffff-no-rj,UCC1LvVTX2ySKYjeIXkAtvsQ,https://www.youtube.com/channel/UCC1LvVTX2ySKYjeIXkAtvsQ
CR_YT_0834,빅페이스 BIGFACE,@yt_ucobjpvg,YouTube,엔터테인먼트,버라이어티,Korea,867000,1244444,22399992,4.91,4.5,18-34,Mixed,8934.0,2,유지,2026-03-01,없음,25,4.5,매크로,PPL,2026-06-13,854196,https://yt3.ggpht.com/ytc/AIdro_nSAc6Cdc4o0H4HFVL_54ZePL4z_is3hUA9khAxGIE-lQ0=s240-c-k-c0x00ffffff-no-rj,UCObJpvG3_f0P3EuLJCjzT5g,https://www.youtube.com/channel/UCObJpvG3_f0P3EuLJCjzT5g
CR_YT_0835,하낌 HAKKIM,@yt_uc6qnm4e,YouTube,엔터테인먼트,버라이어티,Korea,867000,821256,15603864,3.45,4.7,18-34,Mixed,3183.0,1,상승,2026-02-16,없음,36,3.2,매크로,PPL,2026-06-13,628523,https://yt3.ggpht.com/6bSN_x3E7rLAWhjGjI4c-ip5RIIBccnL1zkhaCdEk0cToUHDoZ5FsvLEDQMGtYB-Kwzf8ghX=s240-c-k-c0x00ffffff-no-rj,UC6QnM4eXp_4QaC8KFMfIy1g,https://www.youtube.com/channel/UC6QnM4eXp_4QaC8KFMfIy1g
CR_YT_0836,꾸준 kkujun,@yt_ucxgeepg,YouTube,여행,여행브이로그,Korea,865000,875576,15760368,2.98,4.7,25-44,Mixed,3224.0,20,상승,2026-03-04,없음,30,4.7,매크로,PPL,2026-06-13,471461,https://yt3.ggpht.com/N549UWZcGKN0WFRf-FxT-QI2-4hSN68snN8ZHGxjF5q3GGDnWkTVckQbIGP5_RMi9vdcm7n_PA=s240-c-k-c0x00ffffff-no-rj,UCxgeEPgtd5Aw7HgoEUXCauA,https://www.youtube.com/channel/UCxgeEPgtd5Aw7HgoEUXCauA
CR_YT_0837,목포MBC 가요센터,@yt_uc6c5ids,YouTube,엔터테인먼트,예능,Korea,863000,40408,606120,8.26,2.3,18-34,Mixed,12216.0,12,하락,2026-04-09,없음,13,5.0,매크로,PPL,2026-06-13,27000,https://yt3.ggpht.com/ytc/AIdro_k-6SGXaY1BGOafzArSx_sRO-gIonvp9eeVl94zo5v5ZjQ=s240-c-k-c0x00ffffff-no-rj,UC6c5iDSFnBI49qpSGJJ0VLg,https://www.youtube.com/channel/UC6c5iDSFnBI49qpSGJJ0VLg
CR_YT_0838,김나영의 nofilterTV(노필터티비),@yt_uc0wnauo,YouTube,라이프스타일,리뷰,Korea,862000,351473,2811784,0.61,4.5,18-34,Mixed,1712.0,1,상승,2026-01-03,없음,13,4.0,매크로,PPL,2026-06-13,72827,https://yt3.ggpht.com/ytc/AIdro_mcvYpezvDmFK8BkClicrZLqMyEPdjd2HtkoWaqizRhxw=s240-c-k-c0x00ffffff-no-rj,UC0wNauoCVIfU_xtWwrczFiA,https://www.youtube.com/channel/UC0wNauoCVIfU_xtWwrczFiA
CR_YT_0839,머독,@yt_uc-zedn7,YouTube,게임,게임플레이,Korea,862000,90000,1800000,6.39,3.0,18-34,Male,7466.0,16,하락,2026-03-20,없음,10,5.0,매크로,제품리뷰,2026-06-13,46466,https://yt3.ggpht.com/-GWtxpvHGK70ct7ld5d2cvxtvfIuHDmWMe2xRtJQzCza_An2J8tbzttlOGbcgqNPPUFhtkAn-g=s240-c-k-c0x00ffffff-no-rj,UC-Zedn7a_RJyb5hUQ-aGZog,https://www.youtube.com/channel/UC-Zedn7a_RJyb5hUQ-aGZog
CR_YT_0840,애니먹animuk,@yt_ucowksz0,YouTube,엔터테인먼트,리액션,Korea,862000,1915887,24906531,2.45,3.6,18-34,Mixed,12461.0,4,상승,2026-05-11,없음,39,4.2,매크로,브랜디드콘텐츠,2026-06-13,859471,https://yt3.ggpht.com/8nWqhf2g_wtxErOlib-vffBAkR3YiKEimCMKneYsBw0Uy3ct2dNt9cKCMXeqPiWgXGOdWOVDcCQ=s240-c-k-c0x00ffffff-no-rj,UCoWKSz0mU15S6V6kTQ7CsMA,https://www.youtube.com/channel/UCoWKSz0mU15S6V6kTQ7CsMA
CR_YT_0841,깨방정,@yt_ucv3i3lk,YouTube,엔터테인먼트,브이로그,Korea,858000,537757,7528598,7.8,2.1,18-34,Mixed,10003.0,8,상승,2026-05-06,없음,29,4.7,매크로,브랜디드콘텐츠,2026-06-13,200583,https://yt3.ggpht.com/ytc/AIdro_lr-oYzB_v5a2FvlalUe2fQmfF-IQklaJ6p-MLcg0CefMM=s240-c-k-c0x00ffffff-no-rj,UCV3i3lkhJEVB-OApwiBVpSA,https://www.youtube.com/channel/UCV3i3lkhJEVB-OApwiBVpSA
CR_YT_0842,김계정,@yt_ucm9m5bh,YouTube,라이프스타일,브이로그,Korea,858000,680958,6809580,2.3,4.9,18-34,Mixed,5339.0,4,유지,2026-06-04,확인필요,27,3.2,매크로,PPL,2026-06-13,316313,https://yt3.ggpht.com/ytc/AIdro_kaf9Ypdv7tYtHRU-Xxk_BTM-7m3rsMf3rsyyAavZaXU5k=s240-c-k-c0x00ffffff-no-rj,UCM9m5BHwm-lU7tK07co3ClA,https://www.youtube.com/channel/UCM9m5BHwm-lU7tK07co3ClA
CR_YT_0843,제이제이,@yt_ucxp9xkf,YouTube,푸드,쿠킹,Korea,856000,351602,3516020,4.74,3.8,18-34,Mixed,10175.0,16,유지,2026-03-31,없음,32,4.7,매크로,제품리뷰,2026-06-13,96649,https://yt3.ggpht.com/c14wbppwbJqqTYanGnjDYYZ6GQkdxiBKvJAwVe14hS9w9Jd0Ck9tuEV0Xt-3MFaYI_ctDoWP=s240-c-k-c0x00ffffff-no-rj,UCxp9XKFw-lMTlIa_2yrfdqQ,https://www.youtube.com/channel/UCxp9XKFw-lMTlIa_2yrfdqQ
CR_YT_0844,KBS 트래블-걸어서 세계속으로,@yt_ucfw4m1b,YouTube,엔터테인먼트,버라이어티,Korea,856000,30000,270000,4.49,3.1,18-34,Mixed,12995.0,4,상승,2026-02-07,없음,9,5.0,매크로,PPL,2026-06-13,8007,https://yt3.ggpht.com/WxhBRYzV4BTnr6CBXVyxg6QZ-ZgGUo5zQiluYLX_Tlg-nAHPKfMEdJJqmZUE4HiC-ngM13f3Xw=s240-c-k-c0x00ffffff-no-rj,UCFw4M1BJYYdN1YtS8SzlDzg,https://www.youtube.com/channel/UCFw4M1BJYYdN1YtS8SzlDzg
CR_YT_0845,정소민ssomday,@yt_uc3nivvt,YouTube,엔터테인먼트,버라이어티,Korea,852000,342807,4799298,6.87,4.9,18-34,Mixed,6698.0,20,유지,2026-03-24,없음,9,5.0,매크로,브랜디드콘텐츠,2026-06-13,162006,https://yt3.ggpht.com/ytc/AIdro_lfY_v3o0RETtVqpMR83gIG9OkVk5BByY1WTfdMe-26DLo=s240-c-k-c0x00ffffff-no-rj,UC3nIVvtKjg1Hrx4CWi8ZZ3Q,https://www.youtube.com/channel/UC3nIVvtKjg1Hrx4CWi8ZZ3Q
CR_YT_0846,술익는집,@yt_ucr93_qw,YouTube,뷰티,메이크업,Korea,852000,446428,4464280,3.58,3.0,18-34,Female,6502.0,8,유지,2026-04-09,없음,35,4.7,매크로,제품리뷰,2026-06-13,123111,https://yt3.ggpht.com/WhI3CBZi3_W7QlRMe4EnDmPnWQumEKQWCb0tfbaWhqC7AuTQYQ-pxcMOGBW7bYm9rxO5MQ3zuw=s240-c-k-c0x00ffffff-no-rj,UCR93_qwfgePfdrJVyqYvVCg,https://www.youtube.com/channel/UCR93_qwfgePfdrJVyqYvVCg
CR_YT_0847,YTN 사이언스,@yt_uczdbjib,YouTube,교육,정보,Korea,851000,12631,176834,4.81,3.5,25-44,Mixed,8924.0,12,유지,2026-01-23,없음,19,5.0,매크로,제품리뷰,2026-06-13,6392,https://yt3.ggpht.com/ytc/AIdro_m7Co0Qj6FXqQCFZWVAcnofnzdXsCJD0acuSR0Ki0pQkRU=s240-c-k-c0x00ffffff-no-rj,UCZdBJIbJz0P9xyFipgOj1fA,https://www.youtube.com/channel/UCZdBJIbJz0P9xyFipgOj1fA
CR_YT_0848,주키니TV,@yt_ucz-uuk8,YouTube,게임,게임리뷰,Korea,850000,475000,5225000,2.13,4.6,18-34,Male,2437.0,4,상승,2026-04-03,없음,40,4.2,매크로,스폰서십,2026-06-13,166015,https://yt3.ggpht.com/ALouFPgkLhffJaUQ3XgSbuN2ccSTIluxbqZ0awdS7tTpsTTMcXmCmBylMF29D6ZriGjyuU53TqE=s240-c-k-c0x00ffffff-no-rj,UCZ-UuK86Bk5sGzQQ2cEglJQ,https://www.youtube.com/channel/UCZ-UuK86Bk5sGzQQ2cEglJQ
CR_YT_0849,썰푸는 그림쟁이툰,@yt_ucln3o2f,YouTube,엔터테인먼트,버라이어티,Korea,849000,1078431,21568620,2.86,2.4,18-34,Mixed,13738.0,20,상승,2026-01-15,없음,40,4.2,매크로,브랜디드콘텐츠,2026-06-13,915449,https://yt3.ggpht.com/X8rwCA4ju2wwyJmTBVcyIC1-w-jPY7qtJgtRY5MnvV2nvKCYxqREBab4jSnHP8cBudHdXXSiTw=s240-c-k-c0x00ffffff-no-rj,UClN3o2FG4sMSL5kPhsk1MOg,https://www.youtube.com/channel/UClN3o2FG4sMSL5kPhsk1MOg
CR_YT_0850,김진순 점심시간,@yt_uc9she1e,YouTube,라이프스타일,리뷰,Korea,849000,941385,17886315,8.2,4.1,18-34,Mixed,6658.0,8,상승,2026-05-29,없음,6,5.0,매크로,PPL,2026-06-13,474858,https://yt3.ggpht.com/BvOrdVOmTRlMEFygfbeuka_30BrSZenSof2_yC4RCxF0gEKvRzJTn6NEzMTJYQSe8aBxV9iMbQ=s240-c-k-c0x00ffffff-no-rj,UC9She1e6OWUpwJpwZtbqhjQ,https://www.youtube.com/channel/UC9She1e6OWUpwJpwZtbqhjQ
CR_YT_0851,마플 마인크래프트 채널,@yt_uc1q4ihl,YouTube,게임,e스포츠,Korea,846000,560247,5042223,5.25,2.5,18-34,Male,4053.0,2,상승,2026-02-08,없음,28,4.2,매크로,스폰서십,2026-06-13,173751,https://yt3.ggpht.com/3N3XBAuUg1vOTv8R942pYD2F822ssUT9pN8bjM56f54HxpGzc5xAvrbK_2WHUcVBBKWEv2Bk=s240-c-k-c0x00ffffff-no-rj,UC1q4Ihlv_YhLELw-ijE0Diw,https://www.youtube.com/channel/UC1q4Ihlv_YhLELw-ijE0Diw
CR_YT_0852,깃털유머,@yt_ucbthh4s,YouTube,엔터테인먼트,예능,Korea,844000,2467057,49341140,6.45,4.2,18-34,Mixed,10977.0,16,유지,2026-01-29,없음,24,5.0,매크로,PPL,2026-06-13,1361317,https://yt3.ggpht.com/HLdNHkoCrIADrioq32RilLvJGY-PfoQMjcWawavf8D5LUTvHlfQlMyW3MvkLM6r23LIdbSUFZg=s240-c-k-c0x00ffffff-no-rj,UCBtHH4sZ7t0M5UYd6vWVqTA,https://www.youtube.com/channel/UCBtHH4sZ7t0M5UYd6vWVqTA
CR_YT_0853,라이프타임,@yt_ucnk0-1k,YouTube,엔터테인먼트,브이로그,Korea,841000,129870,1298700,5.64,3.8,18-34,Mixed,6248.0,2,유지,2026-05-27,없음,37,3.7,매크로,PPL,2026-06-13,32121,https://yt3.ggpht.com/ytc/AIdro_ljihIEMwhCgfKPEiKzfoqAtlJgVcQgbJIzf8VUGeVAnlI=s240-c-k-c0x00ffffff-no-rj,UCNK0-1KNIwowKzZu6tSjqsw,https://www.youtube.com/channel/UCNK0-1KNIwowKzZu6tSjqsw
CR_YT_0854,흑백리뷰,@yt_uc5t4b53,YouTube,푸드,쿠킹,Korea,841000,418454,6695264,2.32,4.8,18-34,Mixed,14680.0,4,상승,2026-04-13,없음,10,5.0,매크로,먹방협찬,2026-06-13,204032,https://yt3.ggpht.com/IH2MK-J2Xlxzpm7LH6fDtcve-bogZdVKozRtoXKfwX-zRwd9s0QXzKFt9RUjyr9oAI7-FfZF=s240-c-k-c0x00ffffff-no-rj,UC5T4b53jVkm07JbYoyYiu7A,https://www.youtube.com/channel/UC5T4b53jVkm07JbYoyYiu7A
CR_YT_0855,B tv 이동진의 파이아키아,@yt_ucukkkbs,YouTube,엔터테인먼트,브이로그,Korea,840000,287769,4892073,3.64,4.5,18-34,Mixed,7292.0,12,유지,2026-02-12,없음,9,5.0,매크로,PPL,2026-06-13,120540,https://yt3.ggpht.com/xvq7R6dwSkMYwzYXmDcQ6Efy14okuhk1c99EWYziZuIUZ_61xxM8r1NRrOHMaYgEFSyMAWrASA=s240-c-k-c0x00ffffff-no-rj,UCuKKkBSGK4e9fuaquWXorJg,https://www.youtube.com/channel/UCuKKkBSGK4e9fuaquWXorJg
CR_YT_0856,울산큰고래 박성주,@yt_ucichcol,YouTube,게임,게임리뷰,Korea,836000,199270,1594160,5.67,2.6,18-34,Male,9246.0,1,유지,2026-03-14,확인필요,11,2.5,매크로,제품리뷰,2026-06-13,67078,https://yt3.ggpht.com/o5WpS0jQpm_aqO7IXMNu1HpyOzVu_S0Gi_nd5osalDD6dOaCN1nnX12KJF5fQWCDOAOjGHw=s240-c-k-c0x00ffffff-no-rj,UCIchCOLwLBMD87quHlNuXjQ,https://www.youtube.com/channel/UCIchCOLwLBMD87quHlNuXjQ
CR_YT_0857,IB 96,@yt_uclkjsmt,YouTube,교육,스터디,Korea,831000,43419,434190,1.02,3.8,25-44,Mixed,3425.0,20,상승,2026-01-22,없음,24,5.0,매크로,스폰서십,2026-06-13,15617,https://yt3.ggpht.com/ytc/AIdro_m4gD2W6juYhMrtMjHW-HkW7cEW3Y7BZnBqwv3Rh3L7J4g=s240-c-k-c0x00ffffff-no-rj,UClkjSmTL-onPWI44KrZYWIg,https://www.youtube.com/channel/UClkjSmTL-onPWI44KrZYWIg
CR_YT_0858,눈쟁이,@yt_ucjiv3w2,YouTube,테크,언박싱,Korea,830000,157932,2684844,5.01,4.4,25-44,Male,14181.0,1,상승,2026-04-12,없음,8,4.0,매크로,언박싱협찬,2026-06-13,98028,https://yt3.ggpht.com/ytc/AIdro_lFer26UZqVboaJz29T3yRYzcQcUjpDvp6YRwnQPI7LSSI=s240-c-k-c0x00ffffff-no-rj,UCJiv3w22pf4Cgpwxo70MbhQ,https://www.youtube.com/channel/UCJiv3w22pf4Cgpwxo70MbhQ
CR_YT_0859,박하림프로 _ PARK HA-LIM PRO,@yt_ucugk6ha,YouTube,라이프스타일,브이로그,Korea,829000,77413,1238608,6.51,4.2,18-34,Mixed,13499.0,2,하락,2026-01-07,없음,11,4.5,매크로,PPL,2026-06-13,34533,https://yt3.ggpht.com/L6oQA7Kr3_bpu6FHXCBaJ2vQp3YYfYzSsOu_eTbo011q8-szmUJLtyNay0mQXx0_7sdpjBhLPw=s240-c-k-c0x00ffffff-no-rj,UCugk6han9NhFk_TO_75TgSA,https://www.youtube.com/channel/UCugk6han9NhFk_TO_75TgSA
CR_YT_0860,스튜디오 룰루랄라 - Studio LuluLala,@yt_ucmxdk1e,YouTube,엔터테인먼트,예능,Korea,828000,250000,4250000,4.32,4.6,18-34,Mixed,10394.0,1,상승,2026-02-25,없음,23,4.0,매크로,브랜디드콘텐츠,2026-06-13,178110,https://yt3.ggpht.com/j_d47IpILTBhCOmGWlha2rMI0gBn_jshOCvzpK4T4SVu1Nc3tuycmV4Vi_XxHRp7iekBWNLjtKs=s240-c-k-c0x00ffffff-no-rj,UCmxDK1eWo-KvQQJ23p95XGw,https://www.youtube.com/channel/UCmxDK1eWo-KvQQJ23p95XGw
CR_YT_0861,Clevr TV [클레버티비],@yt_ucnmbn-p,YouTube,엔터테인먼트,리액션,Korea,827000,369249,7384980,1.63,4.2,18-34,Mixed,9327.0,12,하락,2026-02-03,없음,38,4.2,매크로,PPL,2026-06-13,289742,https://yt3.ggpht.com/ytc/AIdro_kfcTJBkkzjEfQolXjosk9YPoQ4FPtOcdZ10I4B5hPs1SY=s240-c-k-c0x00ffffff-no-rj,UCnMBn-PNx1M9TLF0s-sEDeQ,https://www.youtube.com/channel/UCnMBn-PNx1M9TLF0s-sEDeQ
CR_YT_0862,바라던 바다,@yt_ucutkrqe,YouTube,엔터테인먼트,예능,Korea,825000,1078998,14026974,5.49,4.8,18-34,Mixed,14957.0,1,하락,2026-05-26,없음,29,3.7,매크로,브랜디드콘텐츠,2026-06-13,422487,https://yt3.ggpht.com/ljs_r-bc8Cipxw2HrMWnB2t1XvfIyeh-m2eQo9MKf2V2RmaW9EU_RhHmj5N2jeyY_yyMb29ToUo=s240-c-k-c0x00ffffff-no-rj,UCuTKrQEt651z729A9-S8hZw,https://www.youtube.com/channel/UCuTKrQEt651z729A9-S8hZw
CR_YT_0863,미남재형,@yt_ucejeul7,YouTube,엔터테인먼트,브이로그,Korea,824000,2717391,48913038,1.28,2.0,18-34,Mixed,14550.0,20,상승,2026-04-27,없음,24,5.0,매크로,브랜디드콘텐츠,2026-06-13,2276222,https://yt3.ggpht.com/UzuBpHC-I6hQAtLBsSpwvqCDEZ2gt4bsMh8xH5G_uFm9pic_Tsd9d3T4qVoqkjE07H-50LXnO6I=s240-c-k-c0x00ffffff-no-rj,UCejeuL7B6s8UpsNaYWWzeEQ,https://www.youtube.com/channel/UCejeuL7B6s8UpsNaYWWzeEQ
CR_YT_0864,달씨Darcie,@yt_uck8llbm,YouTube,라이프스타일,일상,Korea,823000,819209,10649717,2.86,2.2,18-34,Mixed,1531.0,12,유지,2026-03-07,없음,28,4.7,매크로,브랜디드콘텐츠,2026-06-13,290667,https://yt3.ggpht.com/ofdbel3RjLhiA50SjGWolx2LCPR9RhjZMgcOGxqZzoBeU6JSdWj0IcD5pYQyYOh63tTU3uLZjw=s240-c-k-c0x00ffffff-no-rj,UCK8lLbMbQdg_hjRLNBLDBBw,https://www.youtube.com/channel/UCK8lLbMbQdg_hjRLNBLDBBw
CR_YT_0865,에일린 mind yoga,@yt_uckmedad,YouTube,뷰티,스킨케어,Korea,821000,434782,8695640,5.7,2.4,18-34,Female,12956.0,1,유지,2026-04-23,확인필요,36,1.7,매크로,제품리뷰,2026-06-13,380770,https://yt3.ggpht.com/ytc/AIdro_krL6gHPbvpcS0QYzxI7l23kNl4QKtR6qGlsFWdBExyx9w=s240-c-k-c0x00ffffff-no-rj,UCKmEDAD5k5KFMcY5wvGIeGQ,https://www.youtube.com/channel/UCKmEDAD5k5KFMcY5wvGIeGQ
CR_YT_0866,대평이 Daepyeong,@yt_ucua-poe,YouTube,푸드,쿠킹,Korea,820000,537383,6985979,5.5,2.9,18-34,Mixed,4311.0,1,상승,2026-03-04,없음,31,3.7,매크로,먹방협찬,2026-06-13,246543,https://yt3.ggpht.com/62drZbe1ue0Rp1DtR9GkxAYWS1BQcmE1YRyPoD4MJy3QhwpA5yhUfTK2g1rrnBAj8AU7GL9dhg=s240-c-k-c0x00ffffff-no-rj,UCua-PoEDpV3pN8CZhRCZJuw,https://www.youtube.com/channel/UCua-PoEDpV3pN8CZhRCZJuw
CR_YT_0867,ASMR Boyoung 반보영,@yt_ucfvv6il,YouTube,라이프스타일,브이로그,Korea,820000,542857,10314283,0.56,4.6,18-34,Mixed,6290.0,4,상승,2026-04-29,없음,29,4.7,매크로,브랜디드콘텐츠,2026-06-13,438310,https://yt3.ggpht.com/gR7aESBZtauaToDNbJsGgy-IwCzA7iYScrXpjZrunk4zqzqH6aouFgIG5kfirlgoXU-Dzt1G=s240-c-k-c0x00ffffff-no-rj,UCfvV6ilUqAm8DZyIjsO8-Vw,https://www.youtube.com/channel/UCfvV6ilUqAm8DZyIjsO8-Vw
CR_YT_0868,네고막을책임져도될까,@yt_ucwefcee,YouTube,엔터테인먼트,브이로그,Korea,819000,480225,8644050,4.23,3.9,18-34,Mixed,3114.0,20,상승,2026-02-21,없음,34,4.7,매크로,PPL,2026-06-13,220553,https://yt3.ggpht.com/iBezfjU5vpPLXBxVHGrpbZEiyy_u0KF-06PgRT_soN-ui4yU3q4WmPQ7H1eYNcD93-b1QWxgkhE=s240-c-k-c0x00ffffff-no-rj,UCweFCeE7R38-pvPl6RifWpw,https://www.youtube.com/channel/UCweFCeE7R38-pvPl6RifWpw
CR_YT_0869,박진우[JINU],@yt_uc7e5oar,YouTube,여행,여행리뷰,Korea,819000,338709,4741926,3.04,5.0,25-44,Mixed,7405.0,8,유지,2026-05-20,없음,18,5.0,매크로,스폰서십,2026-06-13,147016,https://yt3.ggpht.com/JU5Yqe2xTZELM4YpTsvayPs9MMvYFqaV3gURBbICPqCQfDGqfCtBegTwFrSCTITuaL_sLaTqy_E=s240-c-k-c0x00ffffff-no-rj,UC7e5oAresWJW6LOyygdSUXw,https://www.youtube.com/channel/UC7e5oAresWJW6LOyygdSUXw
CR_YT_0870,Chan Sori Asmr,@yt_ucvsunmq,YouTube,라이프스타일,일상,Korea,819000,116370,1163700,1.66,2.6,18-34,Mixed,11726.0,12,상승,2026-05-02,없음,7,5.0,매크로,브랜디드콘텐츠,2026-06-13,52908,https://yt3.ggpht.com/njtuLmpucXdc01YZQU1B5cvjJy8_kUdDdc0ssG7jWOAETc1Ye91-BjhGin0iSTJG8yybNyFewg=s240-c-k-c0x00ffffff-no-rj,UCVSuNMqgvEwTmWHx8fs9nhw,https://www.youtube.com/channel/UCVSuNMqgvEwTmWHx8fs9nhw
CR_YT_0871,밥상차려주는남자,@yt_uckryhhe,YouTube,푸드,레시피,Korea,817000,121816,1339976,7.44,4.9,18-34,Mixed,9717.0,16,상승,2026-03-12,없음,32,4.7,매크로,먹방협찬,2026-06-13,32956,https://yt3.ggpht.com/eZAtKn9oZmOaDEBR_pSgUSyFt1ZgemVFyBSjXFV8WTqqqEKrfMmP4J-UYGJ_RDfm3zw2zhjABvA=s240-c-k-c0x00ffffff-no-rj,UCKRyhheRuLLDGuUn2YoFFFQ,https://www.youtube.com/channel/UCKRyhheRuLLDGuUn2YoFFFQ
CR_YT_0872,노마드션 No mad Shaun,@yt_ucfcoeg2,YouTube,여행,여행브이로그,Korea,816000,775862,10862068,7.49,3.4,25-44,Mixed,13450.0,8,상승,2026-04-20,없음,38,4.2,매크로,스폰서십,2026-06-13,274157,https://yt3.ggpht.com/5_5-hT3xiviYLrpiTdUvXAHNXq0rJDSlrQa6dAsJTILWBSkykh3Coc9wAQALTYxY0ehiVcr7cQ=s240-c-k-c0x00ffffff-no-rj,UCfCOEG2kjX_x4KAdWX-YUcA,https://www.youtube.com/channel/UCfCOEG2kjX_x4KAdWX-YUcA
CR_YT_0873,쿠팡플레이 스포츠,@yt_ucnbht7b,YouTube,피트니스,헬스,Korea,814000,123571,1606423,2.88,2.6,25-44,Mixed,10488.0,8,상승,2026-04-01,없음,35,4.7,매크로,PPL,2026-06-13,73593,https://yt3.ggpht.com/97DSPBR5D5WvQklunocYVNE7bvW6Wm-Jok-biFqLciGv4DdpU6OJi_CViu-5EPgMmhewSW7x1g=s240-c-k-c0x00ffffff-no-rj,UCnBht7BrOx-A328KFXgysqQ,https://www.youtube.com/channel/UCnBht7BrOx-A328KFXgysqQ
CR_YT_0874,뽀로로 타요 장난감 놀이교실,@yt_ucx2q6od,YouTube,엔터테인먼트,버라이어티,Korea,814000,641430,12187170,7.08,3.7,18-34,Mixed,10185.0,12,하락,2026-03-23,확인필요,17,3.5,매크로,PPL,2026-06-13,446546,https://yt3.ggpht.com/ytc/AIdro_kI6Vy3jOHJrfZX-tskvXUnL5NsvtAUAMxsaNV9Wfn0JQ=s240-c-k-c0x00ffffff-no-rj,UCX2Q6odY6agJcZdf_W5hCwQ,https://www.youtube.com/channel/UCX2Q6odY6agJcZdf_W5hCwQ
CR_YT_0875,카라큘라 탐정사무소,@yt_ucytfr5e,YouTube,엔터테인먼트,리액션,Korea,814000,577777,4622216,4.17,2.4,18-34,Mixed,14565.0,20,유지,2026-04-26,없음,25,5.0,매크로,브랜디드콘텐츠,2026-06-13,124084,https://yt3.ggpht.com/DULtsfnMYJ6u9dTZJ9qHRrWc-czm6tKDXgTSnc_Rob0qTQr-wfdXL-KIq3HmtzaZsJ_Te2n0=s240-c-k-c0x00ffffff-no-rj,UCYTfr5EL-LO3mXYktlq-_uQ,https://www.youtube.com/channel/UCYTfr5EL-LO3mXYktlq-_uQ
CR_YT_0876,이스타TV,@yt_ucn9mj4h,YouTube,피트니스,운동,Korea,813000,142666,1426660,5.61,3.7,25-44,Mixed,3221.0,1,하락,2026-02-25,없음,18,4.0,매크로,PPL,2026-06-13,54403,https://yt3.ggpht.com/bLbCLv2C1ZVAU869AyyJx2Q6XXbCyqzC3MSDAcH1y-HWPtcIGPy8XYC2kcZKpzFqfCZ499_hjw=s240-c-k-c0x00ffffff-no-rj,UCn9mJ4htO64-1osMWYu9k5Q,https://www.youtube.com/channel/UCn9mJ4htO64-1osMWYu9k5Q
CR_YT_0877,UNDERkg,@yt_uc_0oo0g,YouTube,테크,IT정보,Korea,813000,199312,2591056,2.03,4.0,25-44,Male,735.0,1,유지,2026-05-08,없음,28,3.7,매크로,제품리뷰,2026-06-13,73139,https://yt3.ggpht.com/ytc/AIdro_nQNAcVeMHzHBI5KFS04DwoRMf4v6fdsf3GJH0wRRBxg3I=s240-c-k-c0x00ffffff-no-rj,UC_0oo0GPlDUU88ubLDnJkSQ,https://www.youtube.com/channel/UC_0oo0GPlDUU88ubLDnJkSQ
CR_YT_0878,Jella젤라,@yt_ucbwy5kg,YouTube,라이프스타일,브이로그,Korea,810000,206380,3714840,3.81,3.1,18-34,Mixed,14624.0,20,유지,2026-04-28,없음,39,4.2,매크로,PPL,2026-06-13,173276,https://yt3.ggpht.com/ytc/AIdro_m34lNNzU7mTbF-4lBhkjaTx0ZjRuWodzhEyMa0dsopDuo=s240-c-k-c0x00ffffff-no-rj,UCbwy5KgaKa-W6Ladj3iN4mw,https://www.youtube.com/channel/UCbwy5KgaKa-W6Ladj3iN4mw
CR_YT_0879,스낵타운 SNACKTOWN,@yt_uclgqvji,YouTube,엔터테인먼트,리액션,Korea,810000,883652,12371128,4.92,2.5,18-34,Mixed,10064.0,8,유지,2026-01-23,없음,29,4.7,매크로,브랜디드콘텐츠,2026-06-13,396364,https://yt3.ggpht.com/bm8Oeq_kIFTuMo8pX19TFx3vKhEspn6qJU0WLpVBu1yrBUZNdd28voQ-XvrCV82VgL0QF9LjEw=s240-c-k-c0x00ffffff-no-rj,UClgQvJio7ylGa9kV9b7VzLQ,https://www.youtube.com/channel/UClgQvJio7ylGa9kV9b7VzLQ
CR_YT_0880,여행가 제이 [Jay world traveler],@yt_ucxu8qx7,YouTube,여행,여행브이로그,Korea,809000,470588,9411760,1.22,2.0,25-44,Mixed,11400.0,8,하락,2026-05-09,없음,11,5.0,매크로,PPL,2026-06-13,403470,https://yt3.ggpht.com/ytc/AIdro_ncU2OOiLOtChH1QtKXYoegcUsOD1t1barO7jUWt0bR99o=s240-c-k-c0x00ffffff-no-rj,UCxU8QX7IRRIW0VLuoWWoxbw,https://www.youtube.com/channel/UCxU8QX7IRRIW0VLuoWWoxbw
CR_YT_0881,달려라치킨 Dalchi,@yt_ucsaqlcw,YouTube,뷰티,메이크업,Korea,808000,316368,5378256,5.84,4.6,18-34,Female,8498.0,2,상승,2026-02-01,없음,19,4.5,매크로,PPL,2026-06-13,226623,https://yt3.ggpht.com/sXDCKD4ezfCnxx2cZZ5dKczX58CwQ-vnRluLkyWxrKznPibX_glqDyzdA3FbwPZmi0tx4HHK3A=s240-c-k-c0x00ffffff-no-rj,UCsaQlcW1DX-UYpozEwBUDzQ,https://www.youtube.com/channel/UCsaQlcW1DX-UYpozEwBUDzQ
CR_YT_0882,UNA 유나,@yt_uc81bxgg,YouTube,뷰티,뷰티리뷰,Korea,806000,432034,5616442,7.81,3.2,18-34,Female,5932.0,20,상승,2026-03-10,확인필요,30,3.2,매크로,PPL,2026-06-13,257856,https://yt3.ggpht.com/oVY7TtmU1fNxwDefEzQ-93TpNr-RW0DdhNfLBebYHhx-ug8ps9obKOIWi7PjM8v70HxhDIGMXg=s240-c-k-c0x00ffffff-no-rj,UC81bxgGwnjeN7pLPJFci9uw,https://www.youtube.com/channel/UC81bxgGwnjeN7pLPJFci9uw
CR_YT_0883,조조캠핑 JOJOCAMPING,@yt_ucw5x6yz,YouTube,여행,여행브이로그,Korea,806000,557491,10034838,7.21,4.4,25-44,Mixed,13681.0,8,상승,2026-02-09,확인필요,20,3.5,매크로,스폰서십,2026-06-13,296077,https://yt3.ggpht.com/18YJR5w6PzfAFHXKH_Mnr2mxQ2pyTcwl0ayC5ojTVzb91pDf7MbzrBwY2EkZjaQH1Uk_PZHPBg=s240-c-k-c0x00ffffff-no-rj,UCw5X6yzXwIcaSzJAQsL69Ug,https://www.youtube.com/channel/UCw5X6yzXwIcaSzJAQsL69Ug
CR_YT_0884,광마니,@yt_ucysvk8d,YouTube,라이프스타일,브이로그,Korea,805000,599675,11993500,7.03,4.5,18-34,Mixed,14408.0,12,유지,2026-02-19,없음,25,5.0,매크로,브랜디드콘텐츠,2026-06-13,384625,https://yt3.ggpht.com/XIhr-d-4t3DfdBl5wB8SdpushGD6Z88ZwCUPMiaNVIcK5avbEfS61wC8ZRtoxjKNuwNISVgVMQ=s240-c-k-c0x00ffffff-no-rj,UCysVk8dzvSydsFklSu96HSg,https://www.youtube.com/channel/UCysVk8dzvSydsFklSu96HSg
CR_YT_0885,레알예능 스브스,@yt_ucy-swby,YouTube,엔터테인먼트,브이로그,Korea,803000,138700,2357900,7.13,4.4,18-34,Mixed,9726.0,12,상승,2026-05-13,없음,32,4.7,매크로,PPL,2026-06-13,90472,https://yt3.ggpht.com/5AFkEi7o5qq6EbBCdFGFsTumcxYcFb1C8du-RV9dBwqV15VNSo2RBJFQ7lRw1VJYSt1lfutOnA=s240-c-k-c0x00ffffff-no-rj,UCy-swBYpRZx7KW11FStjTgw,https://www.youtube.com/channel/UCy-swBYpRZx7KW11FStjTgw
CR_YT_0886,주연 ZUYONI,@yt_ucb11saf,YouTube,테크,IT정보,Korea,801000,349854,3498540,1.3,4.4,25-44,Male,11872.0,12,유지,2026-03-24,없음,12,5.0,매크로,제품리뷰,2026-06-13,117338,https://yt3.ggpht.com/et2nVg4weQCeZIW0EIGn93DHg37zceXQdMVtv3XnZDVKRB3dqleAEw5lsNuvM0pzucnLdhfs=s240-c-k-c0x00ffffff-no-rj,UCB11SAf7WSN4GrCquKoOHrw,https://www.youtube.com/channel/UCB11SAf7WSN4GrCquKoOHrw
CR_YT_0887,독도사랑 생방송 판매자,@yt_ucrnspu4,YouTube,푸드,쿠킹,Korea,801000,7261,79871,0.71,2.0,18-34,Mixed,10760.0,20,상승,2026-01-07,확인필요,14,3.5,매크로,제품리뷰,2026-06-13,2037,https://yt3.ggpht.com/By4ug3YR-kBbOWwQl906UcgA10XOLP5VEcfEnHouIB9aDFmZZwORPOjObsqGrul-ifVoyd-nWg=s240-c-k-c0x00ffffff-no-rj,UCrnSPu4MOjR8hBtY_qdkzkg,https://www.youtube.com/channel/UCrnSPu4MOjR8hBtY_qdkzkg
CR_YT_0888,Violinist Jenny Yun,@yt_ucddvy2n,YouTube,엔터테인먼트,리액션,Korea,800000,228384,4339296,8.37,3.9,18-34,Mixed,9962.0,20,상승,2026-05-18,없음,27,4.7,매크로,브랜디드콘텐츠,2026-06-13,175585,https://yt3.ggpht.com/uWV_Sue_pJpQvj7iVcw9HHOvU_va-1nB8L-ITfstHiiTMy799F0Za4D_N5r2G2QVI1eAJ7Ye1qA=s240-c-k-c0x00ffffff-no-rj,UCDdvY2ntkRKaul_OQT89jAQ,https://www.youtube.com/channel/UCDdvY2ntkRKaul_OQT89jAQ
CR_YT_0889,정육왕 MeatCreator,@yt_uc1oxmhv,YouTube,뷰티,뷰티리뷰,Korea,800000,360777,3968547,6.96,3.1,18-34,Female,14057.0,4,상승,2026-01-29,없음,8,5.0,매크로,제품리뷰,2026-06-13,159855,https://yt3.ggpht.com/ytc/AIdro_mvevT7w1aUt3h9KMAgTZBKfgEMwIRm9LSI1_aRzGIjgs4=s240-c-k-c0x00ffffff-no-rj,UC1oXmhvYHVI2bApphh3IzuQ,https://www.youtube.com/channel/UC1oXmhvYHVI2bApphh3IzuQ
CR_YT_0890,NS남순,@yt_uc3w3kem,YouTube,엔터테인먼트,버라이어티,Korea,800000,267601,4014015,1.48,2.4,18-34,Mixed,7667.0,4,유지,2026-01-26,없음,16,5.0,매크로,PPL,2026-06-13,180502,https://yt3.ggpht.com/CcrwQ2Qaxb5aMV_80ptLB9sfAeuD51cC98LBdrKjVEYIb-zyL1rQpJqz-jpDeX0w20FIK86d-Xw=s240-c-k-c0x00ffffff-no-rj,UC3W3kEmrLrRfec2qNrE6w4A,https://www.youtube.com/channel/UC3W3kEmrLrRfec2qNrE6w4A
CR_YT_0891,아린 wested_arin,@yt_ucoqkr26,YouTube,라이프스타일,리뷰,Korea,798000,362532,5437980,3.81,3.5,18-34,Mixed,6589.0,16,유지,2026-02-11,없음,9,5.0,매크로,브랜디드콘텐츠,2026-06-13,227816,https://yt3.ggpht.com/nlwrw2MLMosl1VfPkZdpUECqOFIqXw6h2BGHSNKUftMIwSzL1k0gecLH1bwARZEhCbrFBCcKI9I=s240-c-k-c0x00ffffff-no-rj,UCoqkR26bl8dc7C19psm6whg,https://www.youtube.com/channel/UCoqkR26bl8dc7C19psm6whg
CR_YT_0892,얌야미YamyamiTV,@yt_ucogghmt,YouTube,라이프스타일,일상,Korea,797000,530821,5308210,7.73,4.0,18-34,Mixed,5471.0,16,유지,2026-02-10,없음,7,5.0,매크로,PPL,2026-06-13,160861,https://yt3.ggpht.com/JkTy7oI3DTyXNEc1NnRDzz-M-mn7g765lzwWY3xIw3VjvQQPWrcgscKKXGqFi4EbVHUsyA4PHg=s240-c-k-c0x00ffffff-no-rj,UCogGhMtm142H8JGtHL7Jqow,https://www.youtube.com/channel/UCogGhMtm142H8JGtHL7Jqow
CR_YT_0893,키미 Kimi,@yt_ucip2wb2,YouTube,라이프스타일,브이로그,Korea,797000,785915,12574640,7.91,2.6,18-34,Mixed,7920.0,1,상승,2026-01-30,확인필요,39,1.7,매크로,브랜디드콘텐츠,2026-06-13,511028,https://yt3.ggpht.com/ytc/AIdro_nA17MBjMb9zrJDMdBNB_1IG2Ocle1pG6t4I0NNtJBOaMo=s240-c-k-c0x00ffffff-no-rj,UCip2Wb2oWTMVvCaVPherr3Q,https://www.youtube.com/channel/UCip2Wb2oWTMVvCaVPherr3Q
CR_YT_0894,브레이너 제이의 숙면 여행,@yt_uc5jscu8,YouTube,뷰티,스킨케어,Korea,796000,857142,9428562,1.61,2.3,18-34,Female,7483.0,16,상승,2026-04-30,없음,13,5.0,매크로,PPL,2026-06-13,226489,https://yt3.ggpht.com/oaS9Wyh8riPRU85EZKMwz6asvE9Mc-h2yIFVWnwqkR7FZPrZ_A3of_PuZfzgHzoMGnX8tuMOGv4=s240-c-k-c0x00ffffff-no-rj,UC5jSCU8FpKGr8P5Z-p-70lw,https://www.youtube.com/channel/UC5jSCU8FpKGr8P5Z-p-70lw
CR_YT_0895,별별역사,@yt_ucyuis1e,YouTube,교육,강의,Korea,796000,918918,17459442,3.99,4.8,25-44,Mixed,10462.0,2,유지,2026-05-30,없음,21,4.5,매크로,제품리뷰,2026-06-13,736967,https://yt3.ggpht.com/ytc/AIdro_n0veqTzyapDlaIYp7sQH21-4kAihZIDYzZ8VoztlXkyA=s240-c-k-c0x00ffffff-no-rj,UCYuiS1EYw54dEJVzseQSYXw,https://www.youtube.com/channel/UCYuiS1EYw54dEJVzseQSYXw
CR_YT_0896,디아 Dia,@yt_uc2tzfht,YouTube,라이프스타일,리뷰,Korea,794000,963549,19270980,2.99,4.4,18-34,Mixed,6969.0,16,하락,2026-03-23,없음,36,4.2,매크로,브랜디드콘텐츠,2026-06-13,794294,https://yt3.ggpht.com/ytc/AIdro_n-RAwTtOkSjBaXr9NrgrJoW_Bm_FJv7VJBB6gq2_KOGnA=s240-c-k-c0x00ffffff-no-rj,UC2TZfHtB9tBH-cCzGVv5Njg,https://www.youtube.com/channel/UC2TZfHtB9tBH-cCzGVv5Njg
CR_YT_0897,areumsongee아름송이,@yt_uczggbgi,YouTube,라이프스타일,브이로그,Korea,792000,212314,3609338,3.56,2.6,18-34,Mixed,12380.0,4,유지,2026-05-11,없음,28,4.7,매크로,PPL,2026-06-13,93276,https://yt3.ggpht.com/4AU4THFSxUZBMiBeLeumN7xZWiQrP9TB8p70GJSA9V_eh5GCi9J9T9ZYyRdSPRnr8qa09xNU=s240-c-k-c0x00ffffff-no-rj,UCZggbgiMY7u4Def37xQpyAQ,https://www.youtube.com/channel/UCZggbgiMY7u4Def37xQpyAQ
CR_YT_0898,KBS 추적60분,@yt_ucy-6ozw,YouTube,엔터테인먼트,리액션,Korea,789000,388888,4666656,2.85,4.5,18-34,Mixed,934.0,16,상승,2026-02-17,없음,38,4.2,매크로,PPL,2026-06-13,172792,https://yt3.ggpht.com/Mrt9l3DB4p-5ImEHjJ4NnyPPjWyM_k9BCkaPtCruGy7hOmO4csnxMvn7CRE5pLMCIDYiYwdXoA=s240-c-k-c0x00ffffff-no-rj,UCy-6oZwPwrR_W-zYnqLD8dg,https://www.youtube.com/channel/UCy-6oZwPwrR_W-zYnqLD8dg
CR_YT_0899,Консуни и Тайна Джу Джу,@yt_uct8dkay,YouTube,라이프스타일,리뷰,Korea,789000,734966,9554558,2.22,3.1,18-34,Mixed,5120.0,2,상승,2026-02-24,없음,25,4.5,매크로,브랜디드콘텐츠,2026-06-13,277630,https://yt3.ggpht.com/sye0JdDmlBlNI9uF1WBux4LDrOETVIUR4xucX1AMhtzKLSK4UoCBF9_56n2i4W4M8ASigwi8Iw=s240-c-k-c0x00ffffff-no-rj,UCT8dKaYa_QrJfapp3xjORyQ,https://www.youtube.com/channel/UCT8dKaYa_QrJfapp3xjORyQ
CR_YT_0900,크림서현의랜덤댄스,@yt_uc1hevvp,YouTube,엔터테인먼트,예능,Korea,789000,815391,12230865,3.07,2.7,18-34,Mixed,3577.0,1,상승,2026-06-05,없음,29,3.7,매크로,PPL,2026-06-13,447335,https://yt3.ggpht.com/byBEs-A5_8RZlMmbtRxBHSMXFESh5hg9CciOICjXIyv4ndqSXmuD50gHtnYCA6N1TRUs_PAW=s240-c-k-c0x00ffffff-no-rj,UC1HevvP1DDxfKnQCfG_Fn2Q,https://www.youtube.com/channel/UC1HevvP1DDxfKnQCfG_Fn2Q
CR_YT_0901,YTN 시사,@yt_ucvwuqut,YouTube,엔터테인먼트,예능,Korea,788000,80039,1600780,1.1,4.7,18-34,Mixed,5142.0,8,상승,2026-05-08,없음,32,4.7,매크로,PPL,2026-06-13,69470,https://yt3.ggpht.com/YJZ6QG5AszraKHAcPb7iJtjVuO-YXKklTQkgVAof7CBms3FquUdW7t7gw33gp88gHuiGyCvkYg=s240-c-k-c0x00ffffff-no-rj,UCvWUqUT10RiJ6W8XiruqAiQ,https://www.youtube.com/channel/UCvWUqUT10RiJ6W8XiruqAiQ
CR_YT_0902,튜브김민교,@yt_ucba9xal,YouTube,게임,게임플레이,Korea,788000,334288,2674304,3.87,2.4,18-34,Male,3928.0,2,상승,2026-05-28,없음,25,4.5,매크로,제품리뷰,2026-06-13,124193,https://yt3.ggpht.com/ytc/AIdro_mme313qwR54BAkBgchsY38c85NZXC07dIB1HfDeJavz4A=s240-c-k-c0x00ffffff-no-rj,UCBA9XaL5wCdHnC5EmEzwrqw,https://www.youtube.com/channel/UCBA9XaL5wCdHnC5EmEzwrqw
CR_YT_0903,PAKA,@yt_ucjpawvq,YouTube,게임,게임플레이,Korea,787000,772607,6180856,2.77,4.5,18-34,Male,13812.0,8,상승,2026-01-18,없음,7,5.0,매크로,제품리뷰,2026-06-13,275697,https://yt3.ggpht.com/ytc/AIdro_lJMQJ85elGLSHzHqsbRlfBJ0FyA0msEPlJyF4yQYuzDzg=s240-c-k-c0x00ffffff-no-rj,UCJpAwvQaZyCI5spAz7tipGA,https://www.youtube.com/channel/UCJpAwvQaZyCI5spAz7tipGA
CR_YT_0904,간니닌니 패밀리,@yt_ucucybmz,YouTube,엔터테인먼트,리액션,Korea,786000,272727,4090905,6.92,4.2,18-34,Mixed,6305.0,4,하락,2026-06-06,없음,25,5.0,매크로,PPL,2026-06-13,104534,https://yt3.ggpht.com/Mk9EdBfG4Db7lTONHi2QTKvJmJ6l6K_bdarEKTW7Z787u_SptaO1IFfynC3REZBlEVCDMFEzqC0=s240-c-k-c0x00ffffff-no-rj,UCucybMZtilvYSg2_f3eAIHg,https://www.youtube.com/channel/UCucybMZtilvYSg2_f3eAIHg
CR_YT_0905,LOOKGATIING [룩개팅],@yt_uckakhcc,YouTube,엔터테인먼트,예능,Korea,786000,1010101,8080808,6.07,3.4,18-34,Mixed,14097.0,20,상승,2026-01-13,없음,12,5.0,매크로,브랜디드콘텐츠,2026-06-13,262714,https://yt3.ggpht.com/NvLymkl1EYBDIQTQOqCdFsZH7SwCsEefULKwC2Shmch8s4GrdXg2x6VcigFouJE8UNgYLWUbng=s240-c-k-c0x00ffffff-no-rj,UCKakHCcjubWyoM3P85iazoA,https://www.youtube.com/channel/UCKakHCcjubWyoM3P85iazoA
CR_YT_0906,Mr.아재,@yt_ucmphhkc,YouTube,뷰티,뷰티리뷰,Korea,783000,653950,5231600,8.45,4.6,18-34,Female,1776.0,16,유지,2026-01-14,없음,32,4.7,매크로,제품리뷰,2026-06-13,139006,https://yt3.ggpht.com/MGcVr0Vf0w8DJn9M4zxibAe37K9p8IKUIMtNb5pSi2cKZUaaC9o5PoGDC8cCqgUhr2IyPsFMjg=s240-c-k-c0x00ffffff-no-rj,UCmPHhKCcgj0QcxM9C4OTTbA,https://www.youtube.com/channel/UCmPHhKCcgj0QcxM9C4OTTbA
CR_YT_0907,Pixid,@yt_ucookj-k,YouTube,엔터테인먼트,리액션,Korea,783000,942492,11309904,0.84,2.1,18-34,Mixed,10475.0,4,유지,2026-02-05,없음,9,5.0,매크로,브랜디드콘텐츠,2026-06-13,497003,https://yt3.ggpht.com/nSvkfTUFZDLwaeJtSjR8Q-neyRjCRdXmUiiaxgkh1zBKK_QfbhC3HALi-gGwuQ9qf9pP7jcE=s240-c-k-c0x00ffffff-no-rj,UCOOKj-kWvrsK8CDfHZTw9lw,https://www.youtube.com/channel/UCOOKj-kWvrsK8CDfHZTw9lw
CR_YT_0908,소개해주는 남자,@yt_ucbhxcaw,YouTube,엔터테인먼트,버라이어티,Korea,782000,470588,7999996,1.51,4.6,18-34,Mixed,10189.0,20,하락,2026-05-06,없음,31,4.7,매크로,PPL,2026-06-13,272662,https://yt3.ggpht.com/ttDU0xOwUko4-UC9t-DTyZq53vy6zLsDqS34rUseaDbStsxsxNBIFev7vUVNYMcMD4DIqD9Apg=s240-c-k-c0x00ffffff-no-rj,UCBHXCaw_W6sxfgAB7rC-BYw,https://www.youtube.com/channel/UCBHXCaw_W6sxfgAB7rC-BYw
CR_YT_0909,[하말넘많] heavytalker,@yt_ucm3sdar,YouTube,라이프스타일,리뷰,Korea,782000,354767,4257204,6.35,2.7,18-34,Mixed,5619.0,4,상승,2026-01-20,없음,23,5.0,매크로,PPL,2026-06-13,131311,https://yt3.ggpht.com/3fcYGck3RStzodgkeqfvE7xga68YzNFYuSzyNguVwzL6N4KxOiPJTuCO5GPZyIDZDpmWgnEbUA=s240-c-k-c0x00ffffff-no-rj,UCm3SDarPtTOS_NjCh9d3TDQ,https://www.youtube.com/channel/UCm3SDarPtTOS_NjCh9d3TDQ
CR_YT_0910,쉐어TV,@yt_ucb0eyf0,YouTube,게임,게임플레이,Korea,782000,352177,3169593,0.98,2.0,18-34,Male,3225.0,2,상승,2026-06-01,없음,34,4.2,매크로,제품리뷰,2026-06-13,145826,https://yt3.ggpht.com/ytc/AIdro_n5Ly6yy91TL2-Pp08Xq5X6ajvSTkzzTEA1xC6KNUFDEU8=s240-c-k-c0x00ffffff-no-rj,UCb0eyf03Jz8Q5j2q65TzCoA,https://www.youtube.com/channel/UCb0eyf03Jz8Q5j2q65TzCoA
CR_YT_0911,iMBC연예,@yt_ucynsok9,YouTube,엔터테인먼트,버라이어티,Korea,781000,11666,233320,7.37,4.3,18-34,Mixed,12793.0,4,상승,2026-04-04,없음,34,4.7,매크로,브랜디드콘텐츠,2026-06-13,8316,https://yt3.ggpht.com/dTJeEO88eW2Cm-xdxlXJgMS76vEdyu1CsYCZaKzeFXj8GJosr1PdVD9Uj2XLyvxzN3zAkl7tMg=s240-c-k-c0x00ffffff-no-rj,UCynSOK9S5HuUlrbpkiYgm5Q,https://www.youtube.com/channel/UCynSOK9S5HuUlrbpkiYgm5Q
CR_YT_0912,SBSKPOP ZOOM,@yt_ucm3jwnr,YouTube,엔터테인먼트,리액션,Korea,780000,65454,916356,7.44,3.5,18-34,Mixed,4529.0,20,상승,2026-02-07,없음,30,4.7,매크로,브랜디드콘텐츠,2026-06-13,42230,https://yt3.ggpht.com/j4iproNkKGOccA8AMZxwD7yaJALrxbTE_Bk_NZRaJDfS85HTSy3BuyaqfuomVs027_q_03kG=s240-c-k-c0x00ffffff-no-rj,UCM3jwNRfl5-W8VzgT6DsaEQ,https://www.youtube.com/channel/UCM3jwNRfl5-W8VzgT6DsaEQ
CR_YT_0913,입시덕후,@yt_ucpvwqht,YouTube,교육,강의,Korea,779000,691489,10372335,6.46,2.7,25-44,Mixed,7405.0,8,하락,2026-03-09,없음,16,5.0,매크로,스폰서십,2026-06-13,454079,https://yt3.ggpht.com/Cl4Ipq4Gw5lfQtPVq9BVQaKUTVX3F3QFgMzI0MQHzrC9w9o8CcBOlFmThEvNZArMan0MPNcA8w=s240-c-k-c0x00ffffff-no-rj,UCPvwqht-XvcbbaUavs53ejg,https://www.youtube.com/channel/UCPvwqht-XvcbbaUavs53ejg
CR_YT_0914,솔바위농원,@yt_ucz4t91x,YouTube,교육,강의,Korea,779000,76440,687960,1.17,3.3,25-44,Mixed,7865.0,2,상승,2026-04-05,없음,30,4.2,매크로,스폰서십,2026-06-13,30931,https://yt3.ggpht.com/8vf9hxUn-u0c0Sja5Ho2sJF-4AOlehzF1Md9nqOCoG_Nblf1dahKCwYYLaPiyDhZ7S-TkhG-9w=s240-c-k-c0x00ffffff-no-rj,UCZ4T91xGdsyqH0pUA_z5QTg,https://www.youtube.com/channel/UCZ4T91xGdsyqH0pUA_z5QTg
CR_YT_0915,Official dopa,@yt_uct15x5e,YouTube,게임,e스포츠,Korea,777000,304536,2740824,3.56,4.8,18-34,Male,3061.0,2,유지,2026-05-13,없음,23,4.5,매크로,스폰서십,2026-06-13,67094,https://yt3.ggpht.com/yAf-c8gWcnHQT72NVeLP8omLfWnumIBK8_9894PFTK3JLvj3FNO-HVhRhtXWYe0pGTgjtAbwlQ=s240-c-k-c0x00ffffff-no-rj,UCt15X5eHLwyP8PpNtQTkuDQ,https://www.youtube.com/channel/UCt15X5eHLwyP8PpNtQTkuDQ
CR_YT_0916,아옳이,@yt_uce8salf,YouTube,라이프스타일,일상,Korea,777000,512820,7179480,0.9,2.7,18-34,Mixed,13478.0,1,하락,2026-01-17,없음,19,4.0,매크로,PPL,2026-06-13,185811,https://yt3.ggpht.com/ZP8FHfJQlD9P7S7wmAFBEwpgj88TBoUWJvMFw3PlZvyP6LJubyn3JMEQ-3FnlTxYm8T4Yhgdvw=s240-c-k-c0x00ffffff-no-rj,UCE8SAlfZT-T8iwa7aOD8vaQ,https://www.youtube.com/channel/UCE8SAlfZT-T8iwa7aOD8vaQ
CR_YT_0917,DDM ASMR 땅규,@yt_ucqgzm-o,YouTube,라이프스타일,일상,Korea,776000,405727,6491632,2.31,3.9,18-34,Mixed,1969.0,16,유지,2026-02-13,없음,30,4.7,매크로,PPL,2026-06-13,166774,https://yt3.ggpht.com/KF4BdUFcUZNSW5rdfQJ_RsdtbW3pou3USRlufqwjigM3E56m4Q_x4TbWpDUmiQp_X6CHyHu1=s240-c-k-c0x00ffffff-no-rj,UCqGZm-olwtL1i4_1xmeeyXQ,https://www.youtube.com/channel/UCqGZm-olwtL1i4_1xmeeyXQ
CR_YT_0918,리춘수 [이천수],@yt_uchi3exz,YouTube,엔터테인먼트,브이로그,Korea,772000,658682,13173640,5.6,4.1,18-34,Mixed,7797.0,4,하락,2026-03-03,없음,5,5.0,매크로,PPL,2026-06-13,369960,https://yt3.ggpht.com/xG7dBimCIQN2rHq-CjaojaAHs87fbu9b-duiCa2TRnFewWAPj3iHHfPhXoW2vTE5uUR4kDwOTA=s240-c-k-c0x00ffffff-no-rj,UChI3EXzhAkRszawlMageKvQ,https://www.youtube.com/channel/UChI3EXzhAkRszawlMageKvQ
CR_YT_0919,Q2HAN,@yt_ucxanyxg,YouTube,라이프스타일,일상,Korea,772000,116822,1168220,1.06,2.6,18-34,Mixed,10157.0,8,유지,2026-02-15,없음,14,5.0,매크로,PPL,2026-06-13,35847,https://yt3.ggpht.com/XIHtl5HO03auJcSmyuQQ-25r4ds62nfpctk9DEBIOqjVJrf4tpq4fb3U7yih7iPQSyjf9Wx5sV8=s240-c-k-c0x00ffffff-no-rj,UCxANYxgMTfJp3ZE8opnvJvQ,https://www.youtube.com/channel/UCxANYxgMTfJp3ZE8opnvJvQ
CR_YT_0920,유노-Yuno,@yt_uctzekln,YouTube,푸드,레시피,Korea,772000,348027,4176324,1.87,4.3,18-34,Mixed,8956.0,1,유지,2026-01-29,없음,27,3.7,매크로,제품리뷰,2026-06-13,183323,https://yt3.ggpht.com/EzRYtKcmeEXdH8oG9XbaqFRTUfQ55zpsH9GUkgsXfbX-2OkXnag__eCL8nzS_5md1eMHNkzzjA=s240-c-k-c0x00ffffff-no-rj,UCtzeKLNCQK6-5WI5gKTOC7g,https://www.youtube.com/channel/UCtzeKLNCQK6-5WI5gKTOC7g
CR_YT_0921,동네 의사 이상욱,@yt_uc0tr0ci,YouTube,피트니스,운동,Korea,772000,464135,3713080,5.04,5.0,25-44,Mixed,2926.0,20,상승,2026-03-19,없음,19,5.0,매크로,제품리뷰,2026-06-13,157589,https://yt3.ggpht.com/x-cC9xwd3XzKsY9kE-rcROJIAhhrI3qkKAgHq_O2uWCkzvQ-gC8_WahCzOQ97bhlA22kY7zEJA=s240-c-k-c0x00ffffff-no-rj,UC0TR0Ciw0rQSJzgU5NiwvRQ,https://www.youtube.com/channel/UC0TR0Ciw0rQSJzgU5NiwvRQ
CR_YT_0922,Heejoo 희주,@yt_ucgcxyp5,YouTube,뷰티,메이크업,Korea,770000,141888,2837760,4.12,4.2,18-34,Female,4176.0,12,유지,2026-03-19,없음,21,5.0,매크로,PPL,2026-06-13,114960,https://yt3.ggpht.com/4KBJgjz-8S2qyfXQ7dMYuUfDhGWs-SOHgCt3D_3MMOH7Uikl8YGJmrjUkuDwhQYjpYAT9mhPYiE=s240-c-k-c0x00ffffff-no-rj,UCgCxYP5uSCNyFTV-PEbKhew,https://www.youtube.com/channel/UCgCxYP5uSCNyFTV-PEbKhew
CR_YT_0923,재호 - Fitness,@yt_ucpwxwbd,YouTube,라이프스타일,브이로그,Korea,770000,198668,3774692,4.64,4.0,18-34,Mixed,10444.0,20,상승,2026-02-26,없음,35,4.7,매크로,브랜디드콘텐츠,2026-06-13,117470,https://yt3.ggpht.com/esGR908z_TxGGN90AY6xfkFtEg7tiJWAbQnwk2kbVir9DA_qow1EHq1h5nEhd6GnbZSac8y0EXY=s240-c-k-c0x00ffffff-no-rj,UCPwxWbDnHIbOv0HqpNXOvUQ,https://www.youtube.com/channel/UCPwxWbDnHIbOv0HqpNXOvUQ
CR_YT_0924,뷰티메이크업,@yt_ucapuhad,YouTube,뷰티,스킨케어,Korea,769000,349581,6292458,3.36,2.1,18-34,Female,11293.0,12,상승,2026-03-12,없음,32,4.7,매크로,제품리뷰,2026-06-13,292779,https://yt3.ggpht.com/etmfCmmhVnyq3hR6qTswKKxy7LaDEFEb-mELvTBa-5roGBqP6VBByDca_7r6jsedpjkg-7Mn=s240-c-k-c0x00ffffff-no-rj,UCApUHaDVHeE5f1WX3JXQ21g,https://www.youtube.com/channel/UCApUHaDVHeE5f1WX3JXQ21g
CR_YT_0925,채널아하: 채널A Health & Asset,@yt_ucv7hx-7,YouTube,라이프스타일,일상,Korea,769000,16315,293670,7.69,3.3,18-34,Mixed,10346.0,12,유지,2026-03-12,없음,16,5.0,매크로,브랜디드콘텐츠,2026-06-13,11503,https://yt3.ggpht.com/Gl_KCPj-28pzX8nSyi69azPDmsmsz_0vWihqsFahnZeknRCR1WAWBDHywoL6ypBe_L3ZTkXIn5Q=s240-c-k-c0x00ffffff-no-rj,UCv7HX-7ctqTH4cXxT1nfrIg,https://www.youtube.com/channel/UCv7HX-7ctqTH4cXxT1nfrIg
CR_YT_0926,심방골주부 Korean Food Recipes,@yt_ucmxfsqy,YouTube,푸드,먹방,Korea,768000,185004,2220048,5.14,4.1,18-34,Mixed,7098.0,20,유지,2026-01-03,없음,12,5.0,매크로,먹방협찬,2026-06-13,61672,https://yt3.ggpht.com/-5Zb-1-ckUUMaCkvZMEt5czOsFv5j9TzsLgd2YsOj0JdlBk6JCwijU8XSKrePzrxHVzvXP_6dg=s240-c-k-c0x00ffffff-no-rj,UCMXFSqYCTcB4iIJLwUJaBrQ,https://www.youtube.com/channel/UCMXFSqYCTcB4iIJLwUJaBrQ
CR_YT_0927,흑자헬스 SurplusHealth,@yt_ucygs-_i,YouTube,엔터테인먼트,브이로그,Korea,767000,360406,5406090,1.68,4.0,18-34,Mixed,10133.0,12,유지,2026-01-17,없음,23,5.0,매크로,PPL,2026-06-13,243105,https://yt3.ggpht.com/4LDfNowugldG_4RncEH0NF24D37XoFJqSAQhLXMyMXq2fve0TEXRvKUWQsRppuciff32DKuhLw=s240-c-k-c0x00ffffff-no-rj,UCygs-_iDpCJOnhuCZibK7JQ,https://www.youtube.com/channel/UCygs-_iDpCJOnhuCZibK7JQ
CR_YT_0928,Sechi,@yt_ucebn79b,YouTube,엔터테인먼트,리액션,Korea,766000,686498,13729960,4.13,2.7,18-34,Mixed,4934.0,20,유지,2026-01-13,확인필요,12,3.5,매크로,브랜디드콘텐츠,2026-06-13,414786,https://yt3.ggpht.com/kbmQ5LiKO6Kf8SDIqzB8dfT_wyf70gDCv4aR_Tlq3Bp5ZgcjCzpSiaWraDCCk1QexMfs4Z2vxw=s240-c-k-c0x00ffffff-no-rj,UCEBN79bwwYNfRWcYYUzrkcw,https://www.youtube.com/channel/UCEBN79bwwYNfRWcYYUzrkcw
CR_YT_0929,제로비,@yt_ucj2xekm,YouTube,라이프스타일,브이로그,Korea,766000,10312500,123750000,7.53,4.4,18-34,Mixed,1747.0,12,유지,2026-04-21,없음,40,4.2,매크로,PPL,2026-06-13,3285162,https://yt3.ggpht.com/xvvLiihDRipvPpwfXge3QBAf1xcHjEOfYdo-_0u3yQOm8jRi2whgsxZRCR681ulK0dJtbqledw=s240-c-k-c0x00ffffff-no-rj,UCj2xeKmlkaRvsAXndCqohrQ,https://www.youtube.com/channel/UCj2xeKmlkaRvsAXndCqohrQ
CR_YT_0930,오토기어 autogear - 자동차에 대한 모든 정보,@yt_ucsjzjwu,YouTube,테크,언박싱,Korea,765000,33932,576844,2.83,2.1,25-44,Male,9737.0,4,유지,2026-03-08,없음,20,5.0,매크로,제품리뷰,2026-06-13,25819,https://yt3.ggpht.com/y3GxhQQUu5qUlTCcdluBNj1XJ_x8_LNOdQu7uyy4IEGJFP8zBgZ5vQhgSu5GCaufDKRFklNPig=s240-c-k-c0x00ffffff-no-rj,UCsjzJWuBnPyA8-tj9pEDwXg,https://www.youtube.com/channel/UCsjzJWuBnPyA8-tj9pEDwXg
CR_YT_0931,에바EVA,@yt_ucf3b81y,YouTube,라이프스타일,일상,Korea,764000,291666,3499992,1.89,3.3,18-34,Mixed,3393.0,4,상승,2026-03-19,없음,13,5.0,매크로,PPL,2026-06-13,130424,https://yt3.ggpht.com/S7Zd14W8-xNdxii1rfKc5FrAnv-kedP7sihJ6FLhc1nUUzgPH2bh3xmMPsvtl4_VUbW5AKHu=s240-c-k-c0x00ffffff-no-rj,UCf3b81YFYvGMtx3KBrnpsLg,https://www.youtube.com/channel/UCf3b81YFYvGMtx3KBrnpsLg
CR_YT_0932,한식푸우 Korean food,@yt_uc1wq-bq,YouTube,푸드,레시피,Korea,764000,160103,1921236,5.03,3.9,18-34,Mixed,13201.0,12,유지,2026-05-15,없음,16,5.0,매크로,먹방협찬,2026-06-13,48666,https://yt3.ggpht.com/ytc/AIdro_mYU-NJr5h-EACnQzhQZF0oGY_GQg-saYoNnqLczXtI4e8=s240-c-k-c0x00ffffff-no-rj,UC1Wq-BQZblFGbGgDAoCwrmA,https://www.youtube.com/channel/UC1Wq-BQZblFGbGgDAoCwrmA
CR_YT_0933,권혁,@yt_ucmy_lku,YouTube,엔터테인먼트,브이로그,Korea,764000,425531,6382965,4.53,4.1,18-34,Mixed,7265.0,4,유지,2026-05-24,없음,34,4.7,매크로,브랜디드콘텐츠,2026-06-13,252317,https://yt3.ggpht.com/IRJxOnYFqC7SDEFPPTb4GjFu-GXGw_-x1G42BbKBc_ACLatb6Bgc_w9lCsfVdD2LA681MSI0jw=s240-c-k-c0x00ffffff-no-rj,UCMY_lKUu8yGZaVsu_9lPIGg,https://www.youtube.com/channel/UCMY_lKUu8yGZaVsu_9lPIGg
CR_YT_0934,EO Korea,@yt_ucq2dwm5,YouTube,라이프스타일,브이로그,Korea,761000,91047,728376,3.87,4.3,18-34,Mixed,8915.0,12,유지,2026-01-14,없음,24,5.0,매크로,브랜디드콘텐츠,2026-06-13,33268,https://yt3.ggpht.com/fnBbMYfZTHWaheE9Ybd1p6sEApl2-cao6L3aBeDtjEEEOrWc-AZQaUNAbHsKx_H10NHIydA72FM=s240-c-k-c0x00ffffff-no-rj,UCQ2DWm5Md16Dc3xRwwhVE7Q,https://www.youtube.com/channel/UCQ2DWm5Md16Dc3xRwwhVE7Q
CR_YT_0935,THE 프리지아,@yt_ucabhoou,YouTube,여행,여행리뷰,Korea,761000,352126,7042520,1.51,4.0,25-44,Mixed,1288.0,8,상승,2026-03-27,없음,38,4.2,매크로,스폰서십,2026-06-13,303198,https://yt3.ggpht.com/3iViFnkSl2UsxVC-5BQt2v4gbdlFNz00AQ6W0t_WAx2WajZOdxLL5vXchShyKDFs5GhqFifxv_k=s240-c-k-c0x00ffffff-no-rj,UCAbhooUR9thtUYAkLxk9iBg,https://www.youtube.com/channel/UCAbhooUR9thtUYAkLxk9iBg
CR_YT_0936,하이슬기 Hi Seulgi,@yt_ucqiupdr,YouTube,라이프스타일,리뷰,Korea,761000,227095,3860615,2.82,3.4,18-34,Mixed,8977.0,4,하락,2026-02-22,없음,8,5.0,매크로,PPL,2026-06-13,98854,https://yt3.ggpht.com/poTgCuY82ljgBHaELP7VdyXphfLPf-URlFr6ewWmH1053zxiCz5U8zXes3zzcHS2yTPknumKww=s240-c-k-c0x00ffffff-no-rj,UCQIUpdrt5UOD2ykffc1wjBA,https://www.youtube.com/channel/UCQIUpdrt5UOD2ykffc1wjBA
CR_YT_0937,BRANDNEW MUSIC,@yt_ucakwpye,YouTube,엔터테인먼트,브이로그,Korea,761000,304054,4864864,6.42,3.5,18-34,Mixed,5008.0,2,상승,2026-01-30,없음,14,4.5,매크로,브랜디드콘텐츠,2026-06-13,129876,https://yt3.ggpht.com/ytc/AIdro_nno6M4RMdGn-EAGGBnfFKea7QfG-cIIw4FT-P_jDwWGzI=s240-c-k-c0x00ffffff-no-rj,UCAkWpyeieFjzS7GzSJMArhQ,https://www.youtube.com/channel/UCAkWpyeieFjzS7GzSJMArhQ
CR_YT_0938,Joe튜브,@yt_ucag-vlx,YouTube,라이프스타일,일상,Korea,760000,319855,2878695,5.33,2.4,18-34,Mixed,7369.0,1,하락,2026-01-15,없음,20,4.0,매크로,브랜디드콘텐츠,2026-06-13,67171,https://yt3.ggpht.com/yf1q-VSg4JEqygxes5xWBsnc7tBmfgSFTFxIxuFYPpxlPoyB4e8U2u-V8Zy3XeS0fODJ8Vhpcg=s240-c-k-c0x00ffffff-no-rj,UCag-vLxfCjAUNebW9gA0yRg,https://www.youtube.com/channel/UCag-vLxfCjAUNebW9gA0yRg
CR_YT_0939,Cartoon Network Korea,@yt_ucrvtsqo,YouTube,엔터테인먼트,예능,Korea,760000,187903,1691127,4.37,2.6,18-34,Mixed,9385.0,2,유지,2026-02-07,없음,39,3.7,매크로,PPL,2026-06-13,51294,https://yt3.ggpht.com/2I1x5T84p8EkJmYKi3RTsd5vQ4ZVcGNrUcVOK1tOdWSgPmKC_FtNPKEeaox6ovktvEAzG2Lf=s240-c-k-c0x00ffffff-no-rj,UCRvtSqoNIN8zdxCGgMkAZ0w,https://www.youtube.com/channel/UCRvtSqoNIN8zdxCGgMkAZ0w
CR_YT_0940,숀 더쉽 [Shaun the Sheep Korea],@yt_ucjxxfxc,YouTube,엔터테인먼트,브이로그,Korea,759000,528000,9504000,1.63,4.2,18-34,Mixed,10645.0,2,상승,2026-03-16,없음,15,4.5,매크로,PPL,2026-06-13,226562,https://yt3.ggpht.com/ytc/AIdro_lcd518YIf6Qdi_rQi83O-IlMs0BIZ_EcOyVf_TRG471Q=s240-c-k-c0x00ffffff-no-rj,UCjXXFXCMzAh6hv14PbCVQEA,https://www.youtube.com/channel/UCjXXFXCMzAh6hv14PbCVQEA
CR_YT_0941,하뉴,@yt_ucs4oafx,YouTube,라이프스타일,일상,Korea,759000,2267818,27213816,8.17,3.5,18-34,Mixed,10616.0,16,상승,2026-04-19,없음,22,5.0,매크로,브랜디드콘텐츠,2026-06-13,1058866,https://yt3.ggpht.com/ydy97vjvl872ZASJykW2gVK3mt2abQHPdjFcGEgpTqDCfhke4WnIKR68cDAkR7vfmsvnVpOzRw=s240-c-k-c0x00ffffff-no-rj,UCs4oAFxhxxVhtW-_ApKtkLQ,https://www.youtube.com/channel/UCs4oAFxhxxVhtW-_ApKtkLQ
CR_YT_0942,주아쌤_소리튠영어,@yt_ucokuzcl,YouTube,교육,강의,Korea,758000,102767,1027670,4.16,3.7,25-44,Mixed,9931.0,1,하락,2026-04-01,확인필요,24,2.5,매크로,제품리뷰,2026-06-13,24649,https://yt3.ggpht.com/Lz163yVTXEb1sbHFw71VB6PLfOj4-JPa-ZlpgIskBQM6cfzbQ6Ih4tYm1efYgI0zqBj6LFt-YFA=s240-c-k-c0x00ffffff-no-rj,UCokUZClKh1ZK0TjJgxVK5-g,https://www.youtube.com/channel/UCokUZClKh1ZK0TjJgxVK5-g
CR_YT_0943,홍시네마 𝘏𝘰𝘯𝘨𝘊𝘪𝘯𝘦𝘮𝘢,@yt_uctwxuug,YouTube,엔터테인먼트,리액션,Korea,758000,849858,8498580,6.28,2.8,18-34,Mixed,12985.0,2,상승,2026-05-12,없음,27,4.2,매크로,PPL,2026-06-13,291086,https://yt3.ggpht.com/cV49xlxO5u2-MwkKbjRsR_XLODHiZnKvhvSg7DyXAuQDz6z5CFDmQLflc3GK3h8-tWlp_p8t=s240-c-k-c0x00ffffff-no-rj,UCtwxuughKbSAV0e4bnz4ORg,https://www.youtube.com/channel/UCtwxuughKbSAV0e4bnz4ORg
CR_YT_0944,초마드 CHOMAD,@yt_ucvuwly4,YouTube,여행,여행리뷰,Korea,756000,90394,813546,1.71,4.0,25-44,Mixed,12951.0,12,상승,2026-04-11,없음,26,4.7,매크로,PPL,2026-06-13,22295,https://yt3.ggpht.com/ytc/AIdro_kOvt9wOxgQkO09TqXc3oBx6r4alOrnL6sp1gknN-wmnoI=s240-c-k-c0x00ffffff-no-rj,UCvuwlY4fWkWMuzRkj5MAK9Q,https://www.youtube.com/channel/UCvuwlY4fWkWMuzRkj5MAK9Q
CR_YT_0945,나몰라패밀리 핫쇼,@yt_uc0qkpvk,YouTube,엔터테인먼트,리액션,Korea,756000,372727,3354543,5.66,3.1,18-34,Mixed,13947.0,8,하락,2026-03-24,없음,16,5.0,매크로,브랜디드콘텐츠,2026-06-13,149982,https://yt3.ggpht.com/hmAXzmFYejTt2fflPXYOYkPQ2ReYbfP-HUnbJF-sHQ3GmuxtsJ9LkoJ9hwhEJ7wxxzsePNFhhQ=s240-c-k-c0x00ffffff-no-rj,UC0QKPVkRkvgupomhEYK1Uhw,https://www.youtube.com/channel/UC0QKPVkRkvgupomhEYK1Uhw
CR_YT_0946,베리의 헬로토이 Berry's Hellotoy,@yt_ucmmrxho,YouTube,엔터테인먼트,버라이어티,Korea,755000,478700,8137900,3.28,3.9,18-34,Mixed,12854.0,8,상승,2026-01-28,확인필요,9,3.5,매크로,브랜디드콘텐츠,2026-06-13,371260,https://yt3.ggpht.com/3S8Kzk-r8alhlfxcNu8UGww-KQCYYQrmjSJ9O-oPXOdmTqnrT6qIOf4bU6ESs3Fk0fyK9H3jD10=s240-c-k-c0x00ffffff-no-rj,UCMMRxhOov9iB3TI2SgDsbfw,https://www.youtube.com/channel/UCMMRxhOov9iB3TI2SgDsbfw
CR_YT_0947,코밈 KOMEME,@yt_uc9sjx0j,YouTube,엔터테인먼트,브이로그,Korea,755000,1612620,24189300,4.31,4.3,18-34,Mixed,13271.0,20,유지,2026-01-16,없음,20,5.0,매크로,브랜디드콘텐츠,2026-06-13,1091714,https://yt3.ggpht.com/UgsL51OjDxfpxrefhia-Cn2h-i56F3hZ1KjmwPDZ7o2diGp0NDVitkNbKRSGPXVXPV5hmBuW=s240-c-k-c0x00ffffff-no-rj,UC9sJx0j0AbtRQX55PTdsyJg,https://www.youtube.com/channel/UC9sJx0j0AbtRQX55PTdsyJg
CR_YT_0948,소윤Soyoon,@yt_ucc_voo8,YouTube,라이프스타일,일상,Korea,754000,230769,3923073,0.8,4.2,18-34,Mixed,12690.0,8,상승,2026-04-26,없음,28,4.7,매크로,PPL,2026-06-13,114467,https://yt3.ggpht.com/snwdvUvhzy_wbJbl-vGDYdsKfEigGqbVt0ZpTOwPl-z_409e0DSZ6DTlON-qGXYjZcA4p_ySb_c=s240-c-k-c0x00ffffff-no-rj,UCc_vOO8-XNMT8KmIVTEbt5g,https://www.youtube.com/channel/UCc_vOO8-XNMT8KmIVTEbt5g
CR_YT_0949,MACA & RONI - Funny Cartoon,@yt_ucp1c6c-,YouTube,엔터테인먼트,버라이어티,Korea,754000,2388059,33432826,5.6,3.7,18-34,Mixed,10343.0,2,상승,2026-04-22,없음,21,4.5,매크로,브랜디드콘텐츠,2026-06-13,884021,https://yt3.ggpht.com/sBeb16wiQkT-c7AVFb1tIJgzpbFz-v-4sCaAgbJX7P5vI-qBDEq-3dSb_8n-8-riT9BLJnMXcg=s240-c-k-c0x00ffffff-no-rj,UCp1C6c-KPAweNiXTCC02f-w,https://www.youtube.com/channel/UCp1C6c-KPAweNiXTCC02f-w
CR_YT_0950,지읒asmr,@yt_uc0jg_po,YouTube,라이프스타일,일상,Korea,753000,722610,11561760,2.04,3.7,18-34,Mixed,12245.0,16,상승,2026-05-26,없음,11,5.0,매크로,브랜디드콘텐츠,2026-06-13,487933,https://yt3.ggpht.com/LifZd43r9QdrHRqrVQiXsaoSuMVlOkVoJhO8iXtJ9ycPqAaUI0T7l2Y1nGNS4SoqGLHCyYl2Ow=s240-c-k-c0x00ffffff-no-rj,UC0JG_PODzBXS5bYs5uoONlw,https://www.youtube.com/channel/UC0JG_PODzBXS5bYs5uoONlw
CR_YT_0951,마지막 시간들,@yt_uc36kyy9,YouTube,뷰티,스킨케어,Korea,752000,2187,34992,3.23,4.0,18-34,Female,12570.0,16,하락,2026-04-02,없음,38,4.2,매크로,PPL,2026-06-13,1522,https://yt3.ggpht.com/BeBSZG-rOqqOxkYl9x0iPqB_YBpJ9YoZiL3LnYOPH1nIXKqJ-xBWOrHmsW-m534dD1Smgwnu1A=s240-c-k-c0x00ffffff-no-rj,UC36Kyy91DYFCB7RA_q077Jg,https://www.youtube.com/channel/UC36Kyy91DYFCB7RA_q077Jg
CR_YT_0952,핫스튜디오,@yt_uczrdcwj,YouTube,라이프스타일,브이로그,Korea,752000,556986,9468762,7.33,4.4,18-34,Mixed,13173.0,8,하락,2026-05-13,없음,32,4.7,매크로,PPL,2026-06-13,419727,https://yt3.ggpht.com/hWJE_c09pew7ocbhQso_5hn1XaVECv01lKvlmnzQ_mc7hu-BfIQ2JmjUT-vKIGkWiTLnl07D0Q=s240-c-k-c0x00ffffff-no-rj,UCzRDCwJdqSSRwI4BgojVkIw,https://www.youtube.com/channel/UCzRDCwJdqSSRwI4BgojVkIw
CR_YT_0953,달수네라이브,@yt_ucrdowcn,YouTube,피트니스,다이어트,Korea,752000,110126,1321512,4.49,2.2,25-44,Mixed,12409.0,12,유지,2026-04-02,확인필요,26,3.2,매크로,PPL,2026-06-13,33946,https://yt3.ggpht.com/FK9Og-v5k9B6M8a70FISQk1_ddD_CYtB-pw8LrdjrSy8guEHO8fV34-dVtT7_LFKE-3rTXlTQg=s240-c-k-c0x00ffffff-no-rj,UCRDowcnvz5ZVh-3NVAdfiqg,https://www.youtube.com/channel/UCRDowcnvz5ZVh-3NVAdfiqg
CR_YT_0954,김숙티비kimsookTV,@yt_ucvaewwp,YouTube,엔터테인먼트,리액션,Korea,752000,499306,4493754,1.76,2.9,18-34,Mixed,14011.0,12,하락,2026-06-08,없음,20,5.0,매크로,PPL,2026-06-13,196333,https://yt3.ggpht.com/ytc/AIdro_n0H9ya88w_O39s3WbC3ZsG5bYN_M0yaFW_Mq89TZ4ojXI=s240-c-k-c0x00ffffff-no-rj,UCvAewWPqooIUgQUsjhTmUVw,https://www.youtube.com/channel/UCvAewWPqooIUgQUsjhTmUVw
CR_YT_0955,백크 Baekk,@yt_ucugno83,YouTube,게임,게임플레이,Korea,752000,360255,2882040,7.63,3.7,18-34,Male,6610.0,4,상승,2026-02-05,확인필요,6,3.5,매크로,제품리뷰,2026-06-13,103960,https://yt3.ggpht.com/ytc/AIdro_nUIs2d1dvHefFbwRvgtthRHUO4VKfwF1NsRkMe7Vl6My8=s240-c-k-c0x00ffffff-no-rj,UCugNO83_V7xZLzCsjpABGeg,https://www.youtube.com/channel/UCugNO83_V7xZLzCsjpABGeg
CR_YT_0956,릴루렐루 LilluLellu,@yt_ucktou95,YouTube,엔터테인먼트,예능,Korea,751000,696517,7661687,6.37,4.8,18-34,Mixed,1557.0,16,하락,2026-01-19,없음,8,5.0,매크로,PPL,2026-06-13,276576,https://yt3.ggpht.com/ogSdBscnWqaJD3ty49NWgwZK90FgBo1xeqyLTZ0OHZ2pQV9AmgAYdSLuCy1EaiWKQufZl10ZeoU=s240-c-k-c0x00ffffff-no-rj,UCkTou95-Hb_GJ6IG5MxuyDA,https://www.youtube.com/channel/UCkTou95-Hb_GJ6IG5MxuyDA
CR_YT_0957,진자림 Jinjalim,@yt_ucu38cqt,YouTube,라이프스타일,브이로그,Korea,751000,608439,8518146,5.4,2.2,18-34,Mixed,4422.0,12,상승,2026-05-08,없음,35,4.7,매크로,PPL,2026-06-13,317642,https://yt3.ggpht.com/FpQ9AxaCxxye9Xaeb4Fa82IxlOTeE48JPlIsZfq6m3YuH8NIqs46GVvSF5dVefsB-OJSVzTP=s240-c-k-c0x00ffffff-no-rj,UCu38CqTttqEQFwVccmFPlyQ,https://www.youtube.com/channel/UCu38CqTttqEQFwVccmFPlyQ
CR_YT_0958,유후의 피아노래,@yt_uc-75---,YouTube,엔터테인먼트,브이로그,Korea,751000,531022,8496352,3.3,3.4,18-34,Mixed,1303.0,20,상승,2026-05-22,확인필요,19,3.5,매크로,브랜디드콘텐츠,2026-06-13,242902,https://yt3.ggpht.com/Ky0wYk1OrAsaCZQCwsofZ9oE7N0bbaASRNU56jpULD8jgTy_scQMHbJO-JqnJNA82daALPdMmQ=s240-c-k-c0x00ffffff-no-rj,UC-75---6clEI74Ra6DZNYbw,https://www.youtube.com/channel/UC-75---6clEI74Ra6DZNYbw
CR_YT_0959,A급 장영란,@yt_ucfvwxok,YouTube,엔터테인먼트,리액션,Korea,750000,698151,10472265,6.63,4.1,18-34,Mixed,2176.0,8,상승,2026-02-19,없음,32,4.7,매크로,PPL,2026-06-13,257093,https://yt3.ggpht.com/xBFxXARDPFBiAYPued9TCcoZwIQXbYfQANOHzheDAa_2OWu39VmwkNhPzzShHBo_-PAcQm_2cg=s240-c-k-c0x00ffffff-no-rj,UCfVWxOKzPwSZkEcxXmrH6yw,https://www.youtube.com/channel/UCfVWxOKzPwSZkEcxXmrH6yw
CR_YT_0960,형독방송,@yt_ucjdess5,YouTube,게임,e스포츠,Korea,749000,304740,3961620,0.96,2.7,18-34,Male,11338.0,12,하락,2026-01-04,없음,5,5.0,매크로,제품리뷰,2026-06-13,132789,https://yt3.ggpht.com/ytc/AIdro_mxXaPgErLAfey6DejfqB8OPuSwK8GZwowkPQd6h3lPrug=s240-c-k-c0x00ffffff-no-rj,UCJDEss5wA1ddrCBC40giO8A,https://www.youtube.com/channel/UCJDEss5wA1ddrCBC40giO8A
CR_YT_0961,트위티 (Tweety),@yt_ucx0zl5l,YouTube,라이프스타일,리뷰,Korea,749000,480961,9138259,0.96,2.2,18-34,Mixed,5055.0,8,하락,2026-03-16,없음,16,5.0,매크로,PPL,2026-06-13,266516,https://yt3.ggpht.com/etwYJ0-5GSNoqM0T5oZsq007nNVvzZbMjbUMOXNRAxJ6oN864X4YFq18I_lMpDher5euENwOQg=s240-c-k-c0x00ffffff-no-rj,UCx0ZL5ldCGMqkOGqyO1qOkw,https://www.youtube.com/channel/UCx0ZL5ldCGMqkOGqyO1qOkw
CR_YT_0962,인아짱 Inah Eats,@yt_ucv6m_9-,YouTube,엔터테인먼트,리액션,Korea,749000,151187,1511870,4.33,2.4,18-34,Mixed,8383.0,1,유지,2026-04-24,없음,9,4.0,매크로,브랜디드콘텐츠,2026-06-13,56659,https://yt3.ggpht.com/KKkLzbR45bxRZq3ke6bS2TSK3EY7fZvD26tWMdrwRAkry1nN6iB6Y_7nJslWWev4sjedmFfp=s240-c-k-c0x00ffffff-no-rj,UCV6M_9-J7nuf13Igxn-DNww,https://www.youtube.com/channel/UCV6M_9-J7nuf13Igxn-DNww
CR_YT_0963,핏더사이즈,@yt_uckwv0sc,YouTube,뷰티,뷰티리뷰,Korea,748000,162488,3087272,3.44,3.7,18-34,Female,4379.0,20,하락,2026-01-14,없음,20,5.0,매크로,제품리뷰,2026-06-13,93843,https://yt3.ggpht.com/ytc/AIdro_nlnrtH750xT2CLOLRSz0fSpnRF1sObSQmBOiJdJ286Hf8=s240-c-k-c0x00ffffff-no-rj,UCKWv0ScT6PpZcpg7ivUVWLA,https://www.youtube.com/channel/UCKWv0ScT6PpZcpg7ivUVWLA
CR_YT_0964,메탈카드봇TV,@yt_uciktger,YouTube,엔터테인먼트,버라이어티,Korea,748000,822898,10697674,6.14,3.9,18-34,Mixed,2488.0,4,하락,2026-05-22,없음,10,5.0,매크로,PPL,2026-06-13,474369,https://yt3.ggpht.com/YqGcL042jVlJGse1PnBnQolas_weKRDR-rRFJLxptnmMUKpXTX47liscm8jqD-ASWMgGFdoO-g=s240-c-k-c0x00ffffff-no-rj,UCIKTgeRySM8cQWFDGA7aC9g,https://www.youtube.com/channel/UCIKTgeRySM8cQWFDGA7aC9g
CR_YT_0965,123 GO! Korean,@yt_ucu-7sde,YouTube,엔터테인먼트,예능,Korea,745000,304709,3351799,6.3,4.4,18-34,Mixed,9924.0,1,유지,2026-05-08,없음,20,4.0,매크로,브랜디드콘텐츠,2026-06-13,87808,https://yt3.ggpht.com/ytc/AIdro_k97CeqeGDO2YCzfSwiL55BIW5V4f4IT33R_scXpx6KqA=s240-c-k-c0x00ffffff-no-rj,UCU-7SdeUYlujznoTRHDttew,https://www.youtube.com/channel/UCU-7SdeUYlujznoTRHDttew
CR_YT_0966,채코제 Channel Korean Jay,@yt_ucaoqdzp,YouTube,여행,여행브이로그,Korea,745000,489977,3919816,5.21,2.9,25-44,Mixed,9341.0,1,유지,2026-04-09,없음,8,4.0,매크로,PPL,2026-06-13,116184,https://yt3.ggpht.com/_TUg6ldPjNoC3KR2A8WApHzJZJaL0TEERN1ZdDYMWv4LwXpNI6Hvg4LUodUU5MtF1DnOagmSIwI=s240-c-k-c0x00ffffff-no-rj,UCaoqDZPllYXLAH_5OBRLLrw,https://www.youtube.com/channel/UCaoqDZPllYXLAH_5OBRLLrw
CR_YT_0967,뚝딱Tooktak,@yt_uckxvx8l,YouTube,푸드,먹방,Korea,744000,95541,1433115,2.15,2.6,18-34,Mixed,4925.0,8,하락,2026-06-05,확인필요,39,2.7,매크로,먹방협찬,2026-06-13,34924,https://yt3.ggpht.com/ytc/AIdro_k5OGtTXovJgug4HpdOplzPgC8saquh0Bmh8oZIwB2c5K4=s240-c-k-c0x00ffffff-no-rj,UCkxvX8lNP_TkiLde378oHUg,https://www.youtube.com/channel/UCkxvX8lNP_TkiLde378oHUg
CR_YT_0968,창배먹방 chang_bae,@yt_uclkumuh,YouTube,푸드,먹방,Korea,743000,175614,3512280,7.88,4.7,18-34,Mixed,5444.0,20,하락,2026-01-15,없음,18,5.0,매크로,제품리뷰,2026-06-13,155151,https://yt3.ggpht.com/ZRlvxXVrOM-7VSuSjI0ujvkIDr56e225XAH1Z1HrtT6wDBYlHTFIrKXC_L3raqNp5BeYRwLE2g=s240-c-k-c0x00ffffff-no-rj,UCLKUMuHePpmRMeRJ_Ldhd3w,https://www.youtube.com/channel/UCLKUMuHePpmRMeRJ_Ldhd3w
CR_YT_0969,앵쩡TV,@yt_ucq_2uzf,YouTube,푸드,먹방,Korea,743000,326633,6532660,3.6,4.2,18-34,Mixed,14101.0,16,유지,2026-02-11,없음,23,5.0,매크로,제품리뷰,2026-06-13,169075,https://yt3.ggpht.com/ytc/AIdro_mdUjiRT6azfePNrGMVXVkg2XJf28lRienpgPzXDi_mJ14=s240-c-k-c0x00ffffff-no-rj,UCQ_2Uzf0pXNBPkEaoNgvmUg,https://www.youtube.com/channel/UCQ_2Uzf0pXNBPkEaoNgvmUg
CR_YT_0970,LOTTE DUTY FREE,@yt_uco6u6ro,YouTube,엔터테인먼트,버라이어티,Korea,743000,410112,5741568,8.44,2.7,18-34,Mixed,14289.0,1,상승,2026-03-28,없음,22,4.0,매크로,PPL,2026-06-13,196578,https://yt3.ggpht.com/VA2-xriorv6bhyb0tyXHV65dNj9QZZuHwSzIWbtc7spjghJX988Oauv4YnAwxJyxhGOsWRUYbQ=s240-c-k-c0x00ffffff-no-rj,UCo6U6rOB3SriO8X9pN3DluA,https://www.youtube.com/channel/UCo6U6rOB3SriO8X9pN3DluA
CR_YT_0971,강 지,@yt_ucivfv8a,YouTube,게임,게임리뷰,Korea,742000,405529,6893993,5.42,3.1,18-34,Male,12249.0,16,하락,2026-03-20,없음,21,5.0,매크로,제품리뷰,2026-06-13,224335,https://yt3.ggpht.com/jRF5azs1vtU16pUJ0wzOo1I3TW9lB5jAST0IcuJYpcHgNa2KpR8LXgOVryWsaYJ8XRhpwtdq=s240-c-k-c0x00ffffff-no-rj,UCIVFv8AiQLqM9oLHTixrNYw,https://www.youtube.com/channel/UCIVFv8AiQLqM9oLHTixrNYw
CR_YT_0972,박승현,@yt_ucb2pim0,YouTube,피트니스,다이어트,Korea,742000,1015473,17263041,7.19,4.5,25-44,Mixed,629.0,8,상승,2026-06-13,확인필요,34,3.2,매크로,PPL,2026-06-13,668967,https://yt3.ggpht.com/4_C1Fh6tA8oVhILu2_apoE_hxWB7x6ji3aLXd1a-yjvwDEzc12y6xB8qWneNPCRYR0ufnHLU3Ms=s240-c-k-c0x00ffffff-no-rj,UCb2PIM0UHn-qGwXRST-Kcsw,https://www.youtube.com/channel/UCb2PIM0UHn-qGwXRST-Kcsw
CR_YT_0973,자몽티비,@yt_uchsnxa1,YouTube,게임,게임플레이,Korea,741000,280537,4488592,0.97,4.8,18-34,Male,1429.0,4,상승,2026-03-08,없음,40,4.2,매크로,스폰서십,2026-06-13,127549,https://yt3.ggpht.com/ytc/AIdro_nXZ8OEbsmBG2MnOwFwTRaaOyGOv-XrnAnQ6A5qDpaHFZw=s240-c-k-c0x00ffffff-no-rj,UCHsNxA14lzqnrm0mW7GQIXA,https://www.youtube.com/channel/UCHsNxA14lzqnrm0mW7GQIXA
CR_YT_0974,김치와 바게뜨 / Kimchi & Baguette,@yt_ucxgxty_,YouTube,라이프스타일,리뷰,Korea,740000,886075,13291125,5.54,2.4,18-34,Mixed,9992.0,12,상승,2026-05-29,없음,8,5.0,매크로,브랜디드콘텐츠,2026-06-13,349581,https://yt3.ggpht.com/HtJVFAVKCJL-YoEgWog-lHBdH3PtG306UTmPeLPqjAAjq3D5etSMgBPAD-kItdEVr4Za-yPV=s240-c-k-c0x00ffffff-no-rj,UCXGXTy_GDJAlRTk9ypTHNKQ,https://www.youtube.com/channel/UCXGXTy_GDJAlRTk9ypTHNKQ
CR_YT_0975,조코딩 JoCoding,@yt_ucqne2jm,YouTube,교육,정보,Korea,739000,96436,1253668,6.24,2.2,25-44,Mixed,734.0,16,유지,2026-06-03,없음,21,5.0,매크로,제품리뷰,2026-06-13,30479,https://yt3.ggpht.com/6gJoxwN9IQ3SlQIo1SibzhmwNLfxhX3t15zfQAGMxmV3Fi7aALzNayf2CzqhL5U6c2f4123G=s240-c-k-c0x00ffffff-no-rj,UCQNE2JmbasNYbjGAcuBiRRg,https://www.youtube.com/channel/UCQNE2JmbasNYbjGAcuBiRRg
CR_YT_0976,시바견 곰이탱이여우 Shiba GTY,@yt_ucx2larq,YouTube,라이프스타일,리뷰,Korea,739000,240384,2644224,1.12,3.3,18-34,Mixed,5224.0,12,유지,2026-01-19,없음,9,5.0,매크로,브랜디드콘텐츠,2026-06-13,83276,https://yt3.ggpht.com/9PlxFIxk5zFejLsqa2CfIoTnWbJxVjeCjku7rGEwD3dQzZX2XimH2sudxigiebvpHhq3AVNmkA=s240-c-k-c0x00ffffff-no-rj,UCX2laRqGQhqoChYmlaUgOiw,https://www.youtube.com/channel/UCX2laRqGQhqoChYmlaUgOiw
CR_YT_0977,추추의 한끼식사,@yt_uca_hpcv,YouTube,라이프스타일,일상,Korea,739000,1215277,21874986,2.76,2.1,18-34,Mixed,6418.0,12,유지,2026-06-09,없음,28,4.7,매크로,브랜디드콘텐츠,2026-06-13,728096,https://yt3.ggpht.com/uV9KKiDTQwt3oZveDGz6uhrzhI-5UE0YGg4Of49zHfiPkhITbI-WnVpe5GRoPBrskR4UqnBHrA=s240-c-k-c0x00ffffff-no-rj,UCA_HPCVwiZZNKqQpVJWEhxA,https://www.youtube.com/channel/UCA_HPCVwiZZNKqQpVJWEhxA
CR_YT_0978,한눈에 보는 세상 – Kurzgesagt,@yt_uc8rkcy_,YouTube,교육,정보,Korea,738000,592818,4742544,0.86,4.8,25-44,Mixed,3566.0,12,유지,2026-02-25,없음,6,5.0,매크로,스폰서십,2026-06-13,128399,https://yt3.ggpht.com/nrh_Nr4UG5bzup4WGXphCBxKTib5PSAVaQ25Rsv7UlXweCI2zR5xwUjQCYij-8CAvWwlTYzGUg=s240-c-k-c0x00ffffff-no-rj,UC8rKCy_tipwTEY3RdkNCKmw,https://www.youtube.com/channel/UC8rKCy_tipwTEY3RdkNCKmw
CR_YT_0979,한별Hanbyul,@yt_uc9gw47n,YouTube,뷰티,뷰티리뷰,Korea,737000,434782,6086948,0.76,4.2,18-34,Female,14400.0,8,상승,2026-05-18,없음,10,5.0,매크로,PPL,2026-06-13,260015,https://yt3.ggpht.com/iV8dETUQ6EnS_NuthnSq_WNj-qYrsuN8XzAmvWRjXVaPhR0up7nL5ZIMYcARtsK6une7RiDl=s240-c-k-c0x00ffffff-no-rj,UC9gW47NqzI1x7e8qsflvUUw,https://www.youtube.com/channel/UC9gW47NqzI1x7e8qsflvUUw
CR_YT_0980,흥미로운 이야기,@yt_uczirquu,YouTube,라이프스타일,일상,Korea,737000,354309,6731871,7.53,4.4,18-34,Mixed,8045.0,12,유지,2026-05-28,없음,35,4.7,매크로,PPL,2026-06-13,176121,https://yt3.ggpht.com/7XwGrJ4RFB-t5unX9h097AFKAKUujy_q8rcNJSw2ImIFhl_p-odEFuxX8E5adQigB7ICLBks=s240-c-k-c0x00ffffff-no-rj,UCzIrQUUq22Q-HJgtZLyXtvg,https://www.youtube.com/channel/UCzIrQUUq22Q-HJgtZLyXtvg
CR_YT_0981,캡틴따거 Captain Brother,@yt_uct_7uh4,YouTube,푸드,쿠킹,Korea,734000,275735,3308820,3.13,4.4,18-34,Mixed,11349.0,4,상승,2026-04-24,없음,19,5.0,매크로,먹방협찬,2026-06-13,147545,https://yt3.ggpht.com/QtUQRLkKCvAc8fLEBAbzpvKxyeL3qnIY3rOPzI8N8IjIaGs05rP2lcL2c43yfiBAOFCQlKJOVQ=s240-c-k-c0x00ffffff-no-rj,UCt_7uH4Igz0T_K3Qzbs1Wig,https://www.youtube.com/channel/UCt_7uH4Igz0T_K3Qzbs1Wig
CR_YT_0982,PLAYYMOVIE,@yt_uc7sh_er,YouTube,엔터테인먼트,버라이어티,Korea,733000,181097,3440843,3.78,2.2,18-34,Mixed,5753.0,12,유지,2026-04-18,확인필요,37,2.7,매크로,PPL,2026-06-13,157169,https://yt3.ggpht.com/ojVl8pXRN0bLIWhqbFKHtuXiDZgXQblJM-ooAtas4nXYoMFDexRBEJnaEvan82khBDam_KUyMyk=s240-c-k-c0x00ffffff-no-rj,UC7Sh_erU4sKLVgu2eJikrIw,https://www.youtube.com/channel/UC7Sh_erU4sKLVgu2eJikrIw
CR_YT_0983,수향TV [suhyangTV],@yt_ucuxxrqh,YouTube,푸드,쿠킹,Korea,733000,575396,6329356,7.11,2.4,18-34,Mixed,6410.0,12,하락,2026-06-05,없음,20,5.0,매크로,먹방협찬,2026-06-13,231768,https://yt3.ggpht.com/f0JxAe6jDJO6e3VqNMnDNdJE8zUisXE6sMN9X6y9INxb5jY4HqGJ1GcS1LYrNYj_FFtFSBNVqA=s240-c-k-c0x00ffffff-no-rj,UCUxXrqHwz836pHcRZRVJLhw,https://www.youtube.com/channel/UCUxXrqHwz836pHcRZRVJLhw
CR_YT_0984,Minsco 민스코,@yt_uctqgayp,YouTube,라이프스타일,리뷰,Korea,732000,227001,2724012,3.23,2.4,18-34,Mixed,2652.0,8,유지,2026-02-16,없음,31,4.7,매크로,PPL,2026-06-13,114145,https://yt3.ggpht.com/wA2bchaocTkONQQqcUA5MDz1EsLakyn3f4fD5qwHOLd1GxYmeJqT_ze1ngPJqDi4XHFWVi489Q=s240-c-k-c0x00ffffff-no-rj,UCTQGAYPtbnCEfW9IGx65kiw,https://www.youtube.com/channel/UCTQGAYPtbnCEfW9IGx65kiw
CR_YT_0985,Wall Su,@yt_uc5scpjb,YouTube,게임,게임플레이,Korea,730000,451846,6777690,1.47,2.8,18-34,Male,2333.0,12,상승,2026-02-12,없음,35,4.7,매크로,제품리뷰,2026-06-13,160599,https://yt3.ggpht.com/d4TlMjnF7kLospY1ivL-9WkyZ5Xt3QIfSHJ6jtBSaALqhf463ceUl4tSsMSBdzsC6BNN-i1s=s240-c-k-c0x00ffffff-no-rj,UC5ScPjbt-a97AJO7SBj6nAg,https://www.youtube.com/channel/UC5ScPjbt-a97AJO7SBj6nAg
CR_YT_0986,KBS WORLD Latino,@yt_uc_vrqgb,YouTube,엔터테인먼트,리액션,Korea,730000,39090,351810,7.44,4.8,18-34,Mixed,10605.0,8,상승,2026-03-28,없음,27,4.7,매크로,브랜디드콘텐츠,2026-06-13,9295,https://yt3.ggpht.com/ors3-XN_zUGxL72KeO9nNnan9eFXZ1TVw9dY029XZsh4_gdcIyvcrDHMhFSt_4sIKMiTpAAgTnM=s240-c-k-c0x00ffffff-no-rj,UC_vrqgb3YLoe2MYSJm2aO-A,https://www.youtube.com/channel/UC_vrqgb3YLoe2MYSJm2aO-A
CR_YT_0987,빵느,@yt_ucrrz5ry,YouTube,교육,강의,Korea,729000,259179,3369327,5.43,5.0,25-44,Mixed,5647.0,1,유지,2026-04-22,없음,9,4.0,매크로,스폰서십,2026-06-13,125118,https://yt3.ggpht.com/xkezT06kxIAn_eFmPYgboFDM1QfxEIQVX1QCzXiUCIZngEo7NL80rXUE--0MSEcNeU8zcyFMYA=s240-c-k-c0x00ffffff-no-rj,UCRrZ5RYIalHLiHq5ftzxM6A,https://www.youtube.com/channel/UCRrZ5RYIalHLiHq5ftzxM6A
CR_YT_0988,JINTUBE,@yt_uci66ug_,YouTube,게임,e스포츠,Korea,729000,914786,10977432,6.1,4.2,18-34,Male,13486.0,16,하락,2026-04-27,없음,37,4.2,매크로,스폰서십,2026-06-13,450207,https://yt3.ggpht.com/ytc/AIdro_lgzTkk7NYiD9HGE0Pk2JmJRopHHG_pzV_FyFoubPvxKg=s240-c-k-c0x00ffffff-no-rj,UCi66uG_I878tcnbIhN7KRcg,https://www.youtube.com/channel/UCi66uG_I878tcnbIhN7KRcg
CR_YT_0989,kimwontv김원,@yt_ucrseoif,YouTube,엔터테인먼트,브이로그,Korea,728000,222804,3119256,1.91,4.2,18-34,Mixed,7653.0,4,상승,2026-03-24,없음,11,5.0,매크로,PPL,2026-06-13,96104,https://yt3.ggpht.com/ytc/AIdro_mtOMOMf6PRW9QPTdJIUBnKc82zpqmEq1PvPDr2VKm-Z-A=s240-c-k-c0x00ffffff-no-rj,UCRSEOIfPNgUYY8xkEzxqfVg,https://www.youtube.com/channel/UCRSEOIfPNgUYY8xkEzxqfVg
CR_YT_0990,Haeeon Eats해언,@yt_ucpy1i65,YouTube,라이프스타일,일상,Korea,728000,342465,4794510,1.93,2.4,18-34,Mixed,4535.0,20,하락,2026-03-30,없음,18,5.0,매크로,PPL,2026-06-13,147511,https://yt3.ggpht.com/yiQM8ThTnv3mXBDc6iJ3avzfLlksjhvVNoOwL9bOMSpqE4KMjT10RC70Ur14Oz_rwjvf8XMp4w=s240-c-k-c0x00ffffff-no-rj,UCPY1I65kTjzcbh6NLeI1pYw,https://www.youtube.com/channel/UCPY1I65kTjzcbh6NLeI1pYw
CR_YT_0991,민또 경또,@yt_uccw6uyi,YouTube,게임,게임리뷰,Korea,728000,545364,6544368,2.8,3.5,18-34,Male,13807.0,2,하락,2026-03-13,없음,15,4.5,매크로,제품리뷰,2026-06-13,177988,https://yt3.ggpht.com/oXmy9O-lN5JieccmUbnhBQSeGMZZC3UUaxKzCrCRb6xM6d5b634cffTnGCgQoKE-j9wlEjx-c3g=s240-c-k-c0x00ffffff-no-rj,UCCW6uYIUP4YKKe50k-ktVAw,https://www.youtube.com/channel/UCCW6uYIUP4YKKe50k-ktVAw
CR_YT_0992,슬기로운 캠핑생활,@yt_ucz_ny4v,YouTube,여행,여행브이로그,Korea,728000,351288,3512880,4.92,3.5,25-44,Mixed,1076.0,2,하락,2026-05-06,없음,6,4.5,매크로,스폰서십,2026-06-13,89834,https://yt3.ggpht.com/vdZKsa7pPA5qjgVAP6vVLEMWaDOsh4qLuwk5HTaCBcn0Fqvv2e26aMHqdLJsTFgT0eP6ShsP2Q=s240-c-k-c0x00ffffff-no-rj,UCz_Ny4VP2kVss2DX7UfTukQ,https://www.youtube.com/channel/UCz_Ny4VP2kVss2DX7UfTukQ
CR_YT_0993,정동원(JD1),@yt_ucrlq0ov,YouTube,엔터테인먼트,예능,Korea,726000,890269,7122152,2.75,4.8,18-34,Mixed,12550.0,8,유지,2026-04-24,없음,33,4.7,매크로,브랜디드콘텐츠,2026-06-13,227595,https://yt3.ggpht.com/1Lt1Ekht6QeOP18W8-x-YqhpKnocd9CqjQI6YPxiUcaiu5DChDGQgIZXp1SQjjunywibK0gq=s240-c-k-c0x00ffffff-no-rj,UCrLQ0ovys23H9xBV6U-Sd4A,https://www.youtube.com/channel/UCrLQ0ovys23H9xBV6U-Sd4A
CR_YT_0994,김동희 세계관,@yt_ucfzjsxl,YouTube,엔터테인먼트,예능,Korea,725000,1379126,19307764,1.19,2.4,18-34,Mixed,12153.0,4,상승,2026-02-10,없음,12,5.0,매크로,PPL,2026-06-13,672733,https://yt3.ggpht.com/XiLrf0ATMVTqo6m65zyP94zoFywkX0U93TESjNUWC_29hM-F-f07-rMIYfIUymEgIF1y0D8EOpk=s240-c-k-c0x00ffffff-no-rj,UCFzjsxlOqoJ-U5QJmGBlJ_g,https://www.youtube.com/channel/UCFzjsxlOqoJ-U5QJmGBlJ_g
CR_YT_0995,웅이woongei,@yt_uck72hql,YouTube,푸드,먹방,Korea,724000,533024,8528384,4.13,4.2,18-34,Mixed,5065.0,16,상승,2026-05-14,없음,9,5.0,매크로,먹방협찬,2026-06-13,265726,https://yt3.ggpht.com/Lrky4QVvZ1ZZOvOpeWmJZE6i56fN_2Uy4U93ZI0A5sdf0RJbjgWUZtlh1NPpM4achomcYWZtXA=s240-c-k-c0x00ffffff-no-rj,UCK72hqlUxI_E5VwL4cy8-ww,https://www.youtube.com/channel/UCK72hqlUxI_E5VwL4cy8-ww
CR_YT_0996,인범티비 INBUMTV,@yt_uc5z93mq,YouTube,엔터테인먼트,버라이어티,Korea,724000,1328016,17264208,4.97,4.5,18-34,Mixed,9596.0,16,상승,2026-02-26,없음,7,5.0,매크로,PPL,2026-06-13,479530,https://yt3.ggpht.com/-ve5FZa7djK4Zp55PMsZ9T4E3jvDQ67EeYip8Dg_mpKmPgJOw-vHHcVzIqN7JojGBFgKN_FV5Q=s240-c-k-c0x00ffffff-no-rj,UC5Z93mqXwoxiaAiB6-MefAg,https://www.youtube.com/channel/UC5Z93mqXwoxiaAiB6-MefAg
CR_YT_0997,보따,@yt_ucrykatj,YouTube,엔터테인먼트,버라이어티,Korea,724000,875451,15758118,4.26,3.5,18-34,Mixed,3379.0,2,상승,2026-04-22,없음,36,3.7,매크로,브랜디드콘텐츠,2026-06-13,439638,https://yt3.ggpht.com/ehHiWYEi7cxU59YD5gONeoZKoO1L_nwJ1OP8yQWBQ0QPAsEpPimJ_1GXCROfc7c1uPerT64ZlUU=s240-c-k-c0x00ffffff-no-rj,UCRykAtJOBcxnAJHmSVZhomw,https://www.youtube.com/channel/UCRykAtJOBcxnAJHmSVZhomw
CR_YT_0998,요정재형,@yt_ucn5xdqt,YouTube,엔터테인먼트,버라이어티,Korea,724000,467532,4207788,5.39,4.1,18-34,Mixed,9394.0,1,하락,2026-05-04,없음,31,3.7,매크로,PPL,2026-06-13,146358,https://yt3.ggpht.com/y3JMnr5ZNC0flAJhoqb-5vceNtB5fpX590cFC5ssSbJsRvs0o9ONjqFaYzYgAmjFs8_Jmh2PwTU=s240-c-k-c0x00ffffff-no-rj,UCN5XdqTDRbyjXPF5NXUqWdA,https://www.youtube.com/channel/UCN5XdqTDRbyjXPF5NXUqWdA
CR_YT_0999,춤추는 소정 爱跳舞的晶晶,@yt_ucijo9f_,YouTube,라이프스타일,리뷰,Korea,724000,150000,2400000,1.94,2.9,18-34,Mixed,7608.0,2,유지,2026-05-20,없음,23,4.5,매크로,브랜디드콘텐츠,2026-06-13,92788,https://yt3.ggpht.com/TzavBLWLcwVcewbsMjNuNDXSn4aRelBIj3x8oFOrO8Iaolqc5fkDNHYIqEWNNbPk135tTKoZEA=s240-c-k-c0x00ffffff-no-rj,UCijO9F_2wrNswNpvXq4F6cw,https://www.youtube.com/channel/UCijO9F_2wrNswNpvXq4F6cw
CR_YT_1000,ASMR Crush on 9,@yt_ucgr_2yz,YouTube,라이프스타일,리뷰,Korea,722000,290076,4351140,2.25,4.9,18-34,Mixed,6984.0,20,상승,2026-01-30,없음,23,5.0,매크로,브랜디드콘텐츠,2026-06-13,131519,https://yt3.ggpht.com/3fOwHpNkYkgDrTU1GMcIUmoi95FaD5uE4rV-fMtWS785YTWHkeYXrmCJbBDGvfM7TNZh-Q8A9w=s240-c-k-c0x00ffffff-no-rj,UCgr_2yzDXL34EwXMEHEYVSg,https://www.youtube.com/channel/UCgr_2yzDXL34EwXMEHEYVSg
CR_YT_1001,난쟁이성현,@yt_ucqv0qy_,YouTube,라이프스타일,일상,Korea,722000,234375,2343750,3.05,2.3,18-34,Mixed,11718.0,16,유지,2026-03-02,없음,30,4.7,매크로,브랜디드콘텐츠,2026-06-13,80102,https://yt3.ggpht.com/awezYTFh_IW4X4NWMlMZgI34mAwXQoRcEpS2MvoDbt2vvoWLqg4dVsknO5med6d0bA9voV8Z=s240-c-k-c0x00ffffff-no-rj,UCQV0Qy_1fqzbHloomT2JHfQ,https://www.youtube.com/channel/UCQV0Qy_1fqzbHloomT2JHfQ
CR_YT_1002,저라뎃 JUSTLIKETHAT,@yt_uc1dg3vi,YouTube,게임,e스포츠,Korea,721000,237182,1897456,4.56,4.7,18-34,Male,11691.0,20,유지,2026-04-16,확인필요,31,3.2,매크로,스폰서십,2026-06-13,57154,https://yt3.ggpht.com/QKlm-Msm4K62-CJYKMKjaPfjfHRa87ZHLN4JWAP0EY7mYhv1wXsnmMsQWGB8QHg61Uq_VnO1Qw=s240-c-k-c0x00ffffff-no-rj,UC1dG3vI9FfHnH3YgyeKUz_A,https://www.youtube.com/channel/UC1dG3vI9FfHnH3YgyeKUz_A
CR_YT_1003,푸린,@yt_uc7bcrli,YouTube,게임,게임플레이,Korea,720000,233265,3265710,3.9,2.8,18-34,Male,3675.0,1,상승,2026-04-15,없음,22,4.0,매크로,스폰서십,2026-06-13,137847,https://yt3.ggpht.com/WkC7EfwjyQKMLTBfStdz5sExGYjZhFWs8PgMi5lLotzUWcpnfuQ_jHbVitpPWaTlila_kmExihU=s240-c-k-c0x00ffffff-no-rj,UC7bcRlidTERRb_MKRHPVSnw,https://www.youtube.com/channel/UC7bcRlidTERRb_MKRHPVSnw
CR_YT_1004,남서연SEOYEON,@yt_ucyend5f,YouTube,라이프스타일,브이로그,Korea,720000,436706,4803766,1.83,2.6,18-34,Mixed,9393.0,16,유지,2026-01-06,없음,12,5.0,매크로,PPL,2026-06-13,176258,https://yt3.ggpht.com/YVDldZ_UtGKxw_xYVTX_FM38M9a0BLtEQG9OfZ0GSWPeravvcd6tBqX2da8Ku63hrM2r4HXnPw=s240-c-k-c0x00ffffff-no-rj,UCyEND5Fs12dRsUsmjBy4ZbQ,https://www.youtube.com/channel/UCyEND5Fs12dRsUsmjBy4ZbQ
CR_YT_1005,건강구조대,@yt_ucatdnml,YouTube,푸드,먹방,Korea,719000,189982,3799640,6.74,3.0,18-34,Mixed,1214.0,4,상승,2026-02-10,확인필요,40,2.7,매크로,먹방협찬,2026-06-13,122276,https://yt3.ggpht.com/muPCT9Tn5Tt4XVzyPg1DNF4M4r06Askha5kzzJ7OSfZvsVrYNeIaPbPWMa19hQenbF5h2KKN=s240-c-k-c0x00ffffff-no-rj,UCatDnMlI2LI2dDb15BuZbAg,https://www.youtube.com/channel/UCatDnMlI2LI2dDb15BuZbAg
CR_YT_1006,Koreanet,@yt_uc6orqb8,YouTube,엔터테인먼트,예능,Korea,718000,53763,860208,6.24,2.9,18-34,Mixed,3626.0,2,상승,2026-01-06,없음,28,4.2,매크로,브랜디드콘텐츠,2026-06-13,28010,https://yt3.ggpht.com/BY-Srmmc28CYcnVQ15_RYPJQtUCrSHteMUnwZ1KMezYMqCN14UyUUIDhWMcuweLYzMs8QRQaKBs=s240-c-k-c0x00ffffff-no-rj,UC6oRqb8L9Cv8yOu8hm4E__g,https://www.youtube.com/channel/UC6oRqb8L9Cv8yOu8hm4E__g
CR_YT_1007,니후Nihoo,@yt_ucrkbbxl,YouTube,라이프스타일,리뷰,Korea,718000,627240,12544800,1.32,3.2,18-34,Mixed,4871.0,8,상승,2026-01-09,없음,7,5.0,매크로,PPL,2026-06-13,567965,https://yt3.ggpht.com/ytc/AIdro_k-DQbBEzAmXDzNF1W33Lug3hpiavHPH9LU_LWXsdiksQ=s240-c-k-c0x00ffffff-no-rj,UCRkBBXlng9x1PBS4bZs9oZg,https://www.youtube.com/channel/UCRkBBXlng9x1PBS4bZs9oZg
CR_YT_1008,집사TV,@yt_ucrslt5z,YouTube,게임,게임리뷰,Korea,718000,1045576,12546912,7.0,3.1,18-34,Male,13211.0,8,상승,2026-05-10,없음,13,5.0,매크로,제품리뷰,2026-06-13,512307,https://yt3.ggpht.com/zZVVOWrr8XZhN_2lufI8IYGkaN2vWJx50dmbrvZflw_XihaXcAo11dDJKw4G4rCXGmjXyW6hrw=s240-c-k-c0x00ffffff-no-rj,UCRsLT5zPV5LBgBM8TJOOg_Q,https://www.youtube.com/channel/UCRsLT5zPV5LBgBM8TJOOg_Q
CR_YT_1009,김인호TV,@yt_ucjg9l0s,YouTube,엔터테인먼트,브이로그,Korea,717000,475150,9027850,6.36,2.1,18-34,Mixed,2702.0,16,하락,2026-06-05,없음,39,4.2,매크로,브랜디드콘텐츠,2026-06-13,358839,https://yt3.ggpht.com/12spfJ3WJNQzBxQfZ2lvmfiLj_JSxbFwRR9-aA5t1DMTxnLen0ws0tk4XRDeUmdjIuutjNPPBg=s240-c-k-c0x00ffffff-no-rj,UCJg9L0svbnuPcjOcqLbi_3g,https://www.youtube.com/channel/UCJg9L0svbnuPcjOcqLbi_3g
CR_YT_1010,쿠빈 KUBIN,@yt_ucopx6jw,YouTube,라이프스타일,일상,Korea,717000,731481,8777772,3.9,4.2,18-34,Mixed,1945.0,4,하락,2026-03-16,없음,22,5.0,매크로,브랜디드콘텐츠,2026-06-13,365547,https://yt3.ggpht.com/xNUi1D3su__MnmT4CkkUa5nWL9J55qCQM0fENEC6ux3PvmYIKR1pHlKw1lUbwZvzMZDO3pPMmko=s240-c-k-c0x00ffffff-no-rj,UCOPX6JWXfqeArdhVsHvl_Vw,https://www.youtube.com/channel/UCOPX6JWXfqeArdhVsHvl_Vw
CR_YT_1011,춤추는곰돌,@yt_ucfhvpgz,YouTube,엔터테인먼트,브이로그,Korea,717000,72727,1018178,8.24,3.7,18-34,Mixed,8231.0,8,상승,2026-05-08,없음,23,5.0,매크로,브랜디드콘텐츠,2026-06-13,25968,https://yt3.ggpht.com/SFDp6aIEK21xwZSCzKekxU-aHU0rrgl-JWZhH_7xjGq_vgepO2rlSiHVgZb8V09324qubOcPBKo=s240-c-k-c0x00ffffff-no-rj,UCFhvPGzMa67wJTx_wiVIcSQ,https://www.youtube.com/channel/UCFhvPGzMa67wJTx_wiVIcSQ
CR_YT_1012,삼식,@yt_ucmooio1,YouTube,게임,게임리뷰,Korea,715000,136810,2599390,3.48,3.6,18-34,Male,14640.0,1,유지,2026-04-05,없음,33,3.7,매크로,스폰서십,2026-06-13,84527,https://yt3.ggpht.com/5QKyaxAaP3W6X1d5SpFOA4KW1i7wwR9NveNsbwfxmbSHSW3Gz7ST14_5v4QE9NlPTXBZoSyCMQ=s240-c-k-c0x00ffffff-no-rj,UCMOOio1GZ50OeJT58DGBQCA,https://www.youtube.com/channel/UCMOOio1GZ50OeJT58DGBQCA
CR_YT_1013,다노언니 제시,@yt_ucxm_kj6,YouTube,푸드,쿠킹,Korea,714000,204741,3071115,5.64,3.0,18-34,Mixed,2954.0,20,유지,2026-01-22,없음,10,5.0,매크로,먹방협찬,2026-06-13,112014,https://yt3.ggpht.com/meEHtW1HzF_TXu7UTQqhBaFivt34rJF4kr4x1ZTgvduLXR2GTBPJJgS12JQEHSpKf9qpfOtC0Eg=s240-c-k-c0x00ffffff-no-rj,UCxM_KJ601hwrOpjVC07iMVQ,https://www.youtube.com/channel/UCxM_KJ601hwrOpjVC07iMVQ
CR_YT_1014,듣고가소민ListenSomin,@yt_uch3d-ny,YouTube,엔터테인먼트,리액션,Korea,714000,432679,4326790,7.2,3.6,18-34,Mixed,7655.0,20,유지,2026-02-08,확인필요,19,3.5,매크로,PPL,2026-06-13,141664,https://yt3.ggpht.com/LUDLulCtNlF-ev1zRQjkawczPhvPcLsq5JL2-hY7ViXjSNg_VX0000WxpJY8M8gjKYhVS9QtlQ=s240-c-k-c0x00ffffff-no-rj,UCh3D-ny3S_wqYYbFY8Euusg,https://www.youtube.com/channel/UCh3D-ny3S_wqYYbFY8Euusg
CR_YT_1015,유리스마,@yt_ucmug6rf,YouTube,교육,정보,Korea,714000,14188,113504,5.02,3.2,25-44,Mixed,11448.0,1,유지,2026-03-22,없음,22,4.0,매크로,스폰서십,2026-06-13,3499,https://yt3.ggpht.com/_siU2sirswtza_hqxeGneCFabuhHCtKYWIe2eV1OWu-g34mVSnN4Ty7pNu63TaM9FTeXjzUhug=s240-c-k-c0x00ffffff-no-rj,UCMUg6rFjwgUj_e_uGGmJwpQ,https://www.youtube.com/channel/UCMUg6rFjwgUj_e_uGGmJwpQ
CR_YT_1016,1분예능모음zip,@yt_uc8pqfcp,YouTube,라이프스타일,일상,Korea,714000,2952380,53142840,4.19,3.4,18-34,Mixed,6673.0,12,상승,2026-01-04,없음,10,5.0,매크로,PPL,2026-06-13,1532316,https://yt3.ggpht.com/DrmxydyznEF4zQnYHwrygJtcLAPUomW8dGsKns-fKEfVGM2uj5fpRE-7XNVulGf-tRK6cTJr3_s=s240-c-k-c0x00ffffff-no-rj,UC8pqfCpRwtOeVG3lfvlkb9w,https://www.youtube.com/channel/UC8pqfCpRwtOeVG3lfvlkb9w
CR_YT_1017,BLACK DOOR,@yt_ucsc_suw,YouTube,엔터테인먼트,브이로그,Korea,713000,194029,1940290,1.47,2.6,18-34,Mixed,6651.0,20,상승,2026-05-21,확인필요,12,3.5,매크로,브랜디드콘텐츠,2026-06-13,68812,https://yt3.ggpht.com/vHuaHQ0NxOOv9eAhquVRdcOahLB-_H3ZzEbdY0KFyiLIADvAU-xXXW8d-ESM1dDfOTFoQkFU_II=s240-c-k-c0x00ffffff-no-rj,UCSC_SUwMtGauYRIdKTkLDzg,https://www.youtube.com/channel/UCSC_SUwMtGauYRIdKTkLDzg
CR_YT_1018,SUNBA선바,@yt_ucipsyib,YouTube,엔터테인먼트,버라이어티,Korea,712000,365541,5117574,2.87,3.3,18-34,Mixed,9419.0,4,유지,2026-03-16,없음,22,5.0,매크로,브랜디드콘텐츠,2026-06-13,167103,https://yt3.ggpht.com/ytc/AIdro_nmTXWAQY2-Q2mwEIKok5YWPLWY2On0lhYdHvIbDs4-7qc=s240-c-k-c0x00ffffff-no-rj,UCIPSyiBBm9VtWGj-Q7trkKw,https://www.youtube.com/channel/UCIPSyiBBm9VtWGj-Q7trkKw
CR_YT_1019,yeondukong 연두콩,@yt_ucaubdyd,YouTube,뷰티,스킨케어,Korea,712000,159235,2547760,6.92,4.9,18-34,Female,7346.0,4,상승,2026-02-12,없음,38,4.2,매크로,제품리뷰,2026-06-13,100170,https://yt3.ggpht.com/I-f9GIts_hzvyYTaExLWZR2u-taQZjTvnGxxTOauyK_cNKZw9Fk7hhylxvpY9VOiyP1Uqx5B=s240-c-k-c0x00ffffff-no-rj,UCAUbDYDwV34yk6pYiZg_CzA,https://www.youtube.com/channel/UCAUbDYDwV34yk6pYiZg_CzA
CR_YT_1020,자곰 JAGOM ASMR,@yt_ucxnv4nn,YouTube,푸드,먹방,Korea,712000,411676,6586816,4.29,3.0,18-34,Mixed,14903.0,2,상승,2026-02-21,없음,14,4.5,매크로,먹방협찬,2026-06-13,263594,https://yt3.ggpht.com/hoHICCUcrJ6aWMuC5LlC-DpNcvaPiCXp_uxqGFUy6zrut61Geg7V6zC2oNCQBA-meb5bhUlVyw=s240-c-k-c0x00ffffff-no-rj,UCXnv4nN5sz1CLAZeteyH90g,https://www.youtube.com/channel/UCXnv4nN5sz1CLAZeteyH90g
CR_YT_1021,뿌직 PPUJIG,@yt_ucdw6-1b,YouTube,라이프스타일,브이로그,Korea,708000,1036106,19686014,4.17,2.3,18-34,Mixed,1468.0,12,하락,2026-06-10,없음,34,4.7,매크로,브랜디드콘텐츠,2026-06-13,502448,https://yt3.ggpht.com/ellHIqJNDN_08CJ_76tX1fNWls3Eeu5JrqSdzKso69QnBBiwd8Hgp5Okt5YPHj8xpipfZQcKrA=s240-c-k-c0x00ffffff-no-rj,UCDW6-1BLKS3iGqa3jWZm1yw,https://www.youtube.com/channel/UCDW6-1BLKS3iGqa3jWZm1yw
CR_YT_1022,제로크림,@yt_uctrfqg_,YouTube,푸드,먹방,Korea,708000,2307692,18461536,2.7,4.5,18-34,Mixed,4933.0,20,하락,2026-05-24,없음,32,4.7,매크로,제품리뷰,2026-06-13,830471,https://yt3.ggpht.com/NXsQENMzLV7T-C1LevJKuYpmcTfrJ45OG-5_BTML1ZfIhdwI3iuTLB0G61Yw9lnJ4P8hoDh__w=s240-c-k-c0x00ffffff-no-rj,UCTrfqg_jf37pVetVuLBjZ0g,https://www.youtube.com/channel/UCTrfqg_jf37pVetVuLBjZ0g
CR_YT_1023,YOUTOO - 유투 애니메이션 -,@yt_ucvh22ct,YouTube,엔터테인먼트,버라이어티,Korea,706000,1055634,16890144,2.12,3.8,18-34,Mixed,4313.0,1,상승,2026-03-26,없음,18,4.0,매크로,PPL,2026-06-13,646959,https://yt3.ggpht.com/EB3kicbpQYH7rg3JNRmdppNwmtEZAdye3qn9-J-EKHa8ucUeY7W4frZSQQCJ4QweogQw7i-fCg=s240-c-k-c0x00ffffff-no-rj,UCvH22CTIo6UYsroNXe6CPtA,https://www.youtube.com/channel/UCvH22CTIo6UYsroNXe6CPtA
CR_YT_1024,STUDIO DIA 스튜디오 다이아,@yt_ucjoslp-,YouTube,엔터테인먼트,버라이어티,Korea,706000,289473,4921041,5.24,2.8,18-34,Mixed,539.0,20,상승,2026-06-07,없음,35,4.7,매크로,브랜디드콘텐츠,2026-06-13,203466,https://yt3.ggpht.com/tsET56OZsVmnBgREUpFDAgOvIADQ96-Ezy7aOFrvzpjfJeKcN1BL9UyQX8-TpEiLLTp_N8IL=s240-c-k-c0x00ffffff-no-rj,UCjOslp-74AgL4gaUWvojZbw,https://www.youtube.com/channel/UCjOslp-74AgL4gaUWvojZbw
CR_YT_1025,리뷰야놀자,@yt_ucx0qk4q,YouTube,엔터테인먼트,브이로그,Korea,705000,1901913,19019130,4.3,2.0,18-34,Mixed,12205.0,1,유지,2026-03-19,없음,8,4.0,매크로,PPL,2026-06-13,507388,https://yt3.ggpht.com/AbUn8_fauNhZ6_Gh9AO5zpqgvH8A3gGMCMQi-DSooK-qjWCxWyQAvj6r2itBg-LY6-_i4tHlA6M=s240-c-k-c0x00ffffff-no-rj,UCX0Qk4QtPOlEwBmsbIG4vOg,https://www.youtube.com/channel/UCX0Qk4QtPOlEwBmsbIG4vOg
CR_YT_1026,하비 Havy,@yt_ucdzlgqg,YouTube,엔터테인먼트,리액션,Korea,705000,255639,4090224,2.43,3.2,18-34,Mixed,5647.0,20,하락,2026-06-04,없음,29,4.7,매크로,브랜디드콘텐츠,2026-06-13,167972,https://yt3.ggpht.com/9Tc7aO71SnBAZOnkkDaXhGNsHGZdYtR6Bbm5IpNDga3lychYAehlAnaX7VfFI2sNflpHUeyWORA=s240-c-k-c0x00ffffff-no-rj,UCDZLGQgP9GLYG94addcBZjA,https://www.youtube.com/channel/UCDZLGQgP9GLYG94addcBZjA
CR_YT_1027,최강록 Ultra Taste Diary,@yt_uc5-f4v2,YouTube,라이프스타일,리뷰,Korea,705000,274542,3019962,8.06,4.5,18-34,Mixed,8627.0,16,유지,2026-01-31,없음,14,5.0,매크로,브랜디드콘텐츠,2026-06-13,137785,https://yt3.ggpht.com/HZjqQ5iyIur0d9EPGfa2KA2B9aeW8LYCtQK7Vr0l9EUv17E6AGTFKHJGgFRDkbhDzIthJX3q3AI=s240-c-k-c0x00ffffff-no-rj,UC5-f4v2bWroSgTA-IBuXKMw,https://www.youtube.com/channel/UC5-f4v2bWroSgTA-IBuXKMw
CR_YT_1028,방가네,@yt_ucapilmo,YouTube,라이프스타일,리뷰,Korea,704000,767230,12275680,5.72,2.5,18-34,Mixed,11676.0,20,유지,2026-02-24,없음,28,4.7,매크로,브랜디드콘텐츠,2026-06-13,544153,https://yt3.ggpht.com/ytc/AIdro_m7zYcNwOfwlN6mkVxg6uvQXQTqjvF15DJByHdZR6g95GQ=s240-c-k-c0x00ffffff-no-rj,UCaPILmoV3QD5i0x5eld2oaA,https://www.youtube.com/channel/UCaPILmoV3QD5i0x5eld2oaA
CR_YT_1029,CHUL SOON HWANG,@yt_ucby7nfn,YouTube,엔터테인먼트,버라이어티,Korea,704000,441176,7499992,8.48,4.8,18-34,Mixed,11341.0,8,상승,2026-04-03,없음,28,4.7,매크로,PPL,2026-06-13,272963,https://yt3.ggpht.com/IZ_atnpQfjLWEdAW2fBLOZjpVU06KiBIgfa8FShm0UfAl48eZv7GkfK8JqY09_uNTdPD1bpy7B8=s240-c-k-c0x00ffffff-no-rj,UCbY7nfn_euNV4xMQAUzd60Q,https://www.youtube.com/channel/UCbY7nfn_euNV4xMQAUzd60Q
CR_YT_1030,H녀,@yt_ucikefy4,YouTube,엔터테인먼트,예능,Korea,703000,990990,15855840,5.19,3.0,18-34,Mixed,688.0,4,유지,2026-05-03,없음,21,5.0,매크로,PPL,2026-06-13,442072,https://yt3.ggpht.com/YHA2HDj6dt07Qrtbfdyi94eKId71Bmoz6z9LfcLCbCv_RRnxUTYSn0p_IkW9k6Qkp_04Lq-56A=s240-c-k-c0x00ffffff-no-rj,UCiKEFY49JIvpOOdTHgsWQHw,https://www.youtube.com/channel/UCiKEFY49JIvpOOdTHgsWQHw
CR_YT_1031,세바시 인생질문,@yt_ucn-9ehv,YouTube,라이프스타일,리뷰,Korea,703000,170807,2391298,6.06,2.8,18-34,Mixed,12438.0,16,유지,2026-05-06,없음,8,5.0,매크로,브랜디드콘텐츠,2026-06-13,58247,https://yt3.ggpht.com/eIVu4rntdK9NHtcqeXOfAdalVqPMTFMEcE0TZF5wN2TWXyeVe_61sNOSgfaaW91Nmt7Glecr2zg=s240-c-k-c0x00ffffff-no-rj,UCN-9Ehv9GC5fFwveWWJ3ibg,https://www.youtube.com/channel/UCN-9Ehv9GC5fFwveWWJ3ibg
CR_YT_1032,마재TV,@yt_uc7ukmg7,YouTube,게임,e스포츠,Korea,702000,117446,1174460,7.5,4.3,18-34,Male,918.0,20,상승,2026-02-03,확인필요,11,3.5,매크로,제품리뷰,2026-06-13,40378,https://yt3.ggpht.com/O0NqS-cu0Pcd23N0202iXOXvp_fhppMoDOhiiYCRBxWpj67kmR_43bFSaTXAOPOppm4gYbmx6w=s240-c-k-c0x00ffffff-no-rj,UC7uKMg7lPdCp4Nm1tLesihQ,https://www.youtube.com/channel/UC7uKMg7lPdCp4Nm1tLesihQ
CR_YT_1033,어쿠스틱 드링크,@yt_uc1fz59n,YouTube,뷰티,메이크업,Korea,701000,1061046,9549414,7.27,2.2,18-34,Female,12939.0,16,유지,2026-03-27,없음,8,5.0,매크로,제품리뷰,2026-06-13,316308,https://yt3.ggpht.com/s-5KD4g_JdsYu_x6JED3k7-AQD9mTkvQNkMSglKxpsvqmD_Ooz9j19WYs7rtZzbs7iFycu5jXA=s240-c-k-c0x00ffffff-no-rj,UC1FZ59NCoUOpveg6nP6Dm-A,https://www.youtube.com/channel/UC1FZ59NCoUOpveg6nP6Dm-A
CR_YT_1034,케이,@yt_ucia-lph,YouTube,엔터테인먼트,브이로그,Korea,700000,229753,4135554,3.03,4.1,18-34,Mixed,14138.0,12,유지,2026-01-17,없음,28,4.7,매크로,브랜디드콘텐츠,2026-06-13,178347,https://yt3.ggpht.com/CJGN16bWPZ8hnj1AhpRsBsDiyLqPfNHeSSM1QsTBGYOPJAcSoDmuVjUm1YnGs9ohx3iVdkclbw=s240-c-k-c0x00ffffff-no-rj,UCIA-LPHNERP2MDUQpp2RVHg,https://www.youtube.com/channel/UCIA-LPHNERP2MDUQpp2RVHg
CR_YT_1035,정서불안 김햄찌,@yt_ucu5bngb,YouTube,라이프스타일,리뷰,Korea,699000,2168674,23855414,4.51,4.2,18-34,Mixed,4495.0,1,상승,2026-02-14,없음,16,4.0,매크로,브랜디드콘텐츠,2026-06-13,1015869,https://yt3.ggpht.com/DtnsCJ0mRt8kgaWDoQDhgLcEN6TM8e5a6g7HPrRsShn43grqd0HOoteYkZuyfge01fWtki5r=s240-c-k-c0x00ffffff-no-rj,UCU5Bngb-griCg_96ZXpXOgg,https://www.youtube.com/channel/UCU5Bngb-griCg_96ZXpXOgg
CR_YT_1036,쯔양밖정원,@yt_uchrx2qb,YouTube,라이프스타일,리뷰,Korea,698000,864852,15567336,7.2,2.0,18-34,Mixed,5451.0,4,하락,2026-05-25,없음,40,4.2,매크로,PPL,2026-06-13,634514,https://yt3.ggpht.com/P2bN45vGIlXY6t9FgKw9DclRSPh7JBilZZ6yg-DvVKmGqrW3_ej07oUaRdIiUdJ2w5WXVfrxzOQ=s240-c-k-c0x00ffffff-no-rj,UCHrX2qBKBuS2aUZkvr-UdxA,https://www.youtube.com/channel/UCHrX2qBKBuS2aUZkvr-UdxA
CR_YT_1037,뽀구미,@yt_uco78bqw,YouTube,엔터테인먼트,버라이어티,Korea,698000,385617,5784255,7.84,2.5,18-34,Mixed,9586.0,1,상승,2026-02-25,없음,16,4.0,매크로,브랜디드콘텐츠,2026-06-13,146864,https://yt3.ggpht.com/Szx6vUfXHhYz-UOiDqGD3Y-yZEmkazvylRp-4VIoMKAYQYj5lDwDsd0MirZXKM33zMsTYK5uDQ=s240-c-k-c0x00ffffff-no-rj,UCO78BQwAIG-pEfhgJEt-VRQ,https://www.youtube.com/channel/UCO78BQwAIG-pEfhgJEt-VRQ
CR_YT_1038,PURPLE KISS,@yt_ucor8nqn,YouTube,라이프스타일,리뷰,Korea,698000,189681,3414258,1.15,4.2,18-34,Mixed,9814.0,2,상승,2026-03-21,없음,24,4.5,매크로,PPL,2026-06-13,109503,https://yt3.ggpht.com/AzAIT8v0YppNs7JQk4DryqX8fijJos5EVy7L9z7e9GXW1aUfoUNNNVxex4y5OECwo5BLW9iTig=s240-c-k-c0x00ffffff-no-rj,UCor8nQnEdMs4eBcU-uVBQ8g,https://www.youtube.com/channel/UCor8nQnEdMs4eBcU-uVBQ8g
CR_YT_1039,아오니 AONI,@yt_uchbt1km,YouTube,게임,게임리뷰,Korea,698000,697674,5581392,2.8,2.8,18-34,Male,12611.0,12,유지,2026-03-17,없음,25,5.0,매크로,제품리뷰,2026-06-13,179631,https://yt3.ggpht.com/fWaH9y7A9EUgObYdEPEdfCFB1urmiguzBLH06281DESVMbKZelpXbjiMfROo-9HBdix5zQsx=s240-c-k-c0x00ffffff-no-rj,UCHbT1KmTlkocMT0z5VB4bUg,https://www.youtube.com/channel/UCHbT1KmTlkocMT0z5VB4bUg
CR_YT_1040,그분이 알고싶다,@yt_ucfh6s4v,YouTube,엔터테인먼트,버라이어티,Korea,697000,726630,8719560,2.62,3.5,18-34,Mixed,9806.0,12,유지,2026-05-30,없음,28,4.7,매크로,브랜디드콘텐츠,2026-06-13,345379,https://yt3.ggpht.com/P8dClCgITnsnVdkWI0iQr5Sozjou7cOLdfNEl0gSMrsph6LtthSiZROVZxhz1rA568BBNtkw=s240-c-k-c0x00ffffff-no-rj,UCfH6s4v-giFKJx9qNmtz7bA,https://www.youtube.com/channel/UCfH6s4v-giFKJx9qNmtz7bA
CR_YT_1041,지호토이TV JIHOTOY,@yt_ucy7h0ug,YouTube,엔터테인먼트,버라이어티,Korea,695000,308395,4317530,5.05,5.0,18-34,Mixed,10389.0,8,유지,2026-05-09,없음,27,4.7,매크로,PPL,2026-06-13,116428,https://yt3.ggpht.com/Xnwv16-t3M8nVLsBKw8bge2GK0zZQbzouif8pbG5Q5DjJOJf1CkyUVfvBXfznm-lyvHPL_zk7g=s240-c-k-c0x00ffffff-no-rj,UCy7h0uG0btRO-X9rx8oPdgg,https://www.youtube.com/channel/UCy7h0uG0btRO-X9rx8oPdgg
CR_YT_1042,bobaepapa - 보배아빠,@yt_ucrg9avk,YouTube,라이프스타일,브이로그,Korea,695000,827423,13238768,6.85,2.3,18-34,Mixed,7281.0,20,상승,2026-05-02,없음,18,5.0,매크로,PPL,2026-06-13,565251,https://yt3.ggpht.com/ytc/AIdro_nwpG8noHWePbC6gsQmN8-uMgkcyCV4tOo-QMTfqXZplOc=s240-c-k-c0x00ffffff-no-rj,UCRg9AVKnk7uUWQlVHhg-phA,https://www.youtube.com/channel/UCRg9AVKnk7uUWQlVHhg-phA
CR_YT_1043,빼밀리,@yt_uc2wex1i,YouTube,엔터테인먼트,예능,Korea,693000,167947,1679470,3.08,3.7,18-34,Mixed,2017.0,16,유지,2026-04-18,없음,7,5.0,매크로,브랜디드콘텐츠,2026-06-13,57497,https://yt3.ggpht.com/Qdm3ItHDElKTlW5_GHKTyRZ-Qy63Owh2F4DkeqhmK4uVY81cA0-oQk2lJnkFlVWGD-bh6TMhbQ=s240-c-k-c0x00ffffff-no-rj,UC2wEx1iKCgXNliHYNDxIh2A,https://www.youtube.com/channel/UC2wEx1iKCgXNliHYNDxIh2A
CR_YT_1044,김해준,@yt_ucpwgquq,YouTube,엔터테인먼트,브이로그,Korea,691000,399719,5995785,5.68,2.3,18-34,Mixed,8428.0,4,상승,2026-06-01,없음,24,5.0,매크로,PPL,2026-06-13,186728,https://yt3.ggpht.com/6zL7Tij8cpf1Z3lDSEEz9cydv2eyd5S2VRm-1rLVJsXuiO7VqpntDIJbkO6bjHCh4CoXhni_SQ=s240-c-k-c0x00ffffff-no-rj,UCPwGQuQiIqvUTfa_OKZL7qQ,https://www.youtube.com/channel/UCPwGQuQiIqvUTfa_OKZL7qQ
CR_YT_1045,류스펜나 (RYU'S PENNA),@yt_uckglgs2,YouTube,엔터테인먼트,브이로그,Korea,689000,262919,4469623,6.35,3.4,18-34,Mixed,9214.0,2,유지,2026-01-11,없음,21,4.5,매크로,PPL,2026-06-13,176721,https://yt3.ggpht.com/DcjhvI0278G8Bx1_N1RyQAkzMrXj5IBFfRekPBxZbJBcL1exD_7ZDcKIivGEq9bjc09TtUaN=s240-c-k-c0x00ffffff-no-rj,UCkGLGs2ZCNRSlOs9s-8S_qA,https://www.youtube.com/channel/UCkGLGs2ZCNRSlOs9s-8S_qA
CR_YT_1046,온스테이지ONSTAGE,@yt_ucacti7f,YouTube,엔터테인먼트,예능,Korea,688000,148038,1628418,7.71,3.5,18-34,Mixed,14333.0,8,유지,2026-05-12,없음,32,4.7,매크로,브랜디드콘텐츠,2026-06-13,66994,https://yt3.ggpht.com/Z0C8bZjAjIqGdp8ge6g5PY8FtFy1AhK6N7rNY2vt2XKN1Xw7ULoYdWvSLi5yn2c8ZNd4mksJgA=s240-c-k-c0x00ffffff-no-rj,UCACti7fagQ5OH_47IaWwpPQ,https://www.youtube.com/channel/UCACti7fagQ5OH_47IaWwpPQ
CR_YT_1047,캡틴라미[captain ramy],@yt_ucve-zq_,YouTube,엔터테인먼트,버라이어티,Korea,688000,456553,4565530,7.59,4.9,18-34,Mixed,8736.0,12,상승,2026-01-14,없음,17,5.0,매크로,PPL,2026-06-13,204786,https://yt3.ggpht.com/ytc/AIdro_kkS7CoATZ4cw5oxgJ7JYFXs-t1_BeOLJV00o9v-ehYRa8=s240-c-k-c0x00ffffff-no-rj,UCVE-zq_yK_InhsVaJPQEttw,https://www.youtube.com/channel/UCVE-zq_yK_InhsVaJPQEttw
CR_YT_1048,프레이 TV,@yt_ucszhok6,YouTube,게임,게임리뷰,Korea,687000,283863,2554767,6.63,4.4,18-34,Male,512.0,8,상승,2026-03-19,없음,30,4.7,매크로,제품리뷰,2026-06-13,78047,https://yt3.ggpht.com/ytc/AIdro_knWM6I_-RcwQMcve8uZxXHcXMOctEDJm2X1bpBBI-ALg=s240-c-k-c0x00ffffff-no-rj,UCSzHok6X5qXEO7cjvVnE62g,https://www.youtube.com/channel/UCSzHok6X5qXEO7cjvVnE62g
CR_YT_1049,UNI CAMP,@yt_ucs0t96t,YouTube,라이프스타일,브이로그,Korea,685000,1290322,15483864,2.39,2.6,18-34,Mixed,8553.0,1,유지,2026-02-10,없음,20,4.0,매크로,브랜디드콘텐츠,2026-06-13,390328,https://yt3.ggpht.com/Wg44uP5dPpC6syev06U601ydYiFpYtxtKepy9-OlVtg7Mp7d4xS3oa9_M2MieEKFGltQVqPD=s240-c-k-c0x00ffffff-no-rj,UCs0T96Tx2oPuGjRXs7h8OAA,https://www.youtube.com/channel/UCs0T96Tx2oPuGjRXs7h8OAA
CR_YT_1050,신규철 TV,@yt_uccvzper,YouTube,교육,스터디,Korea,683000,161702,2102126,4.9,3.2,25-44,Mixed,12555.0,2,상승,2026-02-02,없음,35,4.2,매크로,스폰서십,2026-06-13,53950,https://yt3.ggpht.com/xYmHsbgUtjAk5p5RZP6L_LpCNHJGWRf5jSrTWmh6pT-tnGdv8tRvYdOupmGZ8znCh-eeFLGckg=s240-c-k-c0x00ffffff-no-rj,UCcVZPeRgiS_wyEwdnY_4Pfw,https://www.youtube.com/channel/UCcVZPeRgiS_wyEwdnY_4Pfw
CR_YT_1051,연다,@yt_uczcd2iy,YouTube,게임,게임플레이,Korea,682000,251908,3274804,1.57,4.3,18-34,Male,8245.0,4,유지,2026-02-26,없음,32,4.7,매크로,제품리뷰,2026-06-13,134717,https://yt3.ggpht.com/gxcHe8ZZ_X1zTY1-9_5ofRHTlWhn_vxwRJ0C0JomsnhfAyJtZK39NhPhT1kcRwAQFuzUzFIS94Q=s240-c-k-c0x00ffffff-no-rj,UCZcD2iYy55-SkEbv3tcMZrg,https://www.youtube.com/channel/UCZcD2iYy55-SkEbv3tcMZrg
CR_YT_1052,나음힐링센터 방태환원장,@yt_ucn_ijqz,YouTube,교육,정보,Korea,682000,67975,1155575,2.38,3.1,25-44,Mixed,11399.0,12,상승,2026-02-05,없음,5,5.0,매크로,제품리뷰,2026-06-13,31767,https://yt3.ggpht.com/H9yvu08ZPNmoN4FTc5pVtNfgRj79gh74I5_XnqP7k34XbhZ7U5GTW71iCwrgpQc4p0rTzZ96pyk=s240-c-k-c0x00ffffff-no-rj,UCN_IJqZxYe1k_opzFYMAhDA,https://www.youtube.com/channel/UCN_IJqZxYe1k_opzFYMAhDA
CR_YT_1053,유이뿅YUIPYON,@yt_uck5bhzy,YouTube,엔터테인먼트,리액션,Korea,682000,462809,6942135,2.19,3.3,18-34,Mixed,6673.0,4,유지,2026-05-04,없음,29,4.7,매크로,PPL,2026-06-13,192431,https://yt3.ggpht.com/hHDvxz9B66ZbOdq4lmAbvQ8fEglLpjOu24CYXLAGog88nv1YPL64nn5psY0gq7n9Fn_ALrB5=s240-c-k-c0x00ffffff-no-rj,UCk5bhZYNtbPJyNLRxN8D8NQ,https://www.youtube.com/channel/UCk5bhZYNtbPJyNLRxN8D8NQ
CR_YT_1054,옥냥이 RoofTopCAT,@yt_uccdlicl,YouTube,게임,게임플레이,Korea,681000,186459,1491672,8.14,2.5,18-34,Male,7241.0,8,상승,2026-04-14,없음,38,4.2,매크로,제품리뷰,2026-06-13,43890,https://yt3.ggpht.com/5Zuw2npXgRwAZzgb5BLYUueHNETFy53zb1P5ZRJIro-MprSFGwupMMzkUccEkFIyn6Vp6MT9=s240-c-k-c0x00ffffff-no-rj,UCcdlIcleb4oIK6of1ugSJ7w,https://www.youtube.com/channel/UCcdlIcleb4oIK6of1ugSJ7w
CR_YT_1055,God DongMin갓동민,@yt_ucllfmcc,YouTube,엔터테인먼트,브이로그,Korea,681000,153743,3074860,1.79,2.4,18-34,Mixed,668.0,12,유지,2026-03-19,없음,29,4.7,매크로,브랜디드콘텐츠,2026-06-13,129640,https://yt3.ggpht.com/9ooPn_gmtcj1-qjo0wUiWPTQqDZld0fywj1a0LBSmZfrlwTS-FQ0yHO85ri5IEeOhJM85QKmwQ=s240-c-k-c0x00ffffff-no-rj,UCLlfMCCErVE5VaEyHxB5AgA,https://www.youtube.com/channel/UCLlfMCCErVE5VaEyHxB5AgA
CR_YT_1056,MBClife,@yt_ucfwznsd,YouTube,엔터테인먼트,리액션,Korea,681000,12040,168560,5.57,3.8,18-34,Mixed,11825.0,20,유지,2026-02-15,없음,33,4.7,매크로,브랜디드콘텐츠,2026-06-13,4950,https://yt3.ggpht.com/ytc/AIdro_kUR5V39kK6tppGFpzDhNyu2Cm9W6wsY5oG4dsZHRiDGe0=s240-c-k-c0x00ffffff-no-rj,UCfWZnsdfiKvOyHDGfzMT3Cg,https://www.youtube.com/channel/UCfWZnsdfiKvOyHDGfzMT3Cg
CR_YT_1057,MDM,@yt_uczt94lw,YouTube,라이프스타일,브이로그,Korea,681000,0,0,7.46,2.2,18-34,Mixed,10760.0,1,유지,2026-04-22,없음,26,2.9,매크로,브랜디드콘텐츠,2026-06-13,0,,UCzT94lwN04O8bg0SMPuBOfQ,https://www.youtube.com/channel/UCzT94lwN04O8bg0SMPuBOfQ
CR_YT_1058,SM STATION,@yt_uc7xrn8s,YouTube,엔터테인먼트,리액션,Korea,680000,691137,5529096,0.82,4.6,18-34,Mixed,9190.0,8,유지,2026-03-28,확인필요,28,3.2,매크로,PPL,2026-06-13,188972,https://yt3.ggpht.com/af3_FNs7hPBJewCXpTwuqO75nymDCFOK-IgrK7OAJjGKYsnGPsQAoqNBZRbQopSQct-q48yX=s240-c-k-c0x00ffffff-no-rj,UC7xrN8sK99nXgE_wL-3f7Kg,https://www.youtube.com/channel/UC7xrN8sK99nXgE_wL-3f7Kg
CR_YT_1059,괴짜TV,@yt_ucvgqb81,YouTube,테크,언박싱,Korea,679000,672348,12102264,7.05,3.6,25-44,Male,754.0,2,유지,2026-06-02,없음,23,4.5,매크로,제품리뷰,2026-06-13,366013,https://yt3.ggpht.com/ytc/AIdro_m7PRvoE4XiEyE8hMmY58eRY00qq1RQzN9Fg4O4UWuphUY=s240-c-k-c0x00ffffff-no-rj,UCvgQb81vut4ERrKnJfkpCOg,https://www.youtube.com/channel/UCvgQb81vut4ERrKnJfkpCOg
CR_YT_1060,세리티 Serity,@yt_ucsd0mkm,YouTube,라이프스타일,리뷰,Korea,677000,283025,2547225,0.79,4.2,18-34,Mixed,1871.0,2,상승,2026-04-21,없음,16,4.5,매크로,브랜디드콘텐츠,2026-06-13,80668,https://yt3.ggpht.com/yps_CJmkq07qds4L2nvl734AH-9FnqYCoItdtnW7SMUJWsPlbBd9lVKvVKz9IRoD7nwJnbz6=s240-c-k-c0x00ffffff-no-rj,UCSD0MKMFT0bZP4jj6c5ihMw,https://www.youtube.com/channel/UCSD0MKMFT0bZP4jj6c5ihMw
CR_YT_1061,수상한생선 Life Science,@yt_ucjj_n7r,YouTube,테크,언박싱,Korea,677000,536809,6441708,4.16,3.9,25-44,Male,1089.0,20,유지,2026-02-07,없음,38,4.2,매크로,제품리뷰,2026-06-13,202220,https://yt3.ggpht.com/LLtRvtuTlnPTObUtVwFKMdHStIhQ5ZvKGmwm7lI1rTkRSms5dusnjBzntbgv7O7tzuL9PmF7QA=s240-c-k-c0x00ffffff-no-rj,UCJJ_n7RI2ALoo5wdX2qzmYA,https://www.youtube.com/channel/UCJJ_n7RI2ALoo5wdX2qzmYA
CR_YT_1062,hoyasama,@yt_ucmbwfah,YouTube,엔터테인먼트,브이로그,Korea,676000,25393,431681,5.6,4.6,18-34,Mixed,1642.0,8,유지,2026-01-06,없음,37,4.2,매크로,PPL,2026-06-13,19911,https://yt3.ggpht.com/ytc/AIdro_nwEY9qhW3jsALE7TQhQNod4YUiMAOfhtiSAxPI2vWs--jy=s240-c-k-c0x00ffffff-no-rj,UCMBwfAHRlKdpvAY72oael8g,https://www.youtube.com/channel/UCMBwfAHRlKdpvAY72oael8g
CR_YT_1063,JUNGSAEMMOOL,@yt_uctcpkkz,YouTube,뷰티,스킨케어,Korea,676000,127450,1274500,2.55,4.0,18-34,Female,12008.0,1,하락,2026-06-07,없음,32,3.7,매크로,PPL,2026-06-13,58000,https://yt3.ggpht.com/8_GmEqycljiJH_mIoweprt_Uxh8n7dPYqEVVLnV6ZuIqYfyr_Z_tEzhwAoqZO1N1H9wJKXlrGoM=s240-c-k-c0x00ffffff-no-rj,UCtCpkkzNnYixE9GEJVaCI8g,https://www.youtube.com/channel/UCtCpkkzNnYixE9GEJVaCI8g
CR_YT_1064,DJ티비씨,@yt_uc6jh6fo,YouTube,엔터테인먼트,리액션,Korea,676000,344624,5513984,6.85,4.1,18-34,Mixed,3621.0,1,유지,2026-03-12,없음,28,3.7,매크로,브랜디드콘텐츠,2026-06-13,198027,https://yt3.ggpht.com/GDUpU6I8jUpKxvEL8-E1eeRMnHOUanHm-MJG_iIfGs-22BXUg3Q3hLQA6AoXgcMNL8QaYzXsYBY=s240-c-k-c0x00ffffff-no-rj,UC6jh6fov4G5Pb8Pgy1DJDEA,https://www.youtube.com/channel/UC6jh6fov4G5Pb8Pgy1DJDEA
CR_YT_1065,KBS창원,@yt_ucusckdk,YouTube,교육,강의,Korea,675000,21666,346656,5.34,4.7,25-44,Mixed,6404.0,16,상승,2026-03-12,없음,23,5.0,매크로,제품리뷰,2026-06-13,13519,https://yt3.ggpht.com/ytc/AIdro_m0Ms0J_Jbgcd_9duWP361FltdvOHs9e12FhZy8gG3KhdM=s240-c-k-c0x00ffffff-no-rj,UCUsCKdK1HlmBfAjaftDcEJw,https://www.youtube.com/channel/UCUsCKdK1HlmBfAjaftDcEJw
CR_YT_1066,공룡,@yt_ucwf4qkg,YouTube,게임,게임리뷰,Korea,675000,1092636,13111632,6.82,3.9,18-34,Male,10781.0,1,상승,2026-06-05,없음,19,4.0,매크로,스폰서십,2026-06-13,447416,https://yt3.ggpht.com/uj5ZxXCKxoWXDRqLcxkU0MF9cZrr_bCzTQ2sWxmyC3WvKwEF4WC0RcboN9Y7bHz3ScRJttfh=s240-c-k-c0x00ffffff-no-rj,UCWf4QKgnTyvmehcRqw-JldQ,https://www.youtube.com/channel/UCWf4QKgnTyvmehcRqw-JldQ
CR_YT_1067,민쩌미,@yt_uccld41q,YouTube,엔터테인먼트,리액션,Korea,675000,856592,12848880,5.58,3.0,18-34,Mixed,682.0,8,유지,2026-04-24,없음,35,4.7,매크로,PPL,2026-06-13,476068,https://yt3.ggpht.com/VCj6ywjNycRBRLrCw0VfWJ8ZqcUkHBysPMaCasb6ZNTSlWqzbDGG0ORkEvk62dYG5TrPbRsX72U=s240-c-k-c0x00ffffff-no-rj,UCCLD41Qs7YnqLsXhWjkX8qQ,https://www.youtube.com/channel/UCCLD41Qs7YnqLsXhWjkX8qQ
CR_YT_1068,wavve 웨이브,@yt_ucym5538,YouTube,엔터테인먼트,예능,Korea,675000,124794,1247940,6.44,2.6,18-34,Mixed,4208.0,16,상승,2026-05-24,없음,15,5.0,매크로,PPL,2026-06-13,42569,https://yt3.ggpht.com/Ol5HN05OdNBPAZuk-Mxn1pPn7w7D62_N3HEN0F8XqPe4PzoPudZgW9TFJ3e6ATOERASUCTepbfw=s240-c-k-c0x00ffffff-no-rj,UCym5538xAEEppbridXozfgw,https://www.youtube.com/channel/UCym5538xAEEppbridXozfgw
CR_YT_1069,진호,@yt_ucxzatqd,YouTube,여행,여행브이로그,Korea,675000,126096,1639248,6.48,3.6,25-44,Mixed,7047.0,4,유지,2026-06-09,없음,23,5.0,매크로,스폰서십,2026-06-13,41427,https://yt3.ggpht.com/ytc/AIdro_ldZg5EAlRsGuG1-DTJ4CaG0ArgrYqs3yomfJbRgV-XAA=s240-c-k-c0x00ffffff-no-rj,UCXZaTqDKXHmNfKZ1ywhxe0w,https://www.youtube.com/channel/UCXZaTqDKXHmNfKZ1ywhxe0w
CR_YT_1070,쏘이Soy The World,@yt_ucugz3-u,YouTube,여행,여행브이로그,Korea,674000,295434,5022378,3.31,3.3,25-44,Mixed,4616.0,20,유지,2026-05-18,없음,6,5.0,매크로,PPL,2026-06-13,136728,https://yt3.ggpht.com/ytc/AIdro_kYnZoqe4V8t-OOQ3_X81GyYZQ_9ZG-ZDhJkNlvSwCAZFw=s240-c-k-c0x00ffffff-no-rj,UCugz3-UlkX2P77PtK1Ju0RA,https://www.youtube.com/channel/UCugz3-UlkX2P77PtK1Ju0RA
CR_YT_1071,아이템의 인벤토리,@yt_ucuh6br1,YouTube,교육,스터디,Korea,672000,997304,9973040,8.09,2.4,25-44,Mixed,2104.0,8,유지,2026-04-13,없음,18,5.0,매크로,제품리뷰,2026-06-13,320766,https://yt3.ggpht.com/ytc/AIdro_mDzINKBOFfXvcBAaKpsddBfD_Oa91nyZIas-9B4AXy88Y=s240-c-k-c0x00ffffff-no-rj,UCuh6Br1vzgo1LivYgKvno5Q,https://www.youtube.com/channel/UCuh6Br1vzgo1LivYgKvno5Q
CR_YT_1072,Wooang 우앙,@yt_uckl84ed,YouTube,엔터테인먼트,리액션,Korea,672000,245614,3929824,6.51,3.3,18-34,Mixed,5766.0,12,상승,2026-02-27,없음,22,5.0,매크로,PPL,2026-06-13,129155,https://yt3.ggpht.com/ciZIU3Q64WPZqnRM4ljEv2_V5NdQsB1DTsT_iGmsmtwvoWINSnUAot6jQnpxCD-kNtVxAeUYYQ=s240-c-k-c0x00ffffff-no-rj,UCkL84edpNrmASTmaTPuCMAw,https://www.youtube.com/channel/UCkL84edpNrmASTmaTPuCMAw
CR_YT_1073,문나잇 moonnight,@yt_uci8pdyp,YouTube,라이프스타일,브이로그,Korea,670000,255534,3577476,4.21,4.5,18-34,Mixed,3076.0,8,유지,2026-04-29,없음,15,5.0,매크로,브랜디드콘텐츠,2026-06-13,124780,https://yt3.ggpht.com/9Qzn5dLIvJkXZmtOedCIh3NR0XRdzBNdiqK-Bu9cJ_3oUZZCywR0Q1_5DTw4fYb7I97DEDKiBlY=s240-c-k-c0x00ffffff-no-rj,UCi8PdYP_xCA4LJS2ByLhvlA,https://www.youtube.com/channel/UCi8PdYP_xCA4LJS2ByLhvlA
CR_YT_1074,먹보스 쭈엽이,@yt_uclwchoq,YouTube,푸드,쿠킹,Korea,669000,855745,15403410,7.76,3.2,18-34,Mixed,6449.0,16,상승,2026-02-05,없음,31,4.7,매크로,먹방협찬,2026-06-13,421329,https://yt3.ggpht.com/_tSLAzYLIzynnpJzxtVURuTvJKIJkIj95v77I5Rktn47C2YXNND6C_Wx6xiORxIWvqY8uE3B=s240-c-k-c0x00ffffff-no-rj,UCLwCHoQ9h7DPXvLwx5XwTQg,https://www.youtube.com/channel/UCLwCHoQ9h7DPXvLwx5XwTQg
CR_YT_1075,철멍뭉,@yt_uch9hs6l,YouTube,엔터테인먼트,버라이어티,Korea,669000,1146245,19486165,8.49,3.8,18-34,Mixed,5213.0,16,상승,2026-01-24,없음,31,4.7,매크로,PPL,2026-06-13,736540,https://yt3.ggpht.com/YdlMkbDXfjuFHvKiyeTV60uscqvnqmHNkQI42kiEEFkE3oy6DFLzv2AHJJNeJvMmAgtEsCsareI=s240-c-k-c0x00ffffff-no-rj,UCh9Hs6LCnksZbSs2SqSdfqg,https://www.youtube.com/channel/UCh9Hs6LCnksZbSs2SqSdfqg
CR_YT_1076,레바스튜디오,@yt_ucfqvkee,YouTube,엔터테인먼트,브이로그,Korea,668000,465918,6056934,5.31,4.4,18-34,Mixed,3299.0,8,상승,2026-03-03,없음,40,4.2,매크로,PPL,2026-06-13,144539,https://yt3.ggpht.com/ahZyD-M3bMKGx-G-M0EpAvVXGylLGU-wO6wg2wPJdkdgbJJ6dP8qDLp0vctrqaNrf2_oNDz0wg=s240-c-k-c0x00ffffff-no-rj,UCFqvKeEMGrJfJPEOafy1v4Q,https://www.youtube.com/channel/UCFqvKeEMGrJfJPEOafy1v4Q
CR_YT_1077,김습습Double Soup,@yt_uccdbrxn,YouTube,뷰티,스킨케어,Korea,668000,191219,1912190,6.2,2.6,18-34,Female,948.0,2,하락,2026-03-04,확인필요,23,3.0,매크로,PPL,2026-06-13,65684,https://yt3.ggpht.com/Csd1tB7q_Jc13hHlzCnvZcjeqWANuCVZ_x9uLkWqsSvXy_40hfR1sLmbZ_jDzZM1CLSvKsSrxg=s240-c-k-c0x00ffffff-no-rj,UCCDbrXNB-N9bj4qWtp7IO9w,https://www.youtube.com/channel/UCCDbrXNB-N9bj4qWtp7IO9w
CR_YT_1078,강뜨거,@yt_ucf7w1ja,YouTube,엔터테인먼트,버라이어티,Korea,668000,1559854,28077372,8.42,4.4,18-34,Mixed,12153.0,8,유지,2026-04-29,없음,37,4.2,매크로,브랜디드콘텐츠,2026-06-13,1050350,https://yt3.ggpht.com/63RE0bnggNWfKJgzIcTx6EMm5nlAg8TMayFU8xQmSqi-f8DaEACQJ5wCZrVtXkHY6ljoUBMOyA=s240-c-k-c0x00ffffff-no-rj,UCf7w1jA8Yi7BccjFuo0I2dg,https://www.youtube.com/channel/UCf7w1jA8Yi7BccjFuo0I2dg
CR_YT_1079,친절한 대학 기초영어,@yt_uc5baqkj,YouTube,교육,스터디,Korea,668000,125676,2387844,0.56,2.1,25-44,Mixed,14935.0,16,유지,2026-03-08,없음,31,4.7,매크로,스폰서십,2026-06-13,109341,https://yt3.ggpht.com/h3AjKdTozc7UX14KUGxToizbrGjJ-6EEA3aTJQuDM7eGw157ioYipdh4_SqP6o34gv0RcWrR90w=s240-c-k-c0x00ffffff-no-rj,UC5bAQKjAHUvQ1MQV24YyGTw,https://www.youtube.com/channel/UC5bAQKjAHUvQ1MQV24YyGTw
CR_YT_1080,정청래 TV떴다!,@yt_ucnrvhei,YouTube,엔터테인먼트,리액션,Korea,667000,61284,1164396,6.23,3.8,18-34,Mixed,12502.0,12,상승,2026-01-11,없음,6,5.0,매크로,PPL,2026-06-13,41768,https://yt3.ggpht.com/ytc/AIdro_lf_wBeH9zZmBcC2oho_r1xhGDO0Qc-VSOy3_BpplLDejvj=s240-c-k-c0x00ffffff-no-rj,UCNRVHeIfz11ggS_JJvJFTnw,https://www.youtube.com/channel/UCNRVHeIfz11ggS_JJvJFTnw
CR_YT_1081,은수저,@yt_uc_bvjyx,YouTube,푸드,쿠킹,Korea,667000,772686,10044918,7.92,3.9,18-34,Mixed,2003.0,8,유지,2026-02-13,없음,32,4.7,매크로,먹방협찬,2026-06-13,328000,https://yt3.ggpht.com/u1Onel0_CJcyu1tTbfTeq83oRaEp8tMNNO7dslX2nxMCOiLeBH9MenOJljVEqaIroqmzkc7R=s240-c-k-c0x00ffffff-no-rj,UC_BVJYxQxN5jberGxAFDlyg,https://www.youtube.com/channel/UC_BVJYxQxN5jberGxAFDlyg
CR_YT_1082,샤를의 군사연구소,@yt_ucvnalg6,YouTube,라이프스타일,일상,Korea,666000,291438,3788694,3.22,4.7,18-34,Mixed,1908.0,20,상승,2026-03-04,없음,35,4.7,매크로,브랜디드콘텐츠,2026-06-13,124903,https://yt3.ggpht.com/ZszDD2FD1fqDbiNNL-k_JD9liWp6wtPlSi2COiTTKTSUSyW_25nZmVrdFr9kKr0Z4gGtgW1_T5o=s240-c-k-c0x00ffffff-no-rj,UCVNAlg66t3JhkzT5JntclLg,https://www.youtube.com/channel/UCVNAlg66t3JhkzT5JntclLg
CR_YT_1083,DOM 덤스튜디오,@yt_uc4ulgp7,YouTube,엔터테인먼트,예능,Korea,666000,4000,80000,2.86,3.3,18-34,Mixed,8739.0,20,하락,2026-02-07,없음,33,4.7,매크로,브랜디드콘텐츠,2026-06-13,2351,https://yt3.ggpht.com/2takHJ18Nwi9imklTnh2HJyVv7X4ud3wqh0xUZBTtkrgGhLvrdqQ-tEXDaNRWRYEqqyT0pK7=s240-c-k-c0x00ffffff-no-rj,UC4ulGP7S0wzT7pogzzBIhjg,https://www.youtube.com/channel/UC4ulGP7S0wzT7pogzzBIhjg
CR_YT_1084,푸디젠 Foodie Jen,@yt_uclroeub,YouTube,푸드,쿠킹,Korea,666000,2900000,46400000,2.27,3.1,18-34,Mixed,10880.0,4,하락,2026-05-02,없음,23,5.0,매크로,제품리뷰,2026-06-13,1394940,https://yt3.ggpht.com/LYQCCtgnvrXQ7KCCAXyP4Yz9J-PQX_03ihrB0DlSTLzYL-RS3m2PoMMZykzSDnhKAKuxkVH0Uw=s240-c-k-c0x00ffffff-no-rj,UClrOEuBPOU5Gg60dJ_49M-g,https://www.youtube.com/channel/UClrOEuBPOU5Gg60dJ_49M-g
CR_YT_1085,동물의 사랑 이야기,@yt_ucmvivvt,YouTube,라이프스타일,일상,Korea,666000,51344,975536,2.86,4.2,18-34,Mixed,4739.0,16,유지,2026-01-08,없음,13,5.0,매크로,PPL,2026-06-13,32774,https://yt3.ggpht.com/lv7twE1RilIZbU7pzYIobsI3Rh7XMXPDdnQhHjQBLt0RPyRQUKzU7djpBHvvEtNORS_gTk0kLyc=s240-c-k-c0x00ffffff-no-rj,UCmvIvvT3eZCTJpLLQ6cTDlg,https://www.youtube.com/channel/UCmvIvvT3eZCTJpLLQ6cTDlg
CR_YT_1086,Free Malaysia Today,@yt_uc2czlwb,YouTube,라이프스타일,일상,Korea,666000,13611,149721,1.69,2.0,18-34,Mixed,14944.0,4,유지,2026-03-30,없음,37,4.2,매크로,PPL,2026-06-13,5530,https://yt3.ggpht.com/CoGs4Hh9H7zFYb8UFl9LCELUSgG2JuBqRrq4IUoTTTxVZF48EcMqiafjsPZGB7Lv6mpj8pPdnw=s240-c-k-c0x00ffffff-no-rj,UC2CzLwbhTiI8pTKNVyrOnJQ,https://www.youtube.com/channel/UC2CzLwbhTiI8pTKNVyrOnJQ
CR_YT_1087,마법소년  김셰프,@yt_ucgwho5l,YouTube,푸드,쿠킹,Korea,665000,756013,13608234,7.32,2.9,18-34,Mixed,7536.0,4,상승,2026-02-14,없음,29,4.7,매크로,제품리뷰,2026-06-13,367020,https://yt3.ggpht.com/B8TqVVIAcV2CjRB2a8DH1-ej4z61vKLRGmxDhlAvUWjUfcnMvukZ2l0SRCzp_fDlwsETldSwBqo=s240-c-k-c0x00ffffff-no-rj,UCgwho5LJTUFaZsLmXnt1Mlw,https://www.youtube.com/channel/UCgwho5LJTUFaZsLmXnt1Mlw
CR_YT_1088,Aran TV,@yt_ucmouspp,YouTube,엔터테인먼트,예능,Korea,663000,204708,3070620,0.61,4.8,18-34,Mixed,3752.0,4,유지,2026-04-02,없음,19,5.0,매크로,브랜디드콘텐츠,2026-06-13,135925,https://yt3.ggpht.com/iMtbcVQtMjjaYNi6awgePXTzsZzlXHCG4ALesgazo7HwT17gWge_MZSh8eXQLeXP150rG_CQCM8=s240-c-k-c0x00ffffff-no-rj,UCmoUsPP4mD9-PPdRmeUI05A,https://www.youtube.com/channel/UCmoUsPP4mD9-PPdRmeUI05A
CR_YT_1089,개조이DogJOY,@yt_ucc2cjup,YouTube,라이프스타일,리뷰,Korea,663000,519067,7786005,7.8,4.7,18-34,Mixed,11250.0,20,유지,2026-04-13,없음,38,4.2,매크로,PPL,2026-06-13,265120,https://yt3.ggpht.com/ytc/AIdro_nqRBfHg_OuG3JBA6bIuPdts4mGAYnUYDLO3HFRHWhoUQ=s240-c-k-c0x00ffffff-no-rj,UCc2CjuPYn95wcmXiifU_i3g,https://www.youtube.com/channel/UCc2CjuPYn95wcmXiifU_i3g
CR_YT_1090,세상만사,@yt_ucu0b6od,YouTube,라이프스타일,브이로그,Korea,663000,443262,7978716,3.14,2.2,18-34,Mixed,8297.0,12,상승,2026-05-26,없음,39,4.2,매크로,브랜디드콘텐츠,2026-06-13,204571,https://yt3.ggpht.com/tgqlfQiRq_Zny5G7E9VWdhFv7AORkvo26IKEnvHirKGPoxbwFaZG02qQsa5NUMM03AURCDC_=s240-c-k-c0x00ffffff-no-rj,UCu0b6ODtYia0snp9JE4UUDw,https://www.youtube.com/channel/UCu0b6ODtYia0snp9JE4UUDw
CR_YT_1091,권회훈,@yt_uc1yfixf,YouTube,푸드,레시피,Korea,663000,147819,2365104,2.55,4.2,18-34,Mixed,10902.0,16,상승,2026-05-22,없음,20,5.0,매크로,제품리뷰,2026-06-13,68870,https://yt3.ggpht.com/ytc/AIdro_l0WnPXHrU10wfO4ZW6ip5WT54C9A3M9B09DKFvauYWWao=s240-c-k-c0x00ffffff-no-rj,UC1yFIXF66_VVDEdGHZAjAVg,https://www.youtube.com/channel/UC1yFIXF66_VVDEdGHZAjAVg
CR_YT_1092,러너꽃빈,@yt_uc9jlobz,YouTube,엔터테인먼트,버라이어티,Korea,662000,181866,2182392,2.02,4.5,18-34,Mixed,1383.0,1,상승,2026-04-29,없음,13,4.0,매크로,PPL,2026-06-13,55574,https://yt3.ggpht.com/uTsv-HYy_Uhy0uPha6S99YaazI9qEz47zcTwikMlSxZeitzTKp0PJBUYrAwaQlFZhIw7zL7x=s240-c-k-c0x00ffffff-no-rj,UC9JlObZnbOirT4_iyPGrdcw,https://www.youtube.com/channel/UC9JlObZnbOirT4_iyPGrdcw
CR_YT_1093,sini시니,@yt_uctxucsz,YouTube,푸드,먹방,Korea,662000,272161,2449449,6.75,3.0,18-34,Mixed,2188.0,16,상승,2026-01-26,없음,9,5.0,매크로,먹방협찬,2026-06-13,87841,https://yt3.ggpht.com/ytc/AIdro_lf11okmEMnxkSiMj9_IzKHN4aHBuEzpAIpLdIx4OiCSfo=s240-c-k-c0x00ffffff-no-rj,UCTXuCSZxMDaneK7t6DVs21g,https://www.youtube.com/channel/UCTXuCSZxMDaneK7t6DVs21g
CR_YT_1094,공대생가족 GDSF,@yt_uc24bfkr,YouTube,엔터테인먼트,버라이어티,Korea,660000,259319,4149104,5.29,2.9,18-34,Mixed,2117.0,1,유지,2026-01-01,없음,32,3.7,매크로,PPL,2026-06-13,153871,https://yt3.ggpht.com/ytc/AIdro_n5Uc4aNlOtpHWOg_66XiUIOwOLdvOdgYD3GZnQK2BtTEA=s240-c-k-c0x00ffffff-no-rj,UC24BfKRQk_5uZomn0DxW2Ew,https://www.youtube.com/channel/UC24BfKRQk_5uZomn0DxW2Ew
CR_YT_1095,JTBC Music,@yt_ucebrsmz,YouTube,엔터테인먼트,리액션,Korea,659000,97030,1164360,5.31,3.5,18-34,Mixed,7956.0,2,유지,2026-03-29,없음,26,4.2,매크로,브랜디드콘텐츠,2026-06-13,47668,https://yt3.ggpht.com/RM0VlHaWYUwMHKIuTWbm6ybEvRjo-08HgRhFVRkmtJ_e63sf71bszU445JOUkZUHjbDaxJ0Bv1E=s240-c-k-c0x00ffffff-no-rj,UCEbRSmzD8xASRlYq2OLmCrg,https://www.youtube.com/channel/UCEbRSmzD8xASRlYq2OLmCrg
CR_YT_1096,단포,@yt_ucarhwje,YouTube,게임,게임플레이,Korea,658000,507462,6089544,4.52,3.9,18-34,Male,5129.0,1,하락,2026-02-11,없음,16,4.0,매크로,스폰서십,2026-06-13,238403,https://yt3.ggpht.com/-bY2EqFptq1jZBmdF77KyG59g0InYmyChQDdXbKxM-njL4M_p0dYz2lkbeQ8Rmf2K8Uag7o3=s240-c-k-c0x00ffffff-no-rj,UCARHwjeGpLV5JZsZ63eGx8w,https://www.youtube.com/channel/UCARHwjeGpLV5JZsZ63eGx8w
CR_YT_1097,광 gwang series,@yt_ucivwq0k,YouTube,라이프스타일,브이로그,Korea,657000,1095890,10958900,3.96,2.9,18-34,Mixed,10461.0,20,상승,2026-03-01,없음,33,4.7,매크로,PPL,2026-06-13,272471,https://yt3.ggpht.com/721ipfKF1egJAAG-OIcMrnCxca_Mc1VNXflqKi3RDaHDrLVCNiArxg-CfHyDrmf9HRwiTqQfDg=s240-c-k-c0x00ffffff-no-rj,UCIvwq0KixXN8kW4Ml26ptYw,https://www.youtube.com/channel/UCIvwq0KixXN8kW4Ml26ptYw
CR_YT_1098,블랙컴뱃,@yt_uc_iyjik,YouTube,피트니스,헬스,Korea,656000,372807,4100877,2.94,4.3,25-44,Mixed,13949.0,8,상승,2026-03-24,없음,11,5.0,매크로,제품리뷰,2026-06-13,125082,https://yt3.ggpht.com/l_8a544P2Zv_7FH-mXD5-R-ES1DCf4pJApXWKbBhK8e5FGYPBIuYuqL0lxbFRYKR1DhJ3qhC9w=s240-c-k-c0x00ffffff-no-rj,UC_IYjiKaQBPq-K1Iq4sM-UQ,https://www.youtube.com/channel/UC_IYjiKaQBPq-K1Iq4sM-UQ
CR_YT_1099,반반한캠핑 Bancamp,@yt_uct107q7,YouTube,여행,여행리뷰,Korea,656000,860927,8609270,3.67,2.5,25-44,Mixed,7989.0,2,유지,2026-02-28,없음,15,4.5,매크로,PPL,2026-06-13,239433,https://yt3.ggpht.com/a_fn0t3TL_W5V9EbXrNa2eWmUp3PVFGuNn_lhCEfOBjrO75KZmHCDRbU0YDHljJ9B2Tlgqqt=s240-c-k-c0x00ffffff-no-rj,UCT107q7vwRGAaActQ1oe7hA,https://www.youtube.com/channel/UCT107q7vwRGAaActQ1oe7hA
CR_YT_1100,1분요리왕 통키,@yt_uc-t8s0v,YouTube,푸드,먹방,Korea,652000,646706,7760472,7.35,2.9,18-34,Mixed,5632.0,2,유지,2026-04-19,없음,24,4.5,매크로,제품리뷰,2026-06-13,266543,https://yt3.ggpht.com/-aX1rKVeou12-L88s_kG4cfe48xtAfN6nVqTPOreLhH68Oi7V76pJKrOCx75PV6tLPkgYAq0Iw=s240-c-k-c0x00ffffff-no-rj,UC-T8S0Vs2lvVXSkQv2qUStw,https://www.youtube.com/channel/UC-T8S0Vs2lvVXSkQv2qUStw
CR_YT_1101,깨마자매,@yt_ucv5xe6g,YouTube,게임,게임플레이,Korea,652000,896860,15246620,3.84,4.3,18-34,Male,5627.0,8,상승,2026-01-05,없음,8,5.0,매크로,스폰서십,2026-06-13,495758,https://yt3.ggpht.com/EgW2tJsaivFkr1fmCJ5K1tcS67CK-ngEOpDrcV2z2tN8oo_fJPsYIgbIo5R7cAKwW8artqqQaA=s240-c-k-c0x00ffffff-no-rj,UCV5Xe6Gba7JATOlWCaKS2Tg,https://www.youtube.com/channel/UCV5Xe6Gba7JATOlWCaKS2Tg
CR_YT_1102,Popcorn & Coke Review,@yt_ucqtskfv,YouTube,엔터테인먼트,리액션,Korea,651000,312500,5937500,5.8,2.8,18-34,Mixed,6699.0,20,유지,2026-02-25,확인필요,28,3.2,매크로,브랜디드콘텐츠,2026-06-13,166556,https://yt3.ggpht.com/4vsl0dMmf2_zJh9hNMoFP7KPnfxEKCeWSn5iYdQvuJUVUkBf9eFu3qqdHWIN1DDULygUcGDmww=s240-c-k-c0x00ffffff-no-rj,UCQtSkfvKq209UVGGqWwNEDg,https://www.youtube.com/channel/UCQtSkfvKq209UVGGqWwNEDg
CR_YT_1103,CHARIBO ART,@yt_uce635vr,YouTube,라이프스타일,일상,Korea,650000,154443,2625531,7.35,2.3,18-34,Mixed,7455.0,2,하락,2026-04-10,없음,15,4.5,매크로,PPL,2026-06-13,92073,https://yt3.ggpht.com/iRfnXfR00pT12Pf9h1K3pFWYp52kmuh9Iqf2X_ENyWZYhqsmMJ1WC5_VsBOIFg46dIDvQ0DD=s240-c-k-c0x00ffffff-no-rj,UCe635vr1Yz5ZRjRXghd5rpw,https://www.youtube.com/channel/UCe635vr1Yz5ZRjRXghd5rpw
CR_YT_1104,나혼자산다 STUDIO,@yt_ucyt4sto,YouTube,라이프스타일,일상,Korea,650000,398886,7578834,6.15,2.7,18-34,Mixed,1314.0,12,유지,2026-04-23,확인필요,29,3.2,매크로,브랜디드콘텐츠,2026-06-13,346557,https://yt3.ggpht.com/ytc/AIdro_ldABHrOaaiDwErqNyjrxZw7TQvGxuA_ysdkfx_6VMtqDk=s240-c-k-c0x00ffffff-no-rj,UCYt4Sto4vj6JMMDnEaUB6Iw,https://www.youtube.com/channel/UCYt4Sto4vj6JMMDnEaUB6Iw
CR_YT_1105,온화 ONHWA,@yt_ucftakbe,YouTube,푸드,먹방,Korea,649000,152838,1834056,1.57,4.2,18-34,Mixed,13172.0,4,하락,2026-05-24,없음,31,4.7,매크로,먹방협찬,2026-06-13,47546,https://yt3.ggpht.com/jI5qFs7RsQ_aIoQG-dHd7V0R9ikYIE4AmBijs0dfdljMUDncqNo2CvUwtRJgHXUw_ZABjz8c=s240-c-k-c0x00ffffff-no-rj,UCfTAKBeIxcAIXvGLjZGNI3Q,https://www.youtube.com/channel/UCfTAKBeIxcAIXvGLjZGNI3Q
CR_YT_1106,엄은향,@yt_ucxl7av3,YouTube,엔터테인먼트,버라이어티,Korea,649000,1310043,11790387,3.12,3.6,18-34,Mixed,12351.0,16,상승,2026-03-22,없음,21,5.0,매크로,브랜디드콘텐츠,2026-06-13,395678,https://yt3.ggpht.com/q5WeCor9E8OkpG3ZsIPjaCvMChEkMhy7zPp0mmN5eTVsmRd2pQVrKmmKQlBMA8kp8NE8MxVrKA=s240-c-k-c0x00ffffff-no-rj,UCXL7AV3nkQbvz9JiIFiGpgg,https://www.youtube.com/channel/UCXL7AV3nkQbvz9JiIFiGpgg
CR_YT_1107,지니어드벤쳐 GeniAdventure (공룡∙과학 Dinosaurs),@yt_uceubiu6,YouTube,교육,스터디,Korea,649000,1440860,18731180,4.07,4.7,25-44,Mixed,7182.0,2,유지,2026-03-07,없음,25,4.5,매크로,스폰서십,2026-06-13,832646,https://yt3.ggpht.com/2iUjzTBhNbETZY3mSm6ON59PLRlk-uGBXy8-91i5Ezd3iiwkYfTGYPAF2w-OEBx8XEgFpkALjVQ=s240-c-k-c0x00ffffff-no-rj,UCEUbiu6PgxzmADJbmqk_Plg,https://www.youtube.com/channel/UCEUbiu6PgxzmADJbmqk_Plg
CR_YT_1108,김메주와 고양이들,@yt_uccb6w2f,YouTube,라이프스타일,리뷰,Korea,648000,218613,3716421,0.69,2.4,18-34,Mixed,7552.0,8,상승,2026-05-12,없음,32,4.7,매크로,PPL,2026-06-13,151550,https://yt3.ggpht.com/w4e6F1W6mKMEDA7-MgYC82NVuwZn7H_y9XnidqmAmNo4sCLaMTEMFUB54wQzjuiWUUl92LNC=s240-c-k-c0x00ffffff-no-rj,UCCb6W2FU1L7j9mw14YK-9yg,https://www.youtube.com/channel/UCCb6W2FU1L7j9mw14YK-9yg
CR_YT_1109,헤이즐 Heizle,@yt_uco-7cjc,YouTube,라이프스타일,일상,Korea,648000,196664,2556632,4.0,2.1,18-34,Mixed,7634.0,12,하락,2026-01-20,없음,25,5.0,매크로,PPL,2026-06-13,60621,https://yt3.ggpht.com/ytc/AIdro_mcVtNuoxn-Zwx6hK1pqPTIjvm_w3M-LI2Wx11xVePbtIs=s240-c-k-c0x00ffffff-no-rj,UCO-7CJCtOqw1yqh3y8owGfg,https://www.youtube.com/channel/UCO-7CJCtOqw1yqh3y8owGfg
CR_YT_1110,Kemi TV,@yt_uc0epedk,YouTube,엔터테인먼트,버라이어티,Korea,647000,624048,10608816,4.97,2.3,18-34,Mixed,1772.0,2,유지,2026-04-21,없음,37,3.7,매크로,브랜디드콘텐츠,2026-06-13,270348,https://yt3.ggpht.com/dRWTANviCF78CtE8eCA9rqXuH384n7k_OYdpK0U9dbZNk9Bu4JLSTkvZQSUb95-yfFG7VHE-XQ=s240-c-k-c0x00ffffff-no-rj,UC0EpedkBG2k7kd8UGJuYShQ,https://www.youtube.com/channel/UC0EpedkBG2k7kd8UGJuYShQ
CR_YT_1111,PLAYY Anime 플레이 애니메,@yt_uci38w5t,YouTube,라이프스타일,일상,Korea,647000,156756,1881072,7.61,5.0,18-34,Mixed,9894.0,2,유지,2026-01-06,확인필요,26,2.7,매크로,브랜디드콘텐츠,2026-06-13,64332,https://yt3.ggpht.com/-8nn_jXgiyUITVlALlHI8kYZE2jIHgVTDo42gHUtiGCMTcktfmU9DsBT8vOBasg4b2loRV5GQQ=s240-c-k-c0x00ffffff-no-rj,UCi38W5tDHRB9CYMSYIKColQ,https://www.youtube.com/channel/UCi38W5tDHRB9CYMSYIKColQ
CR_YT_1112,허준할매건강TV,@yt_uckyodab,YouTube,뷰티,메이크업,Korea,647000,111684,1563576,0.55,4.5,18-34,Female,6694.0,1,유지,2026-05-17,없음,5,4.0,매크로,PPL,2026-06-13,57451,https://yt3.ggpht.com/GV4Pmn2Rk7IFUSpXXS9oxDHQ_EBzAsC8rmOFcqkQ8FN2JOSTXIMEjA6AAc2QMzIJyA7LkPPiJA=s240-c-k-c0x00ffffff-no-rj,UCkYODaB_KpINXDiZSkJoI9A,https://www.youtube.com/channel/UCkYODaB_KpINXDiZSkJoI9A
CR_YT_1113,쇼츠쩔지,@yt_ucgc-hf7,YouTube,라이프스타일,브이로그,Korea,647000,421868,6328020,2.1,4.5,18-34,Mixed,2650.0,4,유지,2026-01-07,없음,14,5.0,매크로,PPL,2026-06-13,244162,https://yt3.ggpht.com/cNl-Y6i2Z8rPQqwOzqH4q4jO0ExtXkqqwKHBPz1F1bmjAoBdNrBvUt3Xsw53FYmrn2kWmQ59=s240-c-k-c0x00ffffff-no-rj,UCgC-hF7y9bNwH_531_O6Z2w,https://www.youtube.com/channel/UCgC-hF7y9bNwH_531_O6Z2w
CR_YT_1114,스타일가이드 최겨울,@yt_ucbowqhb,YouTube,뷰티,메이크업,Korea,646000,124324,1989184,7.26,4.3,18-34,Female,5248.0,12,유지,2026-02-21,없음,27,4.7,매크로,제품리뷰,2026-06-13,74352,https://yt3.ggpht.com/ytc/AIdro_nIk8ZDmEQydZbrZmmFRoFR5aqGPIMeX_NM1U9GKdkmbSs=s240-c-k-c0x00ffffff-no-rj,UCbOwqHbQf0uspeRe7lY8e6Q,https://www.youtube.com/channel/UCbOwqHbQf0uspeRe7lY8e6Q
CR_YT_1115,급식걸즈,@yt_ucgs6cf7,YouTube,게임,게임리뷰,Korea,646000,549707,6596484,8.43,2.7,18-34,Male,13226.0,2,유지,2026-01-07,확인필요,27,2.7,매크로,스폰서십,2026-06-13,179051,https://yt3.ggpht.com/0J1Ra3sWdP0tyJb2fssCLiFBE5eGs2FRr7SanyPuXTUaHBHqsLkq33ccxGIjjjRTixJuaELccZA=s240-c-k-c0x00ffffff-no-rj,UCGS6cF75ZieNdszK_3BrQZQ,https://www.youtube.com/channel/UCGS6cF75ZieNdszK_3BrQZQ
CR_YT_1116,왁타버스 WAKTAVERSE,@yt_uczh4yy8,YouTube,엔터테인먼트,예능,Korea,646000,2000000,30000000,7.33,2.6,18-34,Mixed,3380.0,1,유지,2026-02-14,없음,33,3.7,매크로,브랜디드콘텐츠,2026-06-13,1307272,https://yt3.ggpht.com/-WhlmETS5indv4KmktijCYdM1WfGkdmiii7yaGNzBUwJfhOYidLBgQrMz4wmO0_6o15kEdnAAA=s240-c-k-c0x00ffffff-no-rj,UCzh4yY8rl38knH33XpNqXbQ,https://www.youtube.com/channel/UCzh4yY8rl38knH33XpNqXbQ
CR_YT_1117,TVXQ!,@yt_uc6dxhxq,YouTube,엔터테인먼트,리액션,Korea,646000,818181,13090896,6.3,2.4,18-34,Mixed,7592.0,20,하락,2026-04-17,없음,18,5.0,매크로,PPL,2026-06-13,584420,https://yt3.ggpht.com/XpRIhFwd0dm33-UwLMt2NhxZcfz9bdt4kJSyDlGOEPnAWSssBYxST1BYszbCyhX04dUouXEMNg=s240-c-k-c0x00ffffff-no-rj,UC6dXhxQtzjlEGauwEGtLuSw,https://www.youtube.com/channel/UC6dXhxQtzjlEGauwEGtLuSw
CR_YT_1118,미자네 주막,@yt_ucz44gu2,YouTube,엔터테인먼트,예능,Korea,646000,1016260,11178860,1.23,3.5,18-34,Mixed,14201.0,8,상승,2026-04-18,없음,21,5.0,매크로,PPL,2026-06-13,315701,https://yt3.ggpht.com/ytc/AIdro_m5O7yDXZ_QNM115ExwQtwUgNFnxZkoti1lnaX_vGqz-w=s240-c-k-c0x00ffffff-no-rj,UCZ44GU2zsYCdWqzJ-a3Lo-g,https://www.youtube.com/channel/UCZ44GU2zsYCdWqzJ-a3Lo-g
CR_YT_1119,배말랭,@yt_ucz1wyqh,YouTube,엔터테인먼트,버라이어티,Korea,645000,831099,11635386,1.3,3.1,18-34,Mixed,12793.0,4,유지,2026-04-10,없음,9,5.0,매크로,브랜디드콘텐츠,2026-06-13,532550,https://yt3.ggpht.com/ytc/AIdro_nFEwfJXJPy83Bd96sbD-G3Wu6FTuJGdZ4SOa629oY4_A=s240-c-k-c0x00ffffff-no-rj,UCZ1wYQHk1yVle18u8FA8AvA,https://www.youtube.com/channel/UCZ1wYQHk1yVle18u8FA8AvA
CR_YT_1120,힙플밈,@yt_ucunh93r,YouTube,엔터테인먼트,예능,Korea,644000,799124,11986860,8.21,4.2,18-34,Mixed,4110.0,4,하락,2026-05-13,없음,7,5.0,매크로,브랜디드콘텐츠,2026-06-13,284126,https://yt3.ggpht.com/pzfEQMI-cPcQx9jAG8J3xHTcaTdjgEc2xL3aVFTuO_dGhr5LgqyM5-H_uwCzqr1V_FBHcJa9iQ=s240-c-k-c0x00ffffff-no-rj,UCUNh93RT0tqLyA_FVm1vkcg,https://www.youtube.com/channel/UCUNh93RT0tqLyA_FVm1vkcg
CR_YT_1121,왕클세종,@yt_ucxhu_sy,YouTube,엔터테인먼트,브이로그,Korea,643000,288825,2888250,4.26,2.1,18-34,Mixed,10084.0,12,유지,2026-04-18,없음,18,5.0,매크로,브랜디드콘텐츠,2026-06-13,76842,https://yt3.ggpht.com/LcHhe4FM6LgzQWavFR6xjNFdOlhdX9VDCBlxW4-RrJTLtLTe_oNdpK72h8__Km5A0OL9DLkbMg=s240-c-k-c0x00ffffff-no-rj,UCxhu_SyqGjbd2dL6y_l5dIQ,https://www.youtube.com/channel/UCxhu_SyqGjbd2dL6y_l5dIQ
CR_YT_1122,전쓰트의 게임 채널 Junsst,@yt_ucd8r5jg,YouTube,게임,게임리뷰,Korea,642000,199072,1990720,4.65,2.5,18-34,Male,13912.0,20,상승,2026-02-22,없음,16,5.0,매크로,스폰서십,2026-06-13,54562,https://yt3.ggpht.com/ytc/AIdro_m3R6FEpEv8JDoXdLj6j8aEyHIB6upIbVGex4-U1brQlCQ=s240-c-k-c0x00ffffff-no-rj,UCD8r5Jgns2V64-NcUmXclpg,https://www.youtube.com/channel/UCD8r5Jgns2V64-NcUmXclpg
CR_YT_1123,최태성 1TV,@yt_uc0mvv0w,YouTube,교육,강의,Korea,642000,55384,664608,3.49,4.5,25-44,Mixed,875.0,12,상승,2026-02-06,확인필요,25,3.5,매크로,제품리뷰,2026-06-13,21767,https://yt3.ggpht.com/ytc/AIdro_k0KAvMOvX1w9gJBXvqbmBPkvcN0QlKkKNUJr3o37A-hw=s240-c-k-c0x00ffffff-no-rj,UC0MVv0wGYB078pISgHFwhzQ,https://www.youtube.com/channel/UC0MVv0wGYB078pISgHFwhzQ
CR_YT_1124,벙구,@yt_uc-jp4wh,YouTube,엔터테인먼트,예능,Korea,641000,919452,12872328,3.52,3.8,18-34,Mixed,717.0,12,상승,2026-01-17,없음,15,5.0,매크로,PPL,2026-06-13,314320,https://yt3.ggpht.com/RjXwqNC7QGD8yDXTVigbau5xXMgz8kcnK54Zbd4OYz2u0lrvbztoNCA39CiCbadwi1ex3A6J=s240-c-k-c0x00ffffff-no-rj,UC-Jp4WHCXhxvWQ5Ab4JibJQ,https://www.youtube.com/channel/UC-Jp4WHCXhxvWQ5Ab4JibJQ
CR_YT_1125,코아 TV,@yt_ucdmph-d,YouTube,게임,게임플레이,Korea,640000,358441,3225969,4.22,3.2,18-34,Male,9247.0,12,상승,2026-05-01,없음,33,4.7,매크로,스폰서십,2026-06-13,148191,https://yt3.ggpht.com/ytc/AIdro_mQIfKLZ-Z98yLxYPZar3QKmuB3sv7APotmlnn6bJbphw=s240-c-k-c0x00ffffff-no-rj,UCdmPH-DTjL52x5K3lRvHYQw,https://www.youtube.com/channel/UCdmPH-DTjL52x5K3lRvHYQw
CR_YT_1126,Honey Lip ASMR 허니립,@yt_uc6teczm,YouTube,푸드,레시피,Korea,640000,272479,3269748,5.75,3.1,18-34,Mixed,11356.0,12,하락,2026-02-26,없음,11,5.0,매크로,먹방협찬,2026-06-13,86074,https://yt3.ggpht.com/5ftjvcm694x21ou7SH5QY7WpmNxYMVJ1D68TRm1EO0u-GQV0DnXMLddUcPXQUlCz3WeSGle9=s240-c-k-c0x00ffffff-no-rj,UC6tEcZm124tmczC9IuvW5AQ,https://www.youtube.com/channel/UC6tEcZm124tmczC9IuvW5AQ
CR_YT_1127,사장남천동,@yt_ucufpe4k,YouTube,라이프스타일,브이로그,Korea,640000,350404,5606464,8.04,2.7,18-34,Mixed,4593.0,1,하락,2026-02-27,없음,11,4.0,매크로,PPL,2026-06-13,147798,https://yt3.ggpht.com/C281gCeIDzai8t5D4vtIQOO4HhYjaFMFheXjdoOxyjwXur55TRc2dGurhPmacTEh-ukYhKUa=s240-c-k-c0x00ffffff-no-rj,UCUFpe4kv7GRPEddLfCJOIzQ,https://www.youtube.com/channel/UCUFpe4kv7GRPEddLfCJOIzQ
CR_YT_1128,싸모스,@yt_uccshapl,YouTube,게임,게임리뷰,Korea,640000,601503,7218036,5.77,3.0,18-34,Male,14821.0,8,유지,2026-04-19,없음,38,4.2,매크로,스폰서십,2026-06-13,199515,https://yt3.ggpht.com/ZjEzJy014TPmF441fJfibVtizxNuWyKXW9c-D5SxzPv3sLmcLbzOS5eoRXBXtIQa9V-5ITfgIw=s240-c-k-c0x00ffffff-no-rj,UCCshApLKfQqY1wKB07jGiuA,https://www.youtube.com/channel/UCCshApLKfQqY1wKB07jGiuA
CR_YT_1129,예씨 yessii,@yt_ucvymrl0,YouTube,라이프스타일,브이로그,Korea,639000,429967,5589571,5.13,4.8,18-34,Mixed,12016.0,1,상승,2026-06-12,없음,29,3.7,매크로,PPL,2026-06-13,216659,https://yt3.ggpht.com/lpRdLYmYFS8t6lYthLl2zi56__-SqZMi-l2z07S2MV6RC-FnlMmh9me6CQ_WlzGaVJUJEexFTw=s240-c-k-c0x00ffffff-no-rj,UCVyMrl0N9SMwqaa2OHcJOkA,https://www.youtube.com/channel/UCVyMrl0N9SMwqaa2OHcJOkA
CR_YT_1130,연예 뒤통령이진호,@yt_ucbp1hhk,YouTube,엔터테인먼트,브이로그,Korea,638000,203099,1624792,2.4,3.2,18-34,Mixed,5487.0,1,하락,2026-02-24,없음,35,3.7,매크로,PPL,2026-06-13,69582,https://yt3.ggpht.com/ytc/AIdro_ltez0zPe8uAm5P87MTxZ6yI7YeqM-xfPjS9vNqzdKZIWw=s240-c-k-c0x00ffffff-no-rj,UCbp1HhKUDmeI6enMXUxtgrg,https://www.youtube.com/channel/UCbp1HhKUDmeI6enMXUxtgrg
CR_YT_1131,공간 탐닉 Space Tamnik,@yt_ucckpfew,YouTube,여행,여행리뷰,Korea,637000,2878787,43181805,4.87,2.4,25-44,Mixed,5390.0,4,상승,2026-05-05,없음,37,4.2,매크로,PPL,2026-06-13,1633594,https://yt3.ggpht.com/sF14ghA9YoitHJj5HKU5GK-SfDyESFe3v9laEZkJOA8f1CnRd3bIAlsaqUtWJwPnKUgLJHhdyT4=s240-c-k-c0x00ffffff-no-rj,UCckPFEWk26ZhM26hnzEcm7g,https://www.youtube.com/channel/UCckPFEWk26ZhM26hnzEcm7g
CR_YT_1132,맛상무,@yt_uc1r112p,YouTube,푸드,쿠킹,Korea,637000,155075,3101500,5.81,4.0,18-34,Mixed,11838.0,4,유지,2026-05-20,없음,38,4.2,매크로,먹방협찬,2026-06-13,112091,https://yt3.ggpht.com/ytc/AIdro_n1yC39nIsRL4dJwgvSWOYfxtwxIV3ma2r6IZ5bFGKT6dg=s240-c-k-c0x00ffffff-no-rj,UC1r112Pr9Ngcg2NtcE946HQ,https://www.youtube.com/channel/UC1r112Pr9Ngcg2NtcE946HQ
CR_YT_1133,숏플레이,@yt_uc-3fh1l,YouTube,엔터테인먼트,리액션,Korea,637000,2524005,25240050,8.3,4.5,18-34,Mixed,2331.0,1,유지,2026-04-22,없음,40,3.2,매크로,PPL,2026-06-13,644637,https://yt3.ggpht.com/EAlINFZ-9AaXJVIdk_brvuwBDk2vJe831biZ6yVxzzUZMfW4lJL0CnsU_t0IgVJqaDmWjuSpuQ=s240-c-k-c0x00ffffff-no-rj,UC-3Fh1L6hOSV9ylvpr5g8_Q,https://www.youtube.com/channel/UC-3Fh1L6hOSV9ylvpr5g8_Q
CR_YT_1134,movie trip 무비트립,@yt_ucpr2s3s,YouTube,엔터테인먼트,버라이어티,Korea,636000,267932,4286912,1.16,4.6,18-34,Mixed,14148.0,12,하락,2026-02-26,없음,16,5.0,매크로,브랜디드콘텐츠,2026-06-13,198486,https://yt3.ggpht.com/ytc/AIdro_nuCs3hJnMsdBknRcmndFExD7Fjj4Q0_JCoILVLo8lxFME=s240-c-k-c0x00ffffff-no-rj,UCpr2S3SBmyjvrx9Q4pLUZHw,https://www.youtube.com/channel/UCpr2S3SBmyjvrx9Q4pLUZHw
CR_YT_1135,ASMR Mongsilunnie 몽실언니,@yt_ucwll0dm,YouTube,라이프스타일,리뷰,Korea,636000,447761,8955220,6.37,3.1,18-34,Mixed,8193.0,12,상승,2026-05-19,없음,14,5.0,매크로,브랜디드콘텐츠,2026-06-13,212448,https://yt3.ggpht.com/ytc/AIdro_kScbNqrG8m0NzuXJY9GpK7W_hzGWm5wY0V4qeHtQlPztY=s240-c-k-c0x00ffffff-no-rj,UCWlL0DMfc2dlDhIx1kaGpKg,https://www.youtube.com/channel/UCWlL0DMfc2dlDhIx1kaGpKg
CR_YT_1136,코지 COSY,@yt_uccfkn5e,YouTube,푸드,레시피,Korea,635000,406976,4476736,8.48,2.5,18-34,Mixed,9706.0,2,하락,2026-05-19,없음,11,4.5,매크로,먹방협찬,2026-06-13,176918,https://yt3.ggpht.com/ytc/AIdro_nRCn12-AkdKZkp1M2RSZPS4seZz93JeeTifGM3V38Iow=s240-c-k-c0x00ffffff-no-rj,UCcfKn5ex1g8zgK4eYtbReoA,https://www.youtube.com/channel/UCcfKn5ex1g8zgK4eYtbReoA
CR_YT_1137,힐링앤뮤직 Healing and Music,@yt_uc3cyby3,YouTube,엔터테인먼트,브이로그,Korea,635000,609137,10355329,2.12,2.1,18-34,Mixed,8065.0,8,유지,2026-03-24,없음,23,5.0,매크로,PPL,2026-06-13,344076,https://yt3.ggpht.com/ytc/AIdro_nPOQKX-qmpSVPUGEP0GpYC4_jSd_SqQ7qTGxjp2UqB5FM=s240-c-k-c0x00ffffff-no-rj,UC3CyBY3i-tOFQ6EyX8czvKQ,https://www.youtube.com/channel/UC3CyBY3i-tOFQ6EyX8czvKQ
CR_YT_1138,Flow Music,@yt_ucc6fytz,YouTube,엔터테인먼트,예능,Korea,634000,268065,2680650,2.9,2.2,18-34,Mixed,3527.0,16,하락,2026-04-16,없음,40,4.2,매크로,브랜디드콘텐츠,2026-06-13,107680,https://yt3.ggpht.com/Fi-yfEXflch_MWNa3qaBV8BDzXCxBPQ7ZMiSx83YzBycH537lLjhyhlvSuq5DQWb3CmGNNk4G74=s240-c-k-c0x00ffffff-no-rj,UCC6fYTZ9AIkqNy6zYEHVwow,https://www.youtube.com/channel/UCC6fYTZ9AIkqNy6zYEHVwow
CR_YT_1139,오마르의 삶,@yt_ucvdvpu_,YouTube,엔터테인먼트,브이로그,Korea,634000,148471,1484710,7.08,4.3,18-34,Mixed,2812.0,20,유지,2026-03-05,없음,20,5.0,매크로,브랜디드콘텐츠,2026-06-13,39624,https://yt3.ggpht.com/A2Vic33VE9wNwxnsv-B76SihLHmgdMrlYD4v1rYreLA7dnXduACdj2O86J-HrMNikuiPYOYe-NQ=s240-c-k-c0x00ffffff-no-rj,UCvdvPu_7TTcrZz1nGh98Sqg,https://www.youtube.com/channel/UCvdvPu_7TTcrZz1nGh98Sqg
CR_YT_1140,안동MBC MUSIC,@yt_uctx0ylo,YouTube,엔터테인먼트,버라이어티,Korea,633000,31770,413010,8.21,2.8,18-34,Mixed,8996.0,8,상승,2026-02-06,없음,12,5.0,매크로,PPL,2026-06-13,10316,https://yt3.ggpht.com/ytc/AIdro_lIKPtbYZgfSQOASDXFfm-jmp9_RL8iQu0Kru8GNQrw1g=s240-c-k-c0x00ffffff-no-rj,UCtX0ylOiD-WgKvteH108yww,https://www.youtube.com/channel/UCtX0ylOiD-WgKvteH108yww
CR_YT_1141,마미선,@yt_ucjmcpvy,YouTube,엔터테인먼트,브이로그,Korea,633000,323741,5827338,3.12,3.9,18-34,Mixed,11689.0,12,하락,2026-04-23,없음,24,5.0,매크로,브랜디드콘텐츠,2026-06-13,173427,https://yt3.ggpht.com/SD3QIMc7GeaTJ1s5knSlnXEIMv6-mt3Rahr8QP2ws-WLU2ZvlLn_s5iEGCH6VBCoGCtRnDSo=s240-c-k-c0x00ffffff-no-rj,UCJmcPVY4dC0e3L5_eemKtlg,https://www.youtube.com/channel/UCJmcPVY4dC0e3L5_eemKtlg
CR_YT_1142,빅헤드,@yt_ucaj-meo,YouTube,게임,게임플레이,Korea,632000,142271,1707252,4.83,3.8,18-34,Male,11437.0,2,유지,2026-04-08,없음,9,4.5,매크로,제품리뷰,2026-06-13,72590,https://yt3.ggpht.com/ytc/AIdro_kh0MuWumKm1yCxRr_wXwU_fpjChoIwbjOamSyTnZSIS2o=s240-c-k-c0x00ffffff-no-rj,UCAJ-meoCh1TrPZ7La3UpPrw,https://www.youtube.com/channel/UCAJ-meoCh1TrPZ7La3UpPrw
CR_YT_1143,홀릿 Youtube Holit,@yt_ucoh2pcz,YouTube,게임,게임리뷰,Korea,632000,162179,1946148,4.23,3.8,18-34,Male,3757.0,16,상승,2026-03-03,없음,36,4.2,매크로,스폰서십,2026-06-13,50534,https://yt3.ggpht.com/ytc/AIdro_mckkvGGlqHGWdykXfr_ZhOgXBnYR268NAGihQLloXU1zw=s240-c-k-c0x00ffffff-no-rj,UCoH2pCzAr6zWDG-LtUiLWRw,https://www.youtube.com/channel/UCoH2pCzAr6zWDG-LtUiLWRw
CR_YT_1144,lEtudel,@yt_ucmluyhf,YouTube,엔터테인먼트,리액션,Korea,631000,105348,1896264,6.11,3.3,18-34,Mixed,4563.0,1,유지,2026-04-18,없음,11,4.0,매크로,PPL,2026-06-13,66127,https://yt3.ggpht.com/GcUexic9CfDknH9PZAGOa0dG6WY_I99vTUevi6V7PpFhm6NQjNLA3dkCSw19lWoIVAGateruRg=s240-c-k-c0x00ffffff-no-rj,UCmluYHFpXNxXhabzn87kPfA,https://www.youtube.com/channel/UCmluYHFpXNxXhabzn87kPfA
CR_YT_1145,캠핑한끼CampingHankki,@yt_uckgr7bc,YouTube,푸드,먹방,Korea,629000,266203,4791654,8.36,2.2,18-34,Mixed,7677.0,1,하락,2026-01-27,없음,36,3.2,매크로,제품리뷰,2026-06-13,205307,https://yt3.ggpht.com/e_HZyLzmB6Ppxmlj11RgW6op9J023uQfDm1u11N6R7suCuzTyDX3aiP1NHDIZ--y2tno54Y1zw=s240-c-k-c0x00ffffff-no-rj,UCkGr7BCJ8plP-Jhy4kSfP8w,https://www.youtube.com/channel/UCkGr7BCJ8plP-Jhy4kSfP8w
CR_YT_1146,인피쉰,@yt_uc-okjdo,YouTube,게임,게임리뷰,Korea,629000,144469,2889380,4.4,3.8,18-34,Male,13121.0,12,유지,2026-06-01,없음,29,4.7,매크로,제품리뷰,2026-06-13,123124,https://yt3.ggpht.com/6J7FVvKL7IDlFv8wbTNpqxi4cdGGIz5zwRsBYQ9jtUFagQ12MN_vqaL-ekZDj0tBEThckxF6tA=s240-c-k-c0x00ffffff-no-rj,UC-okJdotaXPlzivRzHFqzuA,https://www.youtube.com/channel/UC-okJdotaXPlzivRzHFqzuA
CR_YT_1147,센서스튜디오,@yt_uc6dn6ri,YouTube,교육,강의,Korea,629000,191780,3835600,1.29,2.3,25-44,Mixed,10253.0,20,하락,2026-01-11,없음,20,5.0,매크로,스폰서십,2026-06-13,147015,https://yt3.ggpht.com/ytc/AIdro_mNR5eVdZpdd-AHpbEvyowfdaaguHMx_OSew9PVucPp7Jg=s240-c-k-c0x00ffffff-no-rj,UC6dN6Rilzh9KmzymxnZGslg,https://www.youtube.com/channel/UC6dN6Rilzh9KmzymxnZGslg
CR_YT_1148,폭소바겐[Foksowagen],@yt_ucvsbcfv,YouTube,엔터테인먼트,예능,Korea,628000,597738,7770594,4.02,3.4,18-34,Mixed,6281.0,20,유지,2026-05-26,확인필요,38,2.7,매크로,브랜디드콘텐츠,2026-06-13,298639,https://yt3.ggpht.com/ytc/AIdro_kISGbiGHNtOwxv-6SWZa8qIRTXBaosVQT_b8Bu5OG7Pw=s240-c-k-c0x00ffffff-no-rj,UCVsBCfvb1NPjuoIMRDtDjHg,https://www.youtube.com/channel/UCVsBCfvb1NPjuoIMRDtDjHg
CR_YT_1149,소울뮤직TV,@yt_ucusw_eh,YouTube,엔터테인먼트,리액션,Korea,627000,752351,7523510,8.07,2.3,18-34,Mixed,12817.0,8,유지,2026-04-01,없음,6,5.0,매크로,PPL,2026-06-13,179787,https://yt3.ggpht.com/ytc/AIdro_k5_gOQdA3x9wsPbC2U-9cTyRctqUa-LaiSF9gcFxkYEKc=s240-c-k-c0x00ffffff-no-rj,UCusW_eHZw_tWLVRv0fzxj_g,https://www.youtube.com/channel/UCusW_eHZw_tWLVRv0fzxj_g
CR_YT_1150,다이아나Diana,@yt_ucsw7ts6,YouTube,엔터테인먼트,리액션,Korea,623000,49407,543477,6.77,3.0,18-34,Mixed,2829.0,16,하락,2026-03-31,없음,21,5.0,매크로,PPL,2026-06-13,16189,https://yt3.ggpht.com/GBerCpJNTGPVYAOlUkW8RTBdtkM8taTwftX7_-QQad85yXnw0YYPZ6qCVheu-5UMrCw9m-Vf8w=s240-c-k-c0x00ffffff-no-rj,UCSw7Ts6UNnjnuzpwvUC6QTw,https://www.youtube.com/channel/UCSw7Ts6UNnjnuzpwvUC6QTw
CR_YT_1151,팍플레이Pacplay,@yt_uczecnuv,YouTube,게임,게임플레이,Korea,622000,1678832,33576640,7.26,4.6,18-34,Male,11228.0,4,상승,2026-01-26,없음,27,4.7,매크로,스폰서십,2026-06-13,1422338,https://yt3.ggpht.com/JMlrGITk6ypmS72nStjBj17zeEH0EmeNE_JVyK13gYJsMmi9t-EnV4idAE6QGQMnyOTJ1SigKA=s240-c-k-c0x00ffffff-no-rj,UCZecnuVvQnBCoopyobFdDZg,https://www.youtube.com/channel/UCZecnuVvQnBCoopyobFdDZg
CR_YT_1152,위뷰티 Webeauty,@yt_uc854uqk,YouTube,뷰티,스킨케어,Korea,622000,669515,12720785,3.75,3.9,18-34,Female,3431.0,16,유지,2026-04-23,없음,16,5.0,매크로,PPL,2026-06-13,323660,https://yt3.ggpht.com/NRBNiocctK63kLLhgWPCPPgSK-grhpSI0sCQiKdVDcRyk7rZzwlmXWrAW4Nd2JSLI3t19tOCXCg=s240-c-k-c0x00ffffff-no-rj,UC854UQk63V8afMRnhcH_C7g,https://www.youtube.com/channel/UC854UQk63V8afMRnhcH_C7g
CR_YT_1153,이대호 [RE:DAEHO],@yt_ucpotjcz,YouTube,피트니스,다이어트,Korea,622000,1201298,15616874,8.17,3.0,25-44,Mixed,13678.0,1,하락,2026-04-12,없음,17,4.0,매크로,제품리뷰,2026-06-13,639427,https://yt3.ggpht.com/JrG3Bkd4_Eo8x2t7xN0XRUJqSq4MNLT7TwqxyWvZIR71Z6NQ_bw-hQsbvznVOAtXw_z8qvsg=s240-c-k-c0x00ffffff-no-rj,UCPoTjCZvUOkECBNm6ezsVEA,https://www.youtube.com/channel/UCPoTjCZvUOkECBNm6ezsVEA
CR_YT_1154,네모아저씨,@yt_uc6pxhgp,YouTube,교육,정보,Korea,621000,263929,4486793,2.09,2.3,25-44,Mixed,2614.0,12,유지,2026-04-12,없음,30,4.7,매크로,스폰서십,2026-06-13,177519,https://yt3.ggpht.com/-9RskTDJuBvaExv0pgRtCcAKdrzj9JjNsDzGUAoYOFXFjKrmO1lmjEFOuE62H00kL2pzxX6Ghw=s240-c-k-c0x00ffffff-no-rj,UC6PxHGpLZT7K7GlDNyJonNw,https://www.youtube.com/channel/UC6PxHGpLZT7K7GlDNyJonNw
CR_YT_1155,BMW Korea,@yt_ucjqt5b5,YouTube,테크,테크리뷰,Korea,620000,555555,5555550,1.33,4.9,25-44,Male,14576.0,20,유지,2026-01-11,없음,23,5.0,매크로,언박싱협찬,2026-06-13,249051,https://yt3.ggpht.com/Ba586R1QEhZPNdc9CFTnxFkh_K-jaCuvxWfwTXcvQX8qKP_-pL4dCff2TEJzUYSEG53XNOBMLw=s240-c-k-c0x00ffffff-no-rj,UCjQt5b5yorvPlLEskqNpABA,https://www.youtube.com/channel/UCjQt5b5yorvPlLEskqNpABA
CR_YT_1156,MYUNG SUN뭉순임당,@yt_uc-i2cyh,YouTube,엔터테인먼트,버라이어티,Korea,620000,1103092,12134012,5.84,2.8,18-34,Mixed,14757.0,8,상승,2026-02-25,없음,19,5.0,매크로,PPL,2026-06-13,438276,https://yt3.ggpht.com/sAlWLqWjCpaj-t7tNSB7HLuJxcEwhAGGEzrgDCycwUP3FRAId2JYJ2P868Vu-81Guwk4R3lQ2Q=s240-c-k-c0x00ffffff-no-rj,UC-i2CYHvScX1It3noNbhWxw,https://www.youtube.com/channel/UC-i2CYHvScX1It3noNbhWxw
CR_YT_1157,정호영의 오늘도 요리 Kitchen Caden,@yt_ucwyjy6y,YouTube,푸드,쿠킹,Korea,619000,300500,3005000,2.45,2.1,18-34,Mixed,6511.0,12,하락,2026-04-16,없음,35,4.7,매크로,먹방협찬,2026-06-13,70987,https://yt3.ggpht.com/ytc/AIdro_luvzJe7T9knqRV828WYkUIl6DFaecXTFNOF7DRrcqeMg=s240-c-k-c0x00ffffff-no-rj,UCWyjY6ykM58LO5ipzRgIzGA,https://www.youtube.com/channel/UCWyjY6ykM58LO5ipzRgIzGA
CR_YT_1158,천재소녀 KitchenStory,@yt_ucypd-ur,YouTube,푸드,먹방,Korea,619000,186879,1868790,5.15,3.9,18-34,Mixed,14738.0,8,유지,2026-04-04,없음,21,5.0,매크로,제품리뷰,2026-06-13,80578,https://yt3.ggpht.com/ytc/AIdro_nXGOpPxkGCBA0gNJl3deLSZnZJTn3A8OG68Xa0eQjKMA=s240-c-k-c0x00ffffff-no-rj,UCYPD-uRGTj9gvz5Ng_Uyfaw,https://www.youtube.com/channel/UCYPD-uRGTj9gvz5Ng_Uyfaw
CR_YT_1159,밍,@yt_ucfxtbxr,YouTube,게임,e스포츠,Korea,619000,463733,5101063,3.36,4.9,18-34,Male,14801.0,2,상승,2026-01-25,없음,25,4.5,매크로,제품리뷰,2026-06-13,157131,https://yt3.ggpht.com/oFCMLLQH7rnlhBx7gIg6ErkxnUfeB19WDMysNFuKfsi5ItqirM8081iJ0q9K13kWbD_2tII_zw=s240-c-k-c0x00ffffff-no-rj,UCfxtBxRR-rJ8CYSZJAFHhIw,https://www.youtube.com/channel/UCfxtBxRR-rJ8CYSZJAFHhIw
CR_YT_1160,Olive,@yt_ucovg8zd,YouTube,엔터테인먼트,버라이어티,Korea,619000,35294,705880,6.17,3.6,18-34,Mixed,10905.0,1,하락,2026-03-10,없음,19,4.0,매크로,PPL,2026-06-13,32702,https://yt3.ggpht.com/ytc/AIdro_mtfBYGuzHrIounfgQr_EV39zSApLnUyE8wR1jRH4Pf3a8=s240-c-k-c0x00ffffff-no-rj,UCOvg8ZDPeeqbEfKmcMbsnOw,https://www.youtube.com/channel/UCOvg8ZDPeeqbEfKmcMbsnOw
CR_YT_1161,라이브 아카데미 토들러,@yt_uckpcxgz,YouTube,교육,정보,Korea,618000,81625,1387625,4.18,3.3,25-44,Mixed,14939.0,12,상승,2026-05-24,확인필요,32,3.2,매크로,스폰서십,2026-06-13,59465,https://yt3.ggpht.com/uW1SGeV9bu-PBOp5eNn-ANuFEXlZ1YDbht6eaCrNnCzoOsFFATYpAWdM12ZUz6f_NBtJlH_O=s240-c-k-c0x00ffffff-no-rj,UCKpcxgzrqu7dcolZf5Dpx_Q,https://www.youtube.com/channel/UCKpcxgzrqu7dcolZf5Dpx_Q
CR_YT_1162,레이디액션,@yt_uct_ufhb,YouTube,엔터테인먼트,리액션,Korea,617000,622222,11199996,3.28,4.6,18-34,Mixed,1448.0,2,유지,2026-06-03,없음,9,4.5,매크로,브랜디드콘텐츠,2026-06-13,276371,https://yt3.ggpht.com/ytc/AIdro_km8t1itMxtGn3W9PW7wQEycW2OLVy0J8YLImSuRSwp7Q=s240-c-k-c0x00ffffff-no-rj,UCt_UFhBBHk5rQPQv12Y7RHg,https://www.youtube.com/channel/UCt_UFhBBHk5rQPQv12Y7RHg
CR_YT_1163,최홍철,@yt_ucis6aow,YouTube,엔터테인먼트,리액션,Korea,617000,348000,5220000,6.61,2.4,18-34,Mixed,4992.0,8,유지,2026-05-26,없음,18,5.0,매크로,브랜디드콘텐츠,2026-06-13,174275,https://yt3.ggpht.com/befpaBhl23CXa3aFETOA5iDDMt3hQf750kwwo9Re8nsM9og2IZ5HWzerSnJfJZmrk1ZePhwaCw=s240-c-k-c0x00ffffff-no-rj,UCIs6AoWiNrN3P7fQqsxNncA,https://www.youtube.com/channel/UCIs6AoWiNrN3P7fQqsxNncA
CR_YT_1164,[Mukgang] 먹갱,@yt_ucgoyrcw,YouTube,푸드,쿠킹,Korea,617000,319715,6394300,8.07,2.4,18-34,Mixed,14578.0,12,상승,2026-05-31,없음,25,5.0,매크로,제품리뷰,2026-06-13,279895,https://yt3.ggpht.com/ebX-qwCcNEaNhs7hO2LFgiCra-Ljmp9QSwCaCz7tUHKEvZSNCywBJu59LitqQpM3NnmNbSKjnJg=s240-c-k-c0x00ffffff-no-rj,UCGOYrCwp_ks0b4f6XQwaS4Q,https://www.youtube.com/channel/UCGOYrCwp_ks0b4f6XQwaS4Q
CR_YT_1165,만개의레시피 10K Recipe,@yt_ucka_6r3,YouTube,푸드,레시피,Korea,616000,29883,268947,1.07,2.2,18-34,Mixed,4108.0,8,하락,2026-01-08,없음,15,5.0,매크로,먹방협찬,2026-06-13,11136,https://yt3.ggpht.com/ytc/AIdro_k-gzjJ1FAfgg-zRZAlm325ucVQV4ys59w8CM3e6NzaDcU=s240-c-k-c0x00ffffff-no-rj,UCKA_6r3CWC76x_EaFO6jsPA,https://www.youtube.com/channel/UCKA_6r3CWC76x_EaFO6jsPA
CR_YT_1166,유소나,@yt_ucxewkvo,YouTube,게임,게임플레이,Korea,616000,539562,9712116,6.33,3.0,18-34,Male,14261.0,1,유지,2026-05-02,없음,30,3.7,매크로,스폰서십,2026-06-13,437102,https://yt3.ggpht.com/AuM8vewohoHjXEQS3YVUGu6X1xXtNug9gF4wFjiUQAa0Y4ps4ZLNnC02X1QNPejdAw_ZaPOsbNI=s240-c-k-c0x00ffffff-no-rj,UCxeWKVovE_mKNRCwAlpL87A,https://www.youtube.com/channel/UCxeWKVovE_mKNRCwAlpL87A
CR_YT_1167,기초영어 Step by Step,@yt_uc-0qnfu,YouTube,교육,강의,Korea,616000,261471,2614710,1.96,2.9,25-44,Mixed,7745.0,2,상승,2026-02-21,없음,32,4.2,매크로,스폰서십,2026-06-13,112701,https://yt3.ggpht.com/DtdQWytJWXCm6GWQCvxS4psO7SEnvTja4E_B7siWAwSiin0JIj04HcV_meCjx005vG54L2Qj1A=s240-c-k-c0x00ffffff-no-rj,UC-0QNFuHfNbBwRsT1CUx0tg,https://www.youtube.com/channel/UC-0QNFuHfNbBwRsT1CUx0tg
CR_YT_1168,싱기방기 동물 탐험,@yt_uclfrcy1,YouTube,라이프스타일,브이로그,Korea,616000,1228956,13518516,5.68,2.2,18-34,Mixed,796.0,8,하락,2026-04-06,없음,11,5.0,매크로,PPL,2026-06-13,426211,https://yt3.ggpht.com/sIUN8vpjzuFXWI7wspGZnOJhdmX6VIBsL4MD13_6QYXLTy6SGirtiWGDE4gd5G3-5eczrRnU3A=s240-c-k-c0x00ffffff-no-rj,UCLfrCy1zW3-pIdAzCxwluCA,https://www.youtube.com/channel/UCLfrCy1zW3-pIdAzCxwluCA
CR_YT_1169,hongsi 홍시,@yt_ucjzhsjp,YouTube,라이프스타일,리뷰,Korea,615000,385395,3468555,8.21,3.6,18-34,Mixed,901.0,1,하락,2026-01-18,없음,25,4.0,매크로,브랜디드콘텐츠,2026-06-13,94571,https://yt3.ggpht.com/ytc/AIdro_kVH7bgtGROxHm9B82QmjgU5SzYneKGJaDoYQGIseM7EQ=s240-c-k-c0x00ffffff-no-rj,UCjZhSJP6ridQzH75e48wyIQ,https://www.youtube.com/channel/UCjZhSJP6ridQzH75e48wyIQ
CR_YT_1170,@KPOP / 골뱅이케이팝,@yt_ucf7x2co,YouTube,엔터테인먼트,리액션,Korea,615000,62527,625270,5.47,2.5,18-34,Mixed,10406.0,2,상승,2026-04-23,없음,27,4.2,매크로,브랜디드콘텐츠,2026-06-13,17339,https://yt3.ggpht.com/z7BIQHdWs_xOA-aEOnTZSaMrD7p0Os-bflo7Z3Vb8CBdJ7ItYHSb4392sP9NhTLSPbwyGonpjw=s240-c-k-c0x00ffffff-no-rj,UCF7X2COltpbPqWWNxW5cZRw,https://www.youtube.com/channel/UCF7X2COltpbPqWWNxW5cZRw
CR_YT_1171,에이미Amy,@yt_uc30j37f,YouTube,라이프스타일,브이로그,Korea,614000,269989,5129791,6.68,3.5,18-34,Mixed,1062.0,20,하락,2026-03-16,확인필요,33,3.2,매크로,브랜디드콘텐츠,2026-06-13,220953,https://yt3.ggpht.com/QmJIwyfSaiXBTezRmYWRiAw4CUN8wGFkgoaB08_PNxHSJ9suiA_67JcI6X7JUOwEpliIFeCq-mY=s240-c-k-c0x00ffffff-no-rj,UC30j37FNLZvJy1LHiQed9lw,https://www.youtube.com/channel/UC30j37FNLZvJy1LHiQed9lw
CR_YT_1172,비밀이야 bimirya,@yt_ucakq7_g,YouTube,라이프스타일,일상,Korea,614000,418963,3770667,1.94,3.6,18-34,Mixed,2751.0,1,하락,2026-05-21,없음,36,3.2,매크로,브랜디드콘텐츠,2026-06-13,118692,https://yt3.ggpht.com/xTnhjCg0_h3Qdsy7Ar2B8AM8150MF0v-_CkRyCwRz6AK4-ZGEZVjYtWViSy6_9uxal7v1rHJKA=s240-c-k-c0x00ffffff-no-rj,UCaKQ7_GT0k8u_sL0nE2tgkA,https://www.youtube.com/channel/UCaKQ7_GT0k8u_sL0nE2tgkA
CR_YT_1173,스토리 2,@yt_ucs8r3nv,YouTube,엔터테인먼트,버라이어티,Korea,612000,3373576,47230064,8.05,4.0,18-34,Mixed,2550.0,1,유지,2026-01-11,없음,26,3.7,매크로,PPL,2026-06-13,1966099,https://yt3.ggpht.com/PeUxjvgOL-BU3YAmOGVreF1w8Z_GK5Shq9hfbpz_RW5ANgrJBMdpf8ZzCuC31Hvu1Qa2-9B71Ds=s240-c-k-c0x00ffffff-no-rj,UCs8R3nVeg0E100H6C8qozgw,https://www.youtube.com/channel/UCs8R3nVeg0E100H6C8qozgw
CR_YT_1174,SOONIGROUP [수니그룹],@yt_uco_hui1,YouTube,엔터테인먼트,브이로그,Korea,612000,996543,12955059,8.36,3.4,18-34,Mixed,1819.0,20,유지,2026-03-14,없음,11,5.0,매크로,브랜디드콘텐츠,2026-06-13,320005,https://yt3.ggpht.com/ZSuwLWQmRwB-ZbFL0S6KRYzdOp_L9iEQV1AWFfYHMKLOO4twN4MyvRRBn4CB6RT1I4pXFwTl=s240-c-k-c0x00ffffff-no-rj,UCO_HUi1SA_FoWMa-Zo3RHKg,https://www.youtube.com/channel/UCO_HUi1SA_FoWMa-Zo3RHKg
CR_YT_1175,JM,@yt_ucyavg7-,YouTube,엔터테인먼트,예능,Korea,611000,142576,1853488,6.61,2.9,18-34,Mixed,5967.0,16,유지,2026-01-27,없음,32,4.7,매크로,PPL,2026-06-13,49107,https://yt3.ggpht.com/ytc/AIdro_nMAfrIIpko0f4TqI2srvI5iCQowzlbS1MdrcXzqTRuMmI=s240-c-k-c0x00ffffff-no-rj,UCYAvG7-sBBztgDtwKil1RTQ,https://www.youtube.com/channel/UCYAvG7-sBBztgDtwKil1RTQ
CR_YT_1176,키위엔 영어,@yt_ucz7nsis,YouTube,교육,스터디,Korea,611000,161933,2105129,5.38,2.9,25-44,Mixed,10634.0,20,하락,2026-01-23,없음,23,5.0,매크로,제품리뷰,2026-06-13,76688,https://yt3.ggpht.com/VLVj5F88_io0-moH6UrcQvJ5zgpbGoWd0FHnBDI4fu9FCAY33zE1yrzRzc6uH_raB5wyTbw1Yg=s240-c-k-c0x00ffffff-no-rj,UCZ7nsIsZBLtWsj0cFYLKjnA,https://www.youtube.com/channel/UCZ7nsIsZBLtWsj0cFYLKjnA
CR_YT_1177,데프콘TV,@yt_ucb4bva5,YouTube,엔터테인먼트,리액션,Korea,608000,201660,2419920,6.48,3.7,18-34,Mixed,8247.0,2,상승,2026-02-18,없음,25,4.5,매크로,PPL,2026-06-13,106836,https://yt3.ggpht.com/ngwzxV6ZmEmpDRl3cbTUn1l8hHsa8CfBa5Uxdj2N7u6cxDNBU2sJVyxEOGKM7r2EKYdFhKhKEb8=s240-c-k-c0x00ffffff-no-rj,UCb4bVA5kBfTsZCLaN9iJqjQ,https://www.youtube.com/channel/UCb4bVA5kBfTsZCLaN9iJqjQ
CR_YT_1178,서넹,@yt_ucylzl5e,YouTube,게임,e스포츠,Korea,606000,68438,889694,0.92,4.5,18-34,Male,8098.0,20,상승,2026-01-12,없음,32,4.7,매크로,스폰서십,2026-06-13,40775,https://yt3.ggpht.com/ytc/AIdro_mru21Q-HCWPnqBbKU7sDKbvIhufTJ1bbeUW5Ni37cp94w=s240-c-k-c0x00ffffff-no-rj,UCylzl5EMsHKCMeUe2TLKLKA,https://www.youtube.com/channel/UCylzl5EMsHKCMeUe2TLKLKA
CR_YT_1179,ROBLOX 해달선,@yt_ucwqlv5x,YouTube,게임,e스포츠,Korea,606000,336391,3700301,8.1,4.7,18-34,Male,3452.0,16,상승,2026-01-12,확인필요,25,3.5,매크로,제품리뷰,2026-06-13,94857,https://yt3.ggpht.com/hCp66YPug0HCt2zqYdbn4nzKd3RqK--XF7EVVn6HA7j_HTwop3ogi7yNy5RwOp-FD52pTVv2=s240-c-k-c0x00ffffff-no-rj,UCwqLV5Xndjm4Wztk-c7IMjQ,https://www.youtube.com/channel/UCwqLV5Xndjm4Wztk-c7IMjQ
CR_YT_1180,KBS KONG,@yt_uc4gvswf,YouTube,엔터테인먼트,버라이어티,Korea,606000,17333,242662,6.02,4.8,18-34,Mixed,13771.0,1,유지,2026-02-28,없음,20,4.0,매크로,PPL,2026-06-13,6828,https://yt3.ggpht.com/jURart-JXGGRGhZmmWmHF9lv54T963FF8tDxOom0XeGD3KqP7qC7KSn3oKBtiBIXCJeR4-3z=s240-c-k-c0x00ffffff-no-rj,UC4GVSWFx-E6At_bnRIUmP4A,https://www.youtube.com/channel/UC4GVSWFx-E6At_bnRIUmP4A
CR_YT_1181,SECHSKIES,@yt_uccadqtj,YouTube,엔터테인먼트,리액션,Korea,606000,760869,9891297,3.72,2.5,18-34,Mixed,4244.0,12,유지,2026-03-11,없음,20,5.0,매크로,브랜디드콘텐츠,2026-06-13,442572,https://yt3.ggpht.com/ytc/AIdro_nfQSYBRVrn8dY8MyEfM7blr3XGRLCuxruqON9jlWaIKw=s240-c-k-c0x00ffffff-no-rj,UCcADqTjMyMol8B8mWm9n6rA,https://www.youtube.com/channel/UCcADqTjMyMol8B8mWm9n6rA
CR_YT_1182,골프존,@yt_uclgiecz,YouTube,피트니스,운동,Korea,606000,97173,1360422,3.83,3.2,25-44,Mixed,7579.0,4,하락,2026-01-11,없음,17,5.0,매크로,PPL,2026-06-13,53654,https://yt3.ggpht.com/Nt8dmJ7Ivo_ainOhzHz0ZHrnIZD8ypYa546m15C19Cv9iNN4W3-N87c1oF2Et8EBRM8mFawR=s240-c-k-c0x00ffffff-no-rj,UClgieCzaMtSRPBJiUfgcXzg,https://www.youtube.com/channel/UClgieCzaMtSRPBJiUfgcXzg
CR_YT_1183,정성산TV,@yt_ucbxt-8j,YouTube,엔터테인먼트,예능,Korea,604000,26104,495976,1.53,4.1,18-34,Mixed,13582.0,1,유지,2026-05-18,없음,12,4.0,매크로,브랜디드콘텐츠,2026-06-13,20450,https://yt3.ggpht.com/kOPBZNcdxziWDjXxkYJ4JhWJRx_oiWMCXfnW4D-n75ysEcIc7ds-1P6QfgpPZouASAuBkJyk2g=s240-c-k-c0x00ffffff-no-rj,UCBXt-8JsY7EfX_hZ91LYI5w,https://www.youtube.com/channel/UCBXt-8JsY7EfX_hZ91LYI5w
CR_YT_1184,지혜:P JIhappy,@yt_ucwkg1bn,YouTube,라이프스타일,일상,Korea,604000,441142,5734846,6.42,4.9,18-34,Mixed,4653.0,16,하락,2026-01-31,없음,30,4.7,매크로,PPL,2026-06-13,156208,https://yt3.ggpht.com/B4hfXw8x6DDHd8yYSfIbzR9hq5yTMOAPUT2M1JOg8vOzuJUG0n66jG6XdifMmneLlFWZNA9aEzw=s240-c-k-c0x00ffffff-no-rj,UCWkG1bnN155y64Vq0VCh9Ng,https://www.youtube.com/channel/UCWkG1bnN155y64Vq0VCh9Ng
CR_YT_1185,로즈하ROSEHA,@yt_ucbqgvmg,YouTube,엔터테인먼트,브이로그,Korea,604000,313614,4390596,7.57,4.9,18-34,Mixed,8014.0,12,상승,2026-01-28,없음,36,4.2,매크로,PPL,2026-06-13,186748,https://yt3.ggpht.com/wTuHjT2kPdehWabIjjuVL99DV5TpUodUxQKscX2EWW8XgU2ikYjC2FfvZOGaAmxmmUji3OFGGA=s240-c-k-c0x00ffffff-no-rj,UCbqgVmgxLanKtuHcYSyYqkg,https://www.youtube.com/channel/UCbqgVmgxLanKtuHcYSyYqkg
CR_YT_1186,다이어트 과학자 최겸 Gyum Choi,@yt_uchxdq9i,YouTube,뷰티,뷰티리뷰,Korea,604000,157977,1421793,7.16,2.6,18-34,Female,9422.0,20,유지,2026-04-24,없음,9,5.0,매크로,제품리뷰,2026-06-13,40760,https://yt3.ggpht.com/jSAr-YnbYE7BpbJrhM5xQRyFoYOlnVJWCJW1KF86lORyt2f0H0OgdBX3HaWyVOjpHhmVnJLR=s240-c-k-c0x00ffffff-no-rj,UChXDq9Izwq-pTzeUWzwXL3A,https://www.youtube.com/channel/UChXDq9Izwq-pTzeUWzwXL3A
CR_YT_1187,새벽(dawn lee),@yt_ucoppgm9,YouTube,뷰티,메이크업,Korea,603000,198412,3373004,5.8,3.5,18-34,Female,1134.0,2,상승,2026-03-06,없음,18,4.5,매크로,PPL,2026-06-13,139236,https://yt3.ggpht.com/ytc/AIdro_kZ_0eWXJKF7SL3RrqHrK4spqPAfcN1Regu6rYRn4hVXxM=s240-c-k-c0x00ffffff-no-rj,UCoppgM9wcJl6Yys08-MOeGg,https://www.youtube.com/channel/UCoppgM9wcJl6Yys08-MOeGg
CR_YT_1188,코미디빅리그,@yt_uchlgxpx,YouTube,엔터테인먼트,버라이어티,Korea,603000,128977,1289770,2.11,3.9,18-34,Mixed,4731.0,8,상승,2026-06-10,없음,29,4.7,매크로,브랜디드콘텐츠,2026-06-13,40631,https://yt3.ggpht.com/ytc/AIdro_k6zu8yfXOgL8_T4654FmyjaB0qcRCDUocc04uCD7VuFog=s240-c-k-c0x00ffffff-no-rj,UChLGxPXbXU_xIxTfTTMGn5g,https://www.youtube.com/channel/UChLGxPXbXU_xIxTfTTMGn5g
CR_YT_1189,승상싱,@yt_uceu_ykd,YouTube,게임,e스포츠,Korea,603000,1452991,15982901,6.27,2.1,18-34,Male,9224.0,8,유지,2026-02-06,없음,9,5.0,매크로,제품리뷰,2026-06-13,498198,https://yt3.ggpht.com/PcklUmrEYMjpe8PIviYYCXSjRdY1SfIA5NHKx0ehRcFkp9Fad2Wlc1lZsd-dN7oOAKpMbb6-UQ=s240-c-k-c0x00ffffff-no-rj,UCEu_YKdz0lMz1NkB3vlUyyw,https://www.youtube.com/channel/UCEu_YKdz0lMz1NkB3vlUyyw
CR_YT_1190,로하Roha,@yt_ucrrn4va,YouTube,라이프스타일,리뷰,Korea,602000,396341,6341456,0.95,4.1,18-34,Mixed,9470.0,8,상승,2026-04-05,없음,38,4.2,매크로,브랜디드콘텐츠,2026-06-13,290633,https://yt3.ggpht.com/ytc/AIdro_llTp45pogxiG2E61RhbrxMLQx23Ht23TnZvOX_vbg_7A=s240-c-k-c0x00ffffff-no-rj,UCrRn4Vat9iyUGtl6jPjG3IA,https://www.youtube.com/channel/UCrRn4Vat9iyUGtl6jPjG3IA
CR_YT_1191,Bitgoeul Dancers,@yt_uckholcl,YouTube,엔터테인먼트,예능,Korea,601000,171765,1374120,1.33,2.7,18-34,Mixed,12299.0,8,하락,2026-06-10,없음,5,5.0,매크로,브랜디드콘텐츠,2026-06-13,36663,https://yt3.ggpht.com/ytc/AIdro_lBzrKsj4t1RgZVUKavxoEUXlMjo_nvJLm5_YCMkuUKwQ=s240-c-k-c0x00ffffff-no-rj,UCKHOlclseeJlvy07RHiMI-A,https://www.youtube.com/channel/UCKHOlclseeJlvy07RHiMI-A
CR_YT_1192,KBS대전 [CULTURE&DOCUMENTARY],@yt_ucunsdg6,YouTube,엔터테인먼트,버라이어티,Korea,600000,25701,205608,1.09,3.9,18-34,Mixed,9433.0,8,유지,2026-06-06,없음,29,4.7,매크로,PPL,2026-06-13,7501,https://yt3.ggpht.com/ytc/AIdro_lbuTYnwk-xZFEwYAlaAerXNntbL8dpNtVaPruWrHLdQjo=s240-c-k-c0x00ffffff-no-rj,UCUnSdg6_nmdhh2fXjsNqTXg,https://www.youtube.com/channel/UCUnSdg6_nmdhh2fXjsNqTXg
CR_YT_1193,Yoo True,@yt_uch2mjnz,YouTube,뷰티,스킨케어,Korea,599000,223214,2678568,8.4,3.4,18-34,Female,5722.0,2,상승,2026-04-10,없음,34,4.2,매크로,제품리뷰,2026-06-13,84071,https://yt3.ggpht.com/6TmTrJy7IO4AknZfn3EASdK3va1Qx8tvQLg5cvo2StdpieSXDFJjP24w7No-9DWkB3DDFdToXAY=s240-c-k-c0x00ffffff-no-rj,UCH2mJnztSdNh8ADp2KmtUMQ,https://www.youtube.com/channel/UCH2mJnztSdNh8ADp2KmtUMQ
CR_YT_1194,일주어터,@yt_ucynfy2h,YouTube,라이프스타일,브이로그,Korea,599000,561497,6737964,3.44,2.1,18-34,Mixed,7169.0,20,하락,2026-02-02,없음,24,5.0,매크로,브랜디드콘텐츠,2026-06-13,295876,https://yt3.ggpht.com/ytc/AIdro_mG_BTAU8p5uJnQhkRNbU_KwZQ379RU7L7wxEPRa4wYkXc=s240-c-k-c0x00ffffff-no-rj,UCYnfy2hyzqnVXv_UlLBiV-A,https://www.youtube.com/channel/UCYnfy2hyzqnVXv_UlLBiV-A
CR_YT_1195,스노브 매거진 (snob_mag),@yt_ucb8fets,YouTube,뷰티,스킨케어,Korea,598000,2231,40158,8.04,3.3,18-34,Female,6936.0,8,유지,2026-03-28,없음,34,4.7,매크로,PPL,2026-06-13,1267,https://yt3.ggpht.com/OkcW3Umzb-bLDx4mFocvYOHUm6dFod9rgkhU3kryhbuKs7BqnVoH51onPvvGqr4GZrvx0n_2CA=s240-c-k-c0x00ffffff-no-rj,UCB8Fets2QTgay4SrwyHOzpA,https://www.youtube.com/channel/UCB8Fets2QTgay4SrwyHOzpA
CR_YT_1196,VIVA ASMR,@yt_uciorb8z,YouTube,라이프스타일,일상,Korea,598000,501930,6525090,1.56,3.6,18-34,Mixed,8742.0,2,하락,2026-05-21,없음,18,4.5,매크로,브랜디드콘텐츠,2026-06-13,253556,https://yt3.ggpht.com/ytc/AIdro_mABFex0VqngkDuJr0YeS_pEnfooB2dcZAkgAIFE5ndong=s240-c-k-c0x00ffffff-no-rj,UCiorb8zE67MvrBQGagNWutQ,https://www.youtube.com/channel/UCiorb8zE67MvrBQGagNWutQ
CR_YT_1197,아려랑,@yt_ucfmzjrp,YouTube,게임,게임플레이,Korea,597000,147271,2945420,3.5,2.9,18-34,Male,8371.0,8,유지,2026-01-14,없음,14,5.0,매크로,스폰서십,2026-06-13,123163,https://yt3.ggpht.com/fCJ-Mi0LzOfDngxPmNb0BZ0SLjoC0p2AkZCY8ABbnUVy0AOVyEOSnYjEbmEALZzokEF6GBEa0w=s240-c-k-c0x00ffffff-no-rj,UCFMzJRPsLOL17lwxN_MdcnA,https://www.youtube.com/channel/UCFMzJRPsLOL17lwxN_MdcnA
CR_YT_1198,이과장,@yt_uctfrifv,YouTube,엔터테인먼트,버라이어티,Korea,596000,527383,5801213,4.91,2.5,18-34,Mixed,14176.0,8,상승,2026-05-26,없음,38,4.2,매크로,PPL,2026-06-13,164759,https://yt3.ggpht.com/ytc/AIdro_lIfLftD73vmQZQfS8PPrSA2HZjEjejbnukMjneFFvvbg4=s240-c-k-c0x00ffffff-no-rj,UCtfriFvIe5gIe8wRWb8UTMg,https://www.youtube.com/channel/UCtfriFvIe5gIe8wRWb8UTMg
CR_YT_1199,스브스스포츠 SUBUSU SPORTS,@yt_uck4xjbs,YouTube,피트니스,운동,Korea,595000,87617,1577106,8.37,4.0,25-44,Mixed,8839.0,20,상승,2026-03-23,없음,14,5.0,매크로,PPL,2026-06-13,43141,https://yt3.ggpht.com/ytc/AIdro_nOZBbaXKvbGDTAm8rzdqjn0hPD6L0dxqmcdUiAFpXlFnc=s240-c-k-c0x00ffffff-no-rj,UCk4XjBsDuzItvsuVGiDdKqQ,https://www.youtube.com/channel/UCk4XjBsDuzItvsuVGiDdKqQ
CR_YT_1200,SBS Sports,@yt_ucqskwti,YouTube,엔터테인먼트,예능,Korea,593000,44444,666660,6.41,4.3,18-34,Mixed,11569.0,8,하락,2026-01-17,없음,25,5.0,매크로,브랜디드콘텐츠,2026-06-13,19377,https://yt3.ggpht.com/6y8sIsDdgNwo87jIc_af5g5xAGDkKlSbN8rl7NIAZjzp7hLLCRVLcZt976hZSPmcmSVaTKoLDg=s240-c-k-c0x00ffffff-no-rj,UCqsKWTIu7IhBjLFZS2s1ULQ,https://www.youtube.com/channel/UCqsKWTIu7IhBjLFZS2s1ULQ
CR_YT_1201,양아지,@yt_ucmmxefw,YouTube,게임,e스포츠,Korea,593000,203197,1828773,7.86,4.6,18-34,Male,13576.0,4,상승,2026-02-24,없음,10,5.0,매크로,제품리뷰,2026-06-13,43587,https://yt3.ggpht.com/ytc/AIdro_lcgXV4bHP1kg4teu_VdhIMY0BBrJamy-sLUVeKZiSfCmg=s240-c-k-c0x00ffffff-no-rj,UCmMxEFwIOMGGoThkmtZZOvQ,https://www.youtube.com/channel/UCmMxEFwIOMGGoThkmtZZOvQ
CR_YT_1202,LookSam,@yt_ucqlfdih,YouTube,엔터테인먼트,리액션,Korea,592000,225782,2709384,3.4,4.7,18-34,Mixed,10702.0,12,유지,2026-05-24,없음,33,4.7,매크로,브랜디드콘텐츠,2026-06-13,116365,https://yt3.ggpht.com/sy3AO3ytgcP0p2T6fx3xVSmYimzTWt-a9beiyPtGV2UfRAMl9MWvpXf2MAaeyc7RRQ_qkU65=s240-c-k-c0x00ffffff-no-rj,UCQLfdihF1WwbuVcgJq6x6Iw,https://www.youtube.com/channel/UCQLfdihF1WwbuVcgJq6x6Iw
CR_YT_1203,쏨작가의지식사전,@yt_ucyjiqn9,YouTube,교육,정보,Korea,592000,540875,5408750,1.72,3.2,25-44,Mixed,8509.0,12,유지,2026-03-05,없음,31,4.7,매크로,스폰서십,2026-06-13,239891,https://yt3.ggpht.com/LyEL8xgBFKBBteqxyxo5H5D1eTeFoy35_W0OtfCY48KHvQII8v39lw7s5PjkTOo5QSqTDMd_5p8=s240-c-k-c0x00ffffff-no-rj,UCyjiqn9No1prLHIcTUA0ZzA,https://www.youtube.com/channel/UCyjiqn9No1prLHIcTUA0ZzA
CR_YT_1204,이상훈TV,@yt_ucy-d9-b,YouTube,엔터테인먼트,브이로그,Korea,592000,238938,2150442,1.67,3.3,18-34,Mixed,6024.0,20,유지,2026-01-06,없음,7,5.0,매크로,브랜디드콘텐츠,2026-06-13,83487,https://yt3.ggpht.com/ytc/AIdro_muMEj9o-CSx7NJO8bpCggKZOJguPfqY2NtEmCQFla2Tlg=s240-c-k-c0x00ffffff-no-rj,UCY-d9-BjGZtnETUVdWqOt4Q,https://www.youtube.com/channel/UCY-d9-BjGZtnETUVdWqOt4Q
CR_YT_1205,Arirang은 고양이들 내가 주인,@yt_ucetblyk,YouTube,엔터테인먼트,리액션,Korea,592000,458839,7800263,7.04,4.8,18-34,Mixed,788.0,12,유지,2026-01-22,없음,16,5.0,매크로,PPL,2026-06-13,307248,https://yt3.ggpht.com/spx83Dn0dkN8fMGCIhl1jYUMpTX2jaG-XWA6C-RkLP2MxUx_hDXqAysZz_arMvygCb4DZD5w=s240-c-k-c0x00ffffff-no-rj,UCETBLykCDpfP6L0awBd7Vwg,https://www.youtube.com/channel/UCETBLykCDpfP6L0awBd7Vwg
CR_YT_1206,Ha Neul오늘의 하늘,@yt_ucw-ru_z,YouTube,라이프스타일,리뷰,Korea,591000,306905,3989765,1.58,2.9,18-34,Mixed,14058.0,8,상승,2026-03-16,없음,14,5.0,매크로,브랜디드콘텐츠,2026-06-13,99507,https://yt3.ggpht.com/ytc/AIdro_mNc5b5T4TrwipW3VDMiWQfGIXeTgKNHuBYepFxuekeW30p=s240-c-k-c0x00ffffff-no-rj,UCW-rU_ZE4dAKDejWdTAKmoA,https://www.youtube.com/channel/UCW-rU_ZE4dAKDejWdTAKmoA
CR_YT_1207,쇼츠타르트,@yt_uc71tbr8,YouTube,라이프스타일,브이로그,Korea,591000,1546107,29376033,6.79,3.1,18-34,Mixed,13420.0,20,유지,2026-03-06,확인필요,36,2.7,매크로,브랜디드콘텐츠,2026-06-13,1228845,https://yt3.ggpht.com/uiWymrDnxTxidpaPoyffLpe1zYiilWaqNKqaTvgykypTKp9Ahs5CkIqUHNf1j9lanJGh2pOenw=s240-c-k-c0x00ffffff-no-rj,UC71TbR88ZOAsa8-JG3UD3pw,https://www.youtube.com/channel/UC71TbR88ZOAsa8-JG3UD3pw
CR_YT_1208,리뷰띠,@yt_ucyroynz,YouTube,엔터테인먼트,리액션,Korea,591000,2006802,22074822,8.36,4.7,18-34,Mixed,2920.0,1,상승,2026-04-25,없음,36,3.2,매크로,PPL,2026-06-13,779532,https://yt3.ggpht.com/J0EdyDYw2X8BbshcWJu5qs1djPjEhLN1ZV5HRubnLx6ZGmCe_R8auf7JMmQAHiWNa85Wh3v1=s240-c-k-c0x00ffffff-no-rj,UCyRoynZRY026vew0Ix41bhw,https://www.youtube.com/channel/UCyRoynZRY026vew0Ix41bhw
CR_YT_1209,소개팁 IntroTip,@yt_uc3celod,YouTube,뷰티,메이크업,Korea,591000,2214452,31002328,2.68,5.0,18-34,Female,5327.0,16,상승,2026-05-27,없음,34,4.7,매크로,제품리뷰,2026-06-13,967543,https://yt3.ggpht.com/iQxXbGjm0te-6dtV6wYdJtWoBHeu4L-b2hjh-v9ZRXSIn-Ue6cGgAZWNjWhy_WRzBeo1Fw35Fw=s240-c-k-c0x00ffffff-no-rj,UC3CELODQnl5pGSWyS3OmMOA,https://www.youtube.com/channel/UC3CELODQnl5pGSWyS3OmMOA
CR_YT_1210,박병진용사,@yt_ucgmsfbp,YouTube,엔터테인먼트,리액션,Korea,591000,126068,1008544,2.1,3.4,18-34,Mixed,4419.0,8,유지,2026-05-12,없음,7,5.0,매크로,PPL,2026-06-13,30656,https://yt3.ggpht.com/FullC9MHK1VNojvh-kZPKelOqQhGwF2BgQLkQoALkgcsaagft0LiY6Cy_z5COIJ_fYmuPSW6=s240-c-k-c0x00ffffff-no-rj,UCGMsFBPnR2hcrM0xGoFUL-A,https://www.youtube.com/channel/UCGMsFBPnR2hcrM0xGoFUL-A
CR_YT_1211,고알레 GOALE,@yt_uci0fxd0,YouTube,피트니스,운동,Korea,590000,233985,4679700,6.16,2.4,25-44,Mixed,7588.0,4,유지,2026-01-22,없음,21,5.0,매크로,PPL,2026-06-13,155546,https://yt3.ggpht.com/g-xi-yA2PTebV6jSx9pgtZjbZgo2qicAWPmJeveq3xhQiCVqLcR1R5kcjONDeOmypGsacjyF=s240-c-k-c0x00ffffff-no-rj,UCI0FxD0282RxDk193_RJcJg,https://www.youtube.com/channel/UCI0FxD0282RxDk193_RJcJg
CR_YT_1212,다영 DAYEONG,@yt_uczuv_ld,YouTube,뷰티,메이크업,Korea,590000,149141,2982820,3.05,3.5,18-34,Female,12190.0,1,상승,2026-02-15,없음,6,4.0,매크로,제품리뷰,2026-06-13,115967,https://yt3.ggpht.com/LW0tbE10TAdYZFN5SBRF1iZk6a6Othm0Xi5monxuKP2pp3qBfFnkDkGM1wCwXFkdmasbjIw4ul8=s240-c-k-c0x00ffffff-no-rj,UCzUV_ldqQyp17-scwBANlsg,https://www.youtube.com/channel/UCzUV_ldqQyp17-scwBANlsg
CR_YT_1213,우학스님 유튜브불교대학,@yt_uc8n0_ko,YouTube,교육,정보,Korea,590000,37267,484471,5.08,2.7,25-44,Mixed,695.0,1,유지,2026-02-09,확인필요,9,2.5,매크로,제품리뷰,2026-06-13,12038,https://yt3.ggpht.com/AplJK1VW55YNruYSP0cdyx9cH2XzplWgrpa5w9vVUw-SC8M5ABwUR9BKVMRZ4xH6Sy7YQvo8=s240-c-k-c0x00ffffff-no-rj,UC8N0_kO0ja3J0pbJGqvyfDQ,https://www.youtube.com/channel/UC8N0_kO0ja3J0pbJGqvyfDQ
CR_YT_1214,[Flower pig]꽃돼지,@yt_uc4vljno,YouTube,푸드,레시피,Korea,590000,152015,2584255,7.47,3.4,18-34,Mixed,2035.0,20,상승,2026-02-21,없음,26,4.7,매크로,먹방협찬,2026-06-13,98054,https://yt3.ggpht.com/ytc/AIdro_mH1UBLl3n_vzeTObZDl3KiI4Lt4i-Ac_VmNDib_2qgBrY=s240-c-k-c0x00ffffff-no-rj,UC4VljnooZZkRhhb5s5rv1Mw,https://www.youtube.com/channel/UC4VljnooZZkRhhb5s5rv1Mw
CR_YT_1215,Grab the Guitar,@yt_ucg66zd-,YouTube,엔터테인먼트,예능,Korea,588000,72727,1381813,1.98,4.2,18-34,Mixed,10441.0,1,상승,2026-04-10,없음,5,4.0,매크로,브랜디드콘텐츠,2026-06-13,62116,https://yt3.ggpht.com/S83nbuwBOhcO1L-xIl-8kR1JqRg20QFIXtDCVIyP1P1Y_RPbmIHN0QH7EqBME3A8v-I02o-AYA=s240-c-k-c0x00ffffff-no-rj,UCG66Zd-uypYaf1RLaJcIt3g,https://www.youtube.com/channel/UCG66Zd-uypYaf1RLaJcIt3g
CR_YT_1216,준아-Joona,@yt_uctaw_ca,YouTube,푸드,쿠킹,Korea,588000,400728,5209464,2.04,4.5,18-34,Mixed,3198.0,16,유지,2026-04-24,없음,36,4.2,매크로,먹방협찬,2026-06-13,197580,https://yt3.ggpht.com/ytc/AIdro_kdJPGOuLo9RGBHPYHjLZFZpW4AxR_OCvf12YE7fpUbWA=s240-c-k-c0x00ffffff-no-rj,UCtAw_capWxrWWtSmizxLvhg,https://www.youtube.com/channel/UCtAw_capWxrWWtSmizxLvhg
CR_YT_1217,요미월드,@yt_ucpvncwb,YouTube,엔터테인먼트,예능,Korea,588000,990476,9904760,1.14,4.9,18-34,Mixed,8844.0,4,상승,2026-02-18,없음,14,5.0,매크로,브랜디드콘텐츠,2026-06-13,348419,https://yt3.ggpht.com/f_S5dxvXRw4gZiz6-4LuW_ubqobLL21MHRL8MQKOkH81H52uvjOGsrGZdJdgI2uUvsq5XL-xxA=s240-c-k-c0x00ffffff-no-rj,UCpvNCwb8Xe4Nf4RuGlFar2A,https://www.youtube.com/channel/UCpvNCwb8Xe4Nf4RuGlFar2A
CR_YT_1218,웃고리즘,@yt_uchuqchq,YouTube,엔터테인먼트,버라이어티,Korea,588000,975103,9751030,6.55,2.7,18-34,Mixed,7846.0,8,유지,2026-03-06,없음,23,5.0,매크로,PPL,2026-06-13,420604,https://yt3.ggpht.com/sjCQ7f_Re94wvxcfLnDQrvnG2pVy7FI3b32AeDurLDoclLHG-ixBVfQCYRhLm_DbVFuInAZrs-4=s240-c-k-c0x00ffffff-no-rj,UCHUqcHqlaxm5NpmbK8hHD4g,https://www.youtube.com/channel/UCHUqcHqlaxm5NpmbK8hHD4g
CR_YT_1219,ChungKang Animation School,@yt_ucf5j4yu,YouTube,엔터테인먼트,예능,Korea,588000,130391,1695083,4.74,4.0,18-34,Mixed,2838.0,16,상승,2026-03-30,없음,21,5.0,매크로,PPL,2026-06-13,68640,https://yt3.ggpht.com/XbBafqmcKqiOnDESvhdDmC7qRjDEi17MAekQWSAL3g8LF2_OmQqFB-E2lDJVYZHNLkOT48UrJA=s240-c-k-c0x00ffffff-no-rj,UCF5j4YUDyqY_jJRSNfBCfjA,https://www.youtube.com/channel/UCF5j4YUDyqY_jJRSNfBCfjA
CR_YT_1220,강민우 돈깡TV,@yt_uci6c5v4,YouTube,교육,강의,Korea,587000,98684,1874996,6.55,3.3,25-44,Mixed,11292.0,16,상승,2026-06-05,확인필요,33,3.2,매크로,스폰서십,2026-06-13,46392,https://yt3.ggpht.com/MuQqr_afUqAeHVu9cQNGuX9Vc7_H-TwDBsaKWQq7snfCyxxOe0B1tchwC3LTao0o83GT_6aiJA=s240-c-k-c0x00ffffff-no-rj,UCI6C5V4J8FWRcLcOdh1yElw,https://www.youtube.com/channel/UCI6C5V4J8FWRcLcOdh1yElw
CR_YT_1221,리뷰하는 회사원,@yt_ucgty9qy,YouTube,뷰티,스킨케어,Korea,587000,995670,17922060,5.05,4.2,18-34,Female,12259.0,4,유지,2026-05-06,없음,33,4.7,매크로,PPL,2026-06-13,819341,https://yt3.ggpht.com/ppv-LF9JQS8pXkPkKEcEwjJNZZoK-GPr8sOA8_gv9VboFYBnWOd39-XIwH43uA9_FJYmk0PvGQ=s240-c-k-c0x00ffffff-no-rj,UCGtY9qyrQqqPlkNqAwccjNQ,https://www.youtube.com/channel/UCGtY9qyrQqqPlkNqAwccjNQ
CR_YT_1222,drighk fancam 2015,@yt_ucj2rx-r,YouTube,엔터테인먼트,리액션,Korea,587000,40171,522223,6.46,2.7,18-34,Mixed,6441.0,2,유지,2026-04-29,없음,7,4.5,매크로,PPL,2026-06-13,18837,https://yt3.ggpht.com/ytc/AIdro_k8K9gjeTwAN6_Xb-53objmgKvDaICRNzPrrr56pEB50g=s240-c-k-c0x00ffffff-no-rj,UCj2Rx-rb_g0lu1-dn2seZ2w,https://www.youtube.com/channel/UCj2Rx-rb_g0lu1-dn2seZ2w
CR_YT_1223,스튜디오V [ STUDIO V ],@yt_ucrjvvhx,YouTube,엔터테인먼트,버라이어티,Korea,587000,612813,9192195,1.64,4.3,18-34,Mixed,11930.0,8,유지,2026-04-04,없음,6,5.0,매크로,PPL,2026-06-13,311469,https://yt3.ggpht.com/ytc/AIdro_mXMqBlW7-ENkLuazV8Yj1-uEZeLbr8GREhOHaDFU65riY=s240-c-k-c0x00ffffff-no-rj,UCrjVVhXZjmylRHEKvie-rWQ,https://www.youtube.com/channel/UCrjVVhXZjmylRHEKvie-rWQ
CR_YT_1224,남해동광호선장 박형일,@yt_uc7w2a4w,YouTube,라이프스타일,브이로그,Korea,586000,272306,2178448,7.04,4.7,18-34,Mixed,738.0,2,유지,2026-03-28,없음,16,4.5,매크로,브랜디드콘텐츠,2026-06-13,72910,https://yt3.ggpht.com/QKWszwEEzFJGXJQXZZCJ4hGXfoEIgLLRq133ftTT-WovJO4RklKyoEztEWUMrWrtaLALZXmJ5O4=s240-c-k-c0x00ffffff-no-rj,UC7w2A4wJRVhini8DENeSXXw,https://www.youtube.com/channel/UC7w2A4wJRVhini8DENeSXXw
CR_YT_1225,SunnyVlog 산니,@yt_ucbrt_nb,YouTube,라이프스타일,리뷰,Korea,586000,337932,3717252,3.64,2.9,18-34,Mixed,3254.0,20,하락,2026-04-21,없음,40,4.2,매크로,브랜디드콘텐츠,2026-06-13,88616,https://yt3.ggpht.com/WMizsYPSdQSDN62x-lGYzxHYRVvgl9q8ZWRBfV4eQOTMUufZ5PvTjFYVdlgAgyuU5Nz4Z08WyA=s240-c-k-c0x00ffffff-no-rj,UCBrT_NBOM8yEEeKXQ-Fse1Q,https://www.youtube.com/channel/UCBrT_NBOM8yEEeKXQ-Fse1Q
CR_YT_1226,네이버웹툰,@yt_uck4wxhn,YouTube,엔터테인먼트,브이로그,Korea,585000,372807,5219298,1.78,4.9,18-34,Mixed,1470.0,1,유지,2026-02-06,없음,27,3.7,매크로,PPL,2026-06-13,237153,https://yt3.ggpht.com/v4yulGg2jxJXMkuKxTDd0GqSensrYDtZEKRzCw5x6krl1__nMVmIT9lzadNjaa2p4OGZfLwC=s240-c-k-c0x00ffffff-no-rj,UCK4WxhNsloFrA8iUaO92r5g,https://www.youtube.com/channel/UCK4WxhNsloFrA8iUaO92r5g
CR_YT_1227,방앗간 비둘기,@yt_uc1mo5ue,YouTube,게임,e스포츠,Korea,584000,54185,596035,4.45,2.6,18-34,Male,9657.0,8,유지,2026-06-08,없음,5,5.0,매크로,스폰서십,2026-06-13,21122,https://yt3.ggpht.com/o5_q4B5bllnmVD2rYu1GnP2icla5krGqr_V7tOopyIHkN8z5skByp2loHLVI_LqihU7TdLpHx2k=s240-c-k-c0x00ffffff-no-rj,UC1MO5uem_t8lRgvIBF9u83w,https://www.youtube.com/channel/UC1MO5uem_t8lRgvIBF9u83w
CR_YT_1228,기무리뷰,@yt_ucsawpmh,YouTube,엔터테인먼트,브이로그,Korea,584000,809248,11329472,5.29,3.6,18-34,Mixed,13029.0,4,유지,2026-01-05,없음,28,4.7,매크로,브랜디드콘텐츠,2026-06-13,426040,https://yt3.ggpht.com/xyWQ9__7VTn9I4udlBvX87OfqSCxxFVyB_18QqUPnHFkbPXx0oRSGFffFi3lXM_T6dgSMEriXQ=s240-c-k-c0x00ffffff-no-rj,UCSaWpMhJ-wm1ekEbEvZ6AhQ,https://www.youtube.com/channel/UCSaWpMhJ-wm1ekEbEvZ6AhQ
CR_YT_1229,팡이요,@yt_ucur5w0e,YouTube,게임,게임플레이,Korea,583000,130007,1950105,2.47,4.8,18-34,Male,13587.0,16,유지,2026-05-28,없음,19,5.0,매크로,스폰서십,2026-06-13,62338,https://yt3.ggpht.com/ytc/AIdro_k1buUlquCSFpnIcvA92vPiro_vKSMePewgy5bViGvBgg=s240-c-k-c0x00ffffff-no-rj,UCUR5w0E-jQTOO8Q0FZ4ilYQ,https://www.youtube.com/channel/UCUR5w0E-jQTOO8Q0FZ4ilYQ
CR_YT_1230,디에디트 THE EDIT,@yt_ucjkzovf,YouTube,테크,언박싱,Korea,581000,180932,3618640,2.06,2.4,25-44,Male,9336.0,4,상승,2026-01-05,없음,19,5.0,매크로,언박싱협찬,2026-06-13,112388,https://yt3.ggpht.com/ytc/AIdro_l9YTzNcnOc6TJ2M5K8rLd8iXGhav711uyjqUzRVRzyKg=s240-c-k-c0x00ffffff-no-rj,UCJKZoVf3RIMfFffjdseqdEg,https://www.youtube.com/channel/UCJKZoVf3RIMfFffjdseqdEg
CR_YT_1231,매드브로 MadBros,@yt_ucitcv_a,YouTube,엔터테인먼트,리액션,Korea,580000,530401,6895213,1.26,4.3,18-34,Mixed,7619.0,12,하락,2026-04-26,없음,25,5.0,매크로,브랜디드콘텐츠,2026-06-13,243095,https://yt3.ggpht.com/Ky0PbWegvhQlGJHtNkpsfRHhTbgQqgMTRIJYWo1TQPfE65WPKZt43qJwwHXYgK87rEKZQIcv=s240-c-k-c0x00ffffff-no-rj,UCiTcv_AxQQSx77yGikHHDZw,https://www.youtube.com/channel/UCiTcv_AxQQSx77yGikHHDZw
CR_YT_1232,KBS 그날 그곳에 있었습니다,@yt_ucjg8yud,YouTube,엔터테인먼트,버라이어티,Korea,579000,120673,1689422,6.83,2.8,18-34,Mixed,1356.0,2,상승,2026-03-25,없음,28,4.2,매크로,브랜디드콘텐츠,2026-06-13,70066,https://yt3.ggpht.com/t3D3ciZuSGqaQAPrX01Q8-tix3Xj9hKZmgEJI6XtUs1hflEApxJn3xtNQG94gfcvBWvzGU5lbA=s240-c-k-c0x00ffffff-no-rj,UCjg8YuDzpuQ5dpWQB7ekWGA,https://www.youtube.com/channel/UCjg8YuDzpuQ5dpWQB7ekWGA
CR_YT_1233,빅키샘Miss Vicky,@yt_ucjpisrx,YouTube,교육,스터디,Korea,579000,110168,1432184,4.36,2.4,25-44,Mixed,5055.0,4,하락,2026-06-02,없음,25,5.0,매크로,제품리뷰,2026-06-13,60981,https://yt3.ggpht.com/HC0c_meeS7QaKCGUM2La0HHb5lWThNVYIvg8mt6oK1WwVfyjIDnmyFjbYb153XSRW4b3N6EL=s240-c-k-c0x00ffffff-no-rj,UCJpIsrXze5HT3X64LDIIHUg,https://www.youtube.com/channel/UCJpIsrXze5HT3X64LDIIHUg
CR_YT_1234,마리라이프 Mari Life,@yt_ucfpn_gn,YouTube,라이프스타일,일상,Korea,579000,223519,3799823,6.37,4.2,18-34,Mixed,4596.0,2,유지,2026-03-18,없음,38,3.7,매크로,PPL,2026-06-13,99334,https://yt3.ggpht.com/NGk1IUYAJMWtYH-ZbegZnGPZoswPhIhhmA6XqOCNOq5l0pHsMHd4sxcOaSse8ZuwVDVyVEyv=s240-c-k-c0x00ffffff-no-rj,UCFpn_gNhm-ydKWGhRqCxLNw,https://www.youtube.com/channel/UCFpn_gNhm-ydKWGhRqCxLNw
CR_YT_1235,빵송국,@yt_ucqspmfr,YouTube,엔터테인먼트,브이로그,Korea,579000,455882,5470584,2.87,2.1,18-34,Mixed,7242.0,16,상승,2026-05-23,확인필요,31,3.2,매크로,PPL,2026-06-13,153717,https://yt3.ggpht.com/VZjuFcIgiJydrhIPzcRBb58GD5VkJHAM1-okwgqHxNlIgz4aKNV5dgrTH8QWu9Uc6g5OWwazG7E=s240-c-k-c0x00ffffff-no-rj,UCqsPmfRMm0AGTF3mw1VtCnw,https://www.youtube.com/channel/UCqsPmfRMm0AGTF3mw1VtCnw
CR_YT_1236,춤추는윤지,@yt_ucdhixsx,YouTube,엔터테인먼트,리액션,Korea,579000,118476,1184760,6.57,2.3,18-34,Mixed,10741.0,4,유지,2026-05-31,없음,34,4.7,매크로,브랜디드콘텐츠,2026-06-13,44060,https://yt3.ggpht.com/lRMt4wDmFLoCmVe_QOABTpqMEEezFBTgJEevE7nLauDSIQ8FiITnz8rmSQFEVcz_GLON-fpQIQ=s240-c-k-c0x00ffffff-no-rj,UCdHIXsxF0lKR6p1T0gZNN9w,https://www.youtube.com/channel/UCdHIXsxF0lKR6p1T0gZNN9w
CR_YT_1237,글자네,@yt_ucb5nltx,YouTube,게임,e스포츠,Korea,578000,214468,2144680,0.64,2.2,18-34,Male,2555.0,4,유지,2026-06-10,없음,40,4.2,매크로,제품리뷰,2026-06-13,66196,https://yt3.ggpht.com/6-1PEFYa6yVHKs9WsKF70Iij-In7yl3MeIuZV6Elktzff6lhbQjIM9X55egzwPdykEocJZ8D3g=s240-c-k-c0x00ffffff-no-rj,UCb5NLtXAsTBrmaZVhyFa-Wg,https://www.youtube.com/channel/UCb5NLtXAsTBrmaZVhyFa-Wg
CR_YT_1238,누나IT,@yt_uccfy_ja,YouTube,테크,테크리뷰,Korea,578000,114196,1598744,3.66,3.0,25-44,Male,5198.0,20,하락,2026-02-03,없음,7,5.0,매크로,제품리뷰,2026-06-13,61414,https://yt3.ggpht.com/ytc/AIdro_kdhy1KCC1sYAegn44zs9GVXRvasI4cA9b1UfABMRiYtSU=s240-c-k-c0x00ffffff-no-rj,UCCfy_jauEe07jowzGkEqo-g,https://www.youtube.com/channel/UCCfy_jauEe07jowzGkEqo-g
CR_YT_1239,발품부동산TV - 대한민국 주택 펜션 전문,@yt_uckryazl,YouTube,뷰티,스킨케어,Korea,576000,69098,1036470,1.04,2.5,18-34,Female,3908.0,12,유지,2026-01-21,없음,15,5.0,매크로,PPL,2026-06-13,25729,https://yt3.ggpht.com/y-_xacZlZu2go1nmKavjsu-PDirxIuipGEpe569Hd518zAqBY-d2FR5UTxzYn8gdccsIKSCABw=s240-c-k-c0x00ffffff-no-rj,UCkRYaZLpNLRDqBIqPbD9NZA,https://www.youtube.com/channel/UCkRYaZLpNLRDqBIqPbD9NZA
CR_YT_1240,동수칸TV,@yt_ucvjt18d,YouTube,게임,e스포츠,Korea,576000,136524,1911336,1.06,3.2,18-34,Male,11951.0,1,상승,2026-02-23,없음,38,3.2,매크로,제품리뷰,2026-06-13,59920,https://yt3.ggpht.com/ytc/AIdro_m-fnZQ9FB8gB8AzPhh3xQYv125xF7yqd_EiZZNjsFM8Gk=s240-c-k-c0x00ffffff-no-rj,UCVJT18d9wSCnDUdnJ9ycO7Q,https://www.youtube.com/channel/UCVJT18d9wSCnDUdnJ9ycO7Q
CR_YT_1241,각별,@yt_ucdrar1o,YouTube,게임,게임리뷰,Korea,575000,758293,11374395,6.6,4.6,18-34,Male,10411.0,2,상승,2026-05-03,확인필요,20,3.0,매크로,제품리뷰,2026-06-13,307617,https://yt3.ggpht.com/ytc/AIdro_muulujt4Y3frAPscnywCOD3u54zeaB1bXXLSasPVr81e8=s240-c-k-c0x00ffffff-no-rj,UCDrAR1OWC2MD4s0JLetN0MA,https://www.youtube.com/channel/UCDrAR1OWC2MD4s0JLetN0MA
CR_YT_1242,BlueSechi,@yt_ucovfzcg,YouTube,게임,게임리뷰,Korea,574000,886699,7093592,6.57,4.8,18-34,Male,5183.0,20,유지,2026-05-07,없음,13,5.0,매크로,스폰서십,2026-06-13,172497,https://yt3.ggpht.com/IJ92WiNZ5jOQ7sIOlx95ieQ_UXCMSRvly1X-NC_7rDK4yStdOhe3DOtzqoI2qAImGeozIlMiYRc=s240-c-k-c0x00ffffff-no-rj,UCOvfZCGGft-KwjVh7XihUOg,https://www.youtube.com/channel/UCOvfZCGGft-KwjVh7XihUOg
CR_YT_1243,YouTube Korea,@yt_ucoh52yq,YouTube,라이프스타일,일상,Korea,572000,207581,1660648,6.08,3.7,18-34,Mixed,3528.0,1,하락,2026-03-31,없음,17,4.0,매크로,PPL,2026-06-13,64696,https://yt3.ggpht.com/phyigngHB_ILjVeVUjRK_1iyynHvSx_Zg6W9h6VutjUHpkJnhIi5_WtdbUNvoDuMIQD6JbUTQ9I=s240-c-k-c0x00ffffff-no-rj,UCOH52Yqq4-rdLvpt2Unsqsw,https://www.youtube.com/channel/UCOH52Yqq4-rdLvpt2Unsqsw
CR_YT_1244,에그박사 Egg&Bugs,@yt_ucyhmwp1,YouTube,라이프스타일,리뷰,Korea,572000,172811,3283409,7.55,3.5,18-34,Mixed,2708.0,20,상승,2026-03-10,없음,15,5.0,매크로,브랜디드콘텐츠,2026-06-13,82789,https://yt3.ggpht.com/ytc/AIdro_kxVMW-tfeTpXO4IppVUAzVPTFjRo7j-XSVXdtERsLyhwo=s240-c-k-c0x00ffffff-no-rj,UCyhmwp12LECf7lvw7vddVPA,https://www.youtube.com/channel/UCyhmwp12LECf7lvw7vddVPA
CR_YT_1245,esteASMR,@yt_ucklqplm,YouTube,라이프스타일,일상,Korea,570000,439276,7028416,3.61,4.5,18-34,Mixed,5242.0,20,유지,2026-03-15,없음,21,5.0,매크로,PPL,2026-06-13,225380,https://yt3.ggpht.com/M_phNLp0Bq_FFcfz69pKssQh9yZouQCxMpPJQHaidLnUj35tgGvonBspN_WScSwsA15yo45FOc8=s240-c-k-c0x00ffffff-no-rj,UCKlqPlMAiORObF9rEGLXpgg,https://www.youtube.com/channel/UCKlqPlMAiORObF9rEGLXpgg
CR_YT_1246,진돌,@yt_uctltqj-,YouTube,엔터테인먼트,예능,Korea,570000,353280,5299200,5.33,4.0,18-34,Mixed,2134.0,12,유지,2026-02-21,없음,30,4.7,매크로,브랜디드콘텐츠,2026-06-13,127211,https://yt3.ggpht.com/H4HLc7cT0gJtEqMzWVBOcw230NlZjdwVCGQLoRVA7RNw-gVFNx2K2TUagKggNjbIyzIh4PLh=s240-c-k-c0x00ffffff-no-rj,UCtLTQj-aLL3ov7AYEE2SofA,https://www.youtube.com/channel/UCtLTQj-aLL3ov7AYEE2SofA
CR_YT_1247,ReacThing,@yt_ucbobkkm,YouTube,엔터테인먼트,브이로그,Korea,569000,293333,5866660,6.48,4.5,18-34,Mixed,12359.0,16,유지,2026-06-10,없음,18,5.0,매크로,브랜디드콘텐츠,2026-06-13,214943,https://yt3.ggpht.com/ytc/AIdro_mOuJU8cMTLE44kWiBv_VRsOTcy-R75TRwY-lxzJnI1hw=s240-c-k-c0x00ffffff-no-rj,UCBobKKmkDPL_5Vr9-OxveZQ,https://www.youtube.com/channel/UCBobKKmkDPL_5Vr9-OxveZQ
CR_YT_1248,뷰드름 유튜버 인씨,@yt_ucrlulic,YouTube,라이프스타일,일상,Korea,569000,254668,2801348,7.58,2.8,18-34,Mixed,3638.0,12,상승,2026-05-08,없음,6,5.0,매크로,PPL,2026-06-13,102416,https://yt3.ggpht.com/oKy1i_TqOsdpsf0fBgoPhkw3R2g98PFM_b75evkYOp7WxDdfYLgrSzEnH50bE6lF_De4CvBQEA=s240-c-k-c0x00ffffff-no-rj,UCrlUlicedicJ5mlibqC62Eg,https://www.youtube.com/channel/UCrlUlicedicJ5mlibqC62Eg
CR_YT_1249,기묘한 케이지,@yt_ucppfthg,YouTube,엔터테인먼트,리액션,Korea,569000,391791,7444029,3.12,5.0,18-34,Mixed,7463.0,12,하락,2026-01-20,없음,15,5.0,매크로,브랜디드콘텐츠,2026-06-13,241186,https://yt3.ggpht.com/ytc/AIdro_ltdGqJNQwFC2wA0nexF2OFWY53hmaZD5R341Qbu-kZ2A=s240-c-k-c0x00ffffff-no-rj,UCPpfTHg0QAHH4WqKZuLzimg,https://www.youtube.com/channel/UCPpfTHg0QAHH4WqKZuLzimg
CR_YT_1250,김줄스 ZoolsKim,@yt_ucptm-nm,YouTube,엔터테인먼트,브이로그,Korea,566000,200000,3400000,0.5,2.1,18-34,Mixed,13987.0,1,유지,2026-05-26,없음,5,4.0,매크로,PPL,2026-06-13,87842,https://yt3.ggpht.com/zd3FeArIYKFI6TriTWZKW-gnfuzO7WVwrBuvNeifp2J-vP-3JeQHu3pZg8FqXMTs5qI4rExl=s240-c-k-c0x00ffffff-no-rj,UCPTM-NMXolwmnUE_rjFIoYQ,https://www.youtube.com/channel/UCPTM-NMXolwmnUE_rjFIoYQ
CR_YT_1251,핑맨,@yt_uconomis,YouTube,게임,게임플레이,Korea,566000,157397,1573970,3.44,3.9,18-34,Male,6554.0,8,상승,2026-01-31,확인필요,28,3.2,매크로,제품리뷰,2026-06-13,40296,https://yt3.ggpht.com/MpDiCuOTT8w7-3dFxzFhSN8mtsd0r8XZ1ZOZ1I1RjiSDz00ePfmLaPDDBjQYi4fRld5tbqJf=s240-c-k-c0x00ffffff-no-rj,UConOmISJY0oZHRhWGyvdQ2A,https://www.youtube.com/channel/UConOmISJY0oZHRhWGyvdQ2A
CR_YT_1252,소리내어읽다,@yt_uclqxonn,YouTube,라이프스타일,일상,Korea,566000,109855,1318260,4.16,4.8,18-34,Mixed,9732.0,20,상승,2026-01-04,없음,18,5.0,매크로,PPL,2026-06-13,35122,https://yt3.ggpht.com/ytc/AIdro_lwpeg5489cML1pi-PjCTfWB_ngWuufeFogj85v52lUcJM=s240-c-k-c0x00ffffff-no-rj,UClQxoNN4nfaECCgdypcICeg,https://www.youtube.com/channel/UClQxoNN4nfaECCgdypcICeg
CR_YT_1253,남도형의 블루클럽,@yt_ucwgs2w6,YouTube,게임,게임플레이,Korea,566000,175145,1576305,2.38,4.6,18-34,Male,827.0,12,하락,2026-02-09,없음,40,4.2,매크로,제품리뷰,2026-06-13,39947,https://yt3.ggpht.com/4xdiaIa1rfagGNya4Y15_k7LYOIb8CHmFtOKLd4EVFk3tfsIK_yAHec4Tr0LDnRnVwlgZL7_mA=s240-c-k-c0x00ffffff-no-rj,UCwGS2W6UD4dJJU4IK2wyxvw,https://www.youtube.com/channel/UCwGS2W6UD4dJJU4IK2wyxvw
CR_YT_1254,suzy,@yt_uc9mujnq,YouTube,라이프스타일,리뷰,Korea,565000,995250,10947750,5.92,2.1,18-34,Mixed,6480.0,8,상승,2026-01-17,없음,32,4.7,매크로,PPL,2026-06-13,272091,https://yt3.ggpht.com/cHum3k6VOCXIwxYf1syKlYRFEH-MAPyJYG_T9P7HSK0IKBXpvzwNOnBJoo7_bnH4sW21xf8nwQ=s240-c-k-c0x00ffffff-no-rj,UC9MujNQL4vQwX9kMpmQPIKw,https://www.youtube.com/channel/UC9MujNQL4vQwX9kMpmQPIKw
CR_YT_1255,KFATV 대한민국 축구 국가대표팀,@yt_ucpjomwi,YouTube,피트니스,운동,Korea,564000,47596,951920,6.18,4.2,25-44,Mixed,4443.0,2,상승,2026-01-01,확인필요,22,3.0,매크로,PPL,2026-06-13,41677,https://yt3.ggpht.com/6cvPpmBq0AmRopwqCzALLxvpNSxzL99RybooYtkb1veDgEfg4eRGfYg20NRiCtCq8H5_F_1XBlY=s240-c-k-c0x00ffffff-no-rj,UCpjOmwiy88a9EV3Rv8ukJgw,https://www.youtube.com/channel/UCpjOmwiy88a9EV3Rv8ukJgw
CR_YT_1256,로빈,@yt_uco33r3s,YouTube,게임,게임플레이,Korea,564000,291068,5239224,5.01,4.6,18-34,Male,10876.0,12,상승,2026-01-23,없음,36,4.2,매크로,스폰서십,2026-06-13,127642,https://yt3.ggpht.com/23kp_7qa3tOUL3ZUadiv7KLB5KR9ezC2PIahvdidrE8eLxpi_PYTMOoqoUstNZVBB-_luCfc3ig=s240-c-k-c0x00ffffff-no-rj,UCo33r3SAf5z9MS-lrXV2aOQ,https://www.youtube.com/channel/UCo33r3SAf5z9MS-lrXV2aOQ
CR_YT_1257,만리 manli,@yt_ucovvrkb,YouTube,푸드,쿠킹,Korea,563000,313825,5335025,7.07,3.6,18-34,Mixed,8341.0,4,유지,2026-04-15,없음,28,4.7,매크로,제품리뷰,2026-06-13,170206,https://yt3.ggpht.com/fqvBlE_kmGtQ6_3uDlpmenM3mSe7j1Ua0OSQdN8iHQIHI1M9FpvtuFw85S3Q486Ar2axQe7I=s240-c-k-c0x00ffffff-no-rj,UCovVRKbRSpl6VaUbOYuvLAw,https://www.youtube.com/channel/UCovVRKbRSpl6VaUbOYuvLAw
CR_YT_1258,청계산댕이레코즈,@yt_ucrg4ncu,YouTube,엔터테인먼트,브이로그,Korea,563000,2222222,22222220,3.48,5.0,18-34,Mixed,10254.0,20,유지,2026-04-21,없음,23,5.0,매크로,PPL,2026-06-13,819368,https://yt3.ggpht.com/T8N3irZvMF971gDN632rqltyhkvJrGRSWMSWFnSfD8l-r6Pv5iwAqaIe7EgbB0zg3DR8m0nKyg=s240-c-k-c0x00ffffff-no-rj,UCrG4nCuPrsnnYpTZx2km-3w,https://www.youtube.com/channel/UCrG4nCuPrsnnYpTZx2km-3w
CR_YT_1259,JASON MEDIA,@yt_ucx3kemj,YouTube,피트니스,운동,Korea,563000,1237998,11141982,7.58,3.0,25-44,Mixed,8319.0,4,상승,2026-05-10,없음,34,4.7,매크로,PPL,2026-06-13,416526,https://yt3.ggpht.com/IeDsCY6GygkuKxD9M6VcwWXuIVpls_8FsSxGY7X6HGa5t2D3RkQFsr3M6XDHQMuY12b09a43vw=s240-c-k-c0x00ffffff-no-rj,UCX3KEmJd6CXRNH6YVa9AoOQ,https://www.youtube.com/channel/UCX3KEmJd6CXRNH6YVa9AoOQ
CR_YT_1260,KBS전주,@yt_ucpzc0k6,YouTube,여행,여행리뷰,Korea,562000,26363,474534,3.23,3.9,25-44,Mixed,8819.0,16,상승,2026-04-18,없음,15,5.0,매크로,스폰서십,2026-06-13,12678,https://yt3.ggpht.com/2ygroYwey-HAuNy3JXp-FRqhnVecC1zDgVv1nMlrSzgb6I-Pk1CV1Si0zjwOl6uVudRD7MQt5A=s240-c-k-c0x00ffffff-no-rj,UCpzc0K6Y6AxQq9m3dPtQWXw,https://www.youtube.com/channel/UCpzc0K6Y6AxQq9m3dPtQWXw
CR_YT_1261,코마,@yt_uciigigt,YouTube,게임,e스포츠,Korea,562000,705882,6352938,4.85,3.6,18-34,Male,8482.0,12,상승,2026-03-27,없음,5,5.0,매크로,제품리뷰,2026-06-13,295062,https://yt3.ggpht.com/KPMdd7T4QMsaJ9keEPzWzoodz-cdekSEJZ7ZpZPLBsxCs96cDyahfzzfKWqpiMQrwaT_Fo85Yg=s240-c-k-c0x00ffffff-no-rj,UCIigIgtZ65TiGQSmnVJaUCQ,https://www.youtube.com/channel/UCIigIgtZ65TiGQSmnVJaUCQ
CR_YT_1262,코지데이 CozyDay,@yt_uceyuopm,YouTube,라이프스타일,리뷰,Korea,561000,97852,1467780,6.35,4.4,18-34,Mixed,12381.0,12,상승,2026-04-15,없음,30,4.7,매크로,브랜디드콘텐츠,2026-06-13,38252,https://yt3.ggpht.com/iVu5WIzpEvP8Rd-qXBU5L6-6MN5sfmyk5oEco3Xb9rHF7ZtDYeffPHKHg2TmA-_GxeTKnL8f=s240-c-k-c0x00ffffff-no-rj,UCEyuopMY0Lx5b5PgCH03FSQ,https://www.youtube.com/channel/UCEyuopMY0Lx5b5PgCH03FSQ
CR_YT_1263,안협소,@yt_ucyyqb06,YouTube,여행,여행브이로그,Korea,561000,449050,8531950,1.35,3.9,25-44,Mixed,13481.0,8,상승,2026-05-07,없음,14,5.0,매크로,스폰서십,2026-06-13,348699,https://yt3.ggpht.com/ytc/AIdro_lVLPm7NNdK8Jy5BPAGYntxhGDq6xxBXo6hOo10vC7JrrI=s240-c-k-c0x00ffffff-no-rj,UCYYqb06Ym3aeubtHFwA4ECg,https://www.youtube.com/channel/UCYYqb06Ym3aeubtHFwA4ECg
CR_YT_1264,랩퍼성큰 COMEDY rapper sunken 외계교신 힙합,@yt_uczl-sjx,YouTube,엔터테인먼트,버라이어티,Korea,561000,6826,68260,6.06,2.9,18-34,Mixed,3534.0,20,상승,2026-01-05,없음,30,4.7,매크로,브랜디드콘텐츠,2026-06-13,3051,https://yt3.ggpht.com/A-KiyoZVAoKbFW4yRJluRBSI-b5RLQjlUqUV71Au4mQNqoW0SAhtlKVd4g_a7tfPmAq5jOKPGg=s240-c-k-c0x00ffffff-no-rj,UCzL-sjX-VUEXQuapuHVQ9kA,https://www.youtube.com/channel/UCzL-sjX-VUEXQuapuHVQ9kA
CR_YT_1265,지기네,@yt_ucq4ezws,YouTube,피트니스,다이어트,Korea,560000,258541,2068328,2.16,4.5,25-44,Mixed,7063.0,16,상승,2026-04-14,확인필요,9,3.5,매크로,PPL,2026-06-13,62535,https://yt3.ggpht.com/55iRGZ-shmpeQqbZ7_6qZrNcB0RLAvuSsmJypHJqBOeCFsnuJXzxqf2Qt7YCCH9N1Eqxr37dxes=s240-c-k-c0x00ffffff-no-rj,UCQ4eZwsMew7ZaV_HKXnQLGg,https://www.youtube.com/channel/UCQ4eZwsMew7ZaV_HKXnQLGg
CR_YT_1266,황형구,@yt_ucsdupq9,YouTube,라이프스타일,리뷰,Korea,560000,363636,2909088,2.9,3.2,18-34,Mixed,9051.0,2,유지,2026-05-06,없음,24,4.5,매크로,PPL,2026-06-13,115245,https://yt3.ggpht.com/ew0tdifSU-O_S8Da1TCARRMPHJVHMLi59Lw6enzgJ06pxgzHyleHopZoaTg46G8FseC9wwvO=s240-c-k-c0x00ffffff-no-rj,UCSDupq9n-SKGx3hKDuEhcMw,https://www.youtube.com/channel/UCSDupq9n-SKGx3hKDuEhcMw
CR_YT_1267,깨박이,@yt_uc1l79yk,YouTube,엔터테인먼트,리액션,Korea,559000,255813,2046504,3.31,2.8,18-34,Mixed,11662.0,8,유지,2026-01-07,없음,29,4.7,매크로,PPL,2026-06-13,71627,https://yt3.ggpht.com/VDMkk-DxxaoJ3zEaqD5UosI8NiKUtw0bFQNgLGhsGgBmukU6NH_i2IlunYxxfq9aeI10zT1vSA=s240-c-k-c0x00ffffff-no-rj,UC1L79yKbmVepsCYusa4KHLQ,https://www.youtube.com/channel/UC1L79yKbmVepsCYusa4KHLQ
CR_YT_1268,코저트 Cossert,@yt_uc-pxarb,YouTube,푸드,먹방,Korea,558000,196078,2745092,4.4,4.7,18-34,Mixed,1703.0,8,상승,2026-03-28,없음,21,5.0,매크로,제품리뷰,2026-06-13,66529,https://yt3.ggpht.com/ytc/AIdro_mvrHvtG8P93HVHsIRduJLJenLw2ov072RpIKb5Pu_uHjY=s240-c-k-c0x00ffffff-no-rj,UC-pXaRbTkhOnOUjsv96QHMg,https://www.youtube.com/channel/UC-pXaRbTkhOnOUjsv96QHMg
CR_YT_1269,프랭크쌤영어,@yt_ucwbdx2o,YouTube,교육,정보,Korea,558000,53691,590601,4.25,3.0,25-44,Mixed,6454.0,12,상승,2026-06-01,없음,33,4.7,매크로,제품리뷰,2026-06-13,22098,https://yt3.ggpht.com/Lm16m6fdEl5SOHpELEHVXrMLf1BH_470EvunZaVoq5RIw_IaMkNM1SbOK9jd1dwzGs8YGs02dw=s240-c-k-c0x00ffffff-no-rj,UCWbdX2OQlZkpXBw9M21pjzQ,https://www.youtube.com/channel/UCWbdX2OQlZkpXBw9M21pjzQ
CR_YT_1270,TV대정령,@yt_uchsk9gl,YouTube,게임,e스포츠,Korea,557000,82810,1490580,7.98,3.3,18-34,Male,10608.0,12,유지,2026-03-06,없음,16,5.0,매크로,제품리뷰,2026-06-13,61937,https://yt3.ggpht.com/ytc/AIdro_mDLl3ZQET7XjTNWpTZG1RDoKHQ0r920zJ7r_P94JeWujc=s240-c-k-c0x00ffffff-no-rj,UCHsK9gl5aU0F3umrU4Zn_sA,https://www.youtube.com/channel/UCHsK9gl5aU0F3umrU4Zn_sA
CR_YT_1271,덕양소,@yt_ucyh0isv,YouTube,엔터테인먼트,리액션,Korea,557000,411471,6995007,4.63,2.5,18-34,Mixed,1077.0,8,하락,2026-01-29,없음,23,5.0,매크로,PPL,2026-06-13,182422,https://yt3.ggpht.com/TkC3zBRN8KIFRPokJ1vRp-EUiMW1UsnkE-WmdN-hAemLHOUQybeSo5oInXzRyqLCK5tpXxdA=s240-c-k-c0x00ffffff-no-rj,UCYH0isveXrujjCH4Z2F4p4g,https://www.youtube.com/channel/UCYH0isveXrujjCH4Z2F4p4g
CR_YT_1272,Judy asmr,@yt_ucrub1iq,YouTube,라이프스타일,일상,Korea,556000,211946,3815028,7.2,2.6,18-34,Mixed,11748.0,8,상승,2026-03-19,확인필요,20,3.5,매크로,PPL,2026-06-13,102796,https://yt3.ggpht.com/J0y3K1m8-LEvl_I7LVczTux_PR2Zs-1KlZvCtHdCY7IhaZ4lG9jjakr_klARqkKXagKqAxIcDQ=s240-c-k-c0x00ffffff-no-rj,UCRUb1Iq2qbcmvt7AWdW8wjA,https://www.youtube.com/channel/UCRUb1Iq2qbcmvt7AWdW8wjA
CR_YT_1273,견생역전,@yt_uclawnon,YouTube,라이프스타일,브이로그,Korea,555000,126676,1266760,7.42,3.8,18-34,Mixed,12222.0,8,상승,2026-02-05,없음,19,5.0,매크로,PPL,2026-06-13,36161,https://yt3.ggpht.com/fMP15wWhIEA2baIQIqcOW3PPuMzNtpGkfivE0IkPlziuPnQtBHJBV77r0AhG11nnLaohih88=s240-c-k-c0x00ffffff-no-rj,UCLaWnoNFb8I5CaFxQdO6uzQ,https://www.youtube.com/channel/UCLaWnoNFb8I5CaFxQdO6uzQ
CR_YT_1274,Tasty Hoon 테이스티훈,@yt_ucxyybzo,YouTube,라이프스타일,리뷰,Korea,554000,348101,3481010,8.07,3.7,18-34,Mixed,10634.0,8,상승,2026-06-12,없음,36,4.2,매크로,브랜디드콘텐츠,2026-06-13,141357,https://yt3.ggpht.com/ytc/AIdro_mPWSke8xEOY3jM_DjOKIQQlf2O2ECS5nb8wMTJaXDGyq4=s240-c-k-c0x00ffffff-no-rj,UCxYYbzOCCeFwAl80gDJjaag,https://www.youtube.com/channel/UCxYYbzOCCeFwAl80gDJjaag
CR_YT_1275,블루위키,@yt_ucqredc7,YouTube,게임,게임플레이,Korea,553000,394431,6310896,4.29,2.8,18-34,Male,1765.0,12,유지,2026-05-10,확인필요,32,3.2,매크로,스폰서십,2026-06-13,162911,https://yt3.ggpht.com/VapTjc6K3UntkT7bv-UPcwtjCsaiYVWVCXSf9R6zULtY7D_-VqZRtniDP9pOYF265XYWfvvl2g=s240-c-k-c0x00ffffff-no-rj,UCQreDC73rqiw1wSc_ZYwgHA,https://www.youtube.com/channel/UCQreDC73rqiw1wSc_ZYwgHA
CR_YT_1276,내일은 투자왕 - 김단테,@yt_ucktmviu,YouTube,뷰티,뷰티리뷰,Korea,553000,125879,1384669,7.5,2.4,18-34,Female,10137.0,2,유지,2026-05-23,없음,10,4.5,매크로,PPL,2026-06-13,61600,https://yt3.ggpht.com/ytc/AIdro_m8mCuv6xqV2e5munuXeAIpHNnXDvwd1pSet1_iFvoQWi8=s240-c-k-c0x00ffffff-no-rj,UCKTMvIu9a4VGSrpWy-8bUrQ,https://www.youtube.com/channel/UCKTMvIu9a4VGSrpWy-8bUrQ
CR_YT_1277,발명! 쓰레기걸 Trash girl,@yt_ucewon7p,YouTube,엔터테인먼트,버라이어티,Korea,551000,5161290,61935480,8.27,4.0,18-34,Mixed,1076.0,12,상승,2026-02-04,없음,31,4.7,매크로,PPL,2026-06-13,2135774,https://yt3.ggpht.com/ytc/AIdro_nkGdQ2ABjNg2ymuNyFS6Vs8FRevqhX7M7-veyX5mznJQ=s240-c-k-c0x00ffffff-no-rj,UCEwOn7PtulhGiick5T_9CyA,https://www.youtube.com/channel/UCEwOn7PtulhGiick5T_9CyA
CR_YT_1278,닛몰캐쉬,@yt_ucwy5zjo,YouTube,라이프스타일,리뷰,Korea,551000,962406,18285714,0.59,2.2,18-34,Mixed,10156.0,20,하락,2026-03-19,없음,5,5.0,매크로,PPL,2026-06-13,725962,https://yt3.ggpht.com/4GMxZ4c3BB0RU0-rfH7Yt_wp2Xot8kllli3Puo3AIL_HfazX7qO6KrLDAuW9s8-dOimBwFh1FA=s240-c-k-c0x00ffffff-no-rj,UCWy5ZJoLkHZswfPCbsUGwCw,https://www.youtube.com/channel/UCWy5ZJoLkHZswfPCbsUGwCw
CR_YT_1279,THE 트롯 보라고,@yt_uc0iasys,YouTube,엔터테인먼트,버라이어티,Korea,551000,22259,445180,7.87,4.6,18-34,Mixed,7384.0,20,유지,2026-02-14,없음,18,5.0,매크로,브랜디드콘텐츠,2026-06-13,11811,https://yt3.ggpht.com/75IfwKbdEdg_Z4KHFwyEUwZJ1XX8R37RDIABiVu0i9iMH2dez7guU_kIWb_9Gu167B4sOgeYyg=s240-c-k-c0x00ffffff-no-rj,UC0iasYSy_hhIOlQiGDSQKmA,https://www.youtube.com/channel/UC0iasYSy_hhIOlQiGDSQKmA
CR_YT_1280,키글 × 코코비 게임,@yt_ucuiynd-,YouTube,게임,게임리뷰,Korea,551000,3615,50610,5.52,4.6,18-34,Male,12939.0,1,상승,2026-05-12,없음,14,4.0,매크로,스폰서십,2026-06-13,1833,https://yt3.ggpht.com/Akeir9m9N_VECtP7HGXj0VTlRG0BdJ7aGMYpXyyDkeuX3D1lLgZxk0y7M-lEm-tyO3kCblsH4-8=s240-c-k-c0x00ffffff-no-rj,UCUiyNd-JORpW9Mokxoirf_w,https://www.youtube.com/channel/UCUiyNd-JORpW9Mokxoirf_w
CR_YT_1281,프로관전러 P.S,@yt_ucqi5lyt,YouTube,게임,게임리뷰,Korea,551000,168131,1513179,2.48,4.3,18-34,Male,12506.0,20,유지,2026-01-11,없음,28,4.7,매크로,스폰서십,2026-06-13,55297,https://yt3.ggpht.com/ytc/AIdro_nlfc41yVmOW_b0gnz86YN39PbgIL4uAwGuFx8ZkfMRox8=s240-c-k-c0x00ffffff-no-rj,UCqI5lyTpC79pOy2D-VXAMdA,https://www.youtube.com/channel/UCqI5lyTpC79pOy2D-VXAMdA
CR_YT_1282,캐리TV 주니어,@yt_uc9qpzgy,YouTube,엔터테인먼트,버라이어티,Korea,550000,460142,5981846,0.72,4.0,18-34,Mixed,12627.0,4,상승,2026-06-07,없음,30,4.7,매크로,PPL,2026-06-13,248534,https://yt3.ggpht.com/n6zNWy9OKdxDN0hbLoVr7H9lOaijAgqU0bYRRb2g7ct0rw2UXvVVinxXpH9UEcf45VmgfnaQhXU=s240-c-k-c0x00ffffff-no-rj,UC9qPzGYgaNhx8ql4Nl46BBA,https://www.youtube.com/channel/UC9qPzGYgaNhx8ql4Nl46BBA
CR_YT_1283,LunLuns,@yt_uc6lnibu,YouTube,라이프스타일,브이로그,Korea,550000,628465,12569300,3.75,4.6,18-34,Mixed,8058.0,16,유지,2026-06-03,없음,15,5.0,매크로,브랜디드콘텐츠,2026-06-13,442725,https://yt3.ggpht.com/ytc/AIdro_m_uxK9LpJc2a-6Qtj76ef2ZwM8NNb7ooroA3_D4IoJMuU=s240-c-k-c0x00ffffff-no-rj,UC6lNIbU1SSA9YjveOx9a_oA,https://www.youtube.com/channel/UC6lNIbU1SSA9YjveOx9a_oA
CR_YT_1284,미니유 Miniyu ASMR,@yt_ucnaa9t4,YouTube,라이프스타일,일상,Korea,550000,255957,2047656,4.99,4.1,18-34,Mixed,1079.0,20,유지,2026-04-29,없음,14,5.0,매크로,브랜디드콘텐츠,2026-06-13,67717,https://yt3.ggpht.com/SyeMUHmWWyzIoge78MNv7gZIlcBGhAKpAgDf1p-WEoEX1WgBLmZ-WwSefC8a2aIRAn7v8gqjwg=s240-c-k-c0x00ffffff-no-rj,UCNAA9T4V8AsCSfbSBlfeDrw,https://www.youtube.com/channel/UCNAA9T4V8AsCSfbSBlfeDrw
CR_YT_1285,션 파블로 Sean Pablo,@yt_ucrk_m8z,YouTube,엔터테인먼트,브이로그,Korea,548000,148232,2668176,7.84,2.9,18-34,Mixed,12903.0,12,유지,2026-05-31,없음,25,5.0,매크로,PPL,2026-06-13,112487,https://yt3.ggpht.com/TPPOvDDy835TD2Kb9ARJ2y_IZnajhLkY_CoQRderpqZ0_9RrSUSGU-1I3WLTZqSc3TUlTwpegw=s240-c-k-c0x00ffffff-no-rj,UCRK_M8zKoxiMMmRcnt_Eb9g,https://www.youtube.com/channel/UCRK_M8zKoxiMMmRcnt_Eb9g
CR_YT_1286,후다닥요리,@yt_uc7ok_pm,YouTube,푸드,먹방,Korea,548000,78982,1500658,5.96,3.8,18-34,Mixed,1819.0,20,유지,2026-03-06,없음,13,5.0,매크로,먹방협찬,2026-06-13,54630,https://yt3.ggpht.com/OqsCUfqUHSxw6moI88kf23-s68VFV83tdaim1M72QOLRQPh1vel3Waw7SyWwUvMMUdga1SA_=s240-c-k-c0x00ffffff-no-rj,UC7ok_PMSTIY5Qg4ULxRoSNg,https://www.youtube.com/channel/UC7ok_PMSTIY5Qg4ULxRoSNg
CR_YT_1287,무비띵크_Movie Think,@yt_uckbzr20,YouTube,엔터테인먼트,버라이어티,Korea,548000,324459,5840262,2.67,2.9,18-34,Mixed,13634.0,12,상승,2026-03-20,없음,19,5.0,매크로,PPL,2026-06-13,172822,https://yt3.ggpht.com/ytc/AIdro_kg0ldPhtWUCbKZIEJlZiRcyOsq9-r5p3JKpbNDN4srJOA=s240-c-k-c0x00ffffff-no-rj,UCKBzr20577Xcn0LJoRVES_A,https://www.youtube.com/channel/UCKBzr20577Xcn0LJoRVES_A
CR_YT_1288,타로마스터정회도,@yt_uc5p1v3r,YouTube,라이프스타일,리뷰,Korea,548000,0,0,3.79,2.8,18-34,Mixed,13413.0,8,상승,2026-02-18,없음,17,4.2,매크로,브랜디드콘텐츠,2026-06-13,0,,UC5P1v3rL5N8lu6JqXSIeByg,https://www.youtube.com/channel/UC5P1v3rL5N8lu6JqXSIeByg
CR_YT_1289,공돌이 용달,@yt_ucupeq50,YouTube,여행,여행브이로그,Korea,546000,878378,15810804,6.2,3.7,25-44,Mixed,3015.0,2,유지,2026-06-03,없음,34,4.2,매크로,스폰서십,2026-06-13,621989,https://yt3.ggpht.com/ytc/AIdro_lG2D1uJhsw3-MTcdbF64nLdP6LANpaiUmAzK4nEaJzeA=s240-c-k-c0x00ffffff-no-rj,UCuPeQ50gyXAl_70p0UT7WAQ,https://www.youtube.com/channel/UCuPeQ50gyXAl_70p0UT7WAQ
CR_YT_1290,밈PD,@yt_ucqxw9ag,YouTube,뷰티,뷰티리뷰,Korea,546000,252293,5045860,3.2,4.7,18-34,Female,6179.0,20,유지,2026-05-18,없음,36,4.2,매크로,PPL,2026-06-13,192316,https://yt3.ggpht.com/z8ODVQWbs1peXqgjrD_d65UQG-zRtGoyBG5_9qeuaTo0JmJ_LGbbSTkcz9VGd4c3MWiMIBS4rDY=s240-c-k-c0x00ffffff-no-rj,UCqxW9ag8rCtIMfAHvOIEIQA,https://www.youtube.com/channel/UCqxW9ag8rCtIMfAHvOIEIQA
CR_YT_1291,엄태웅TV,@yt_ucjokzvh,YouTube,엔터테인먼트,리액션,Korea,546000,1092436,14201668,5.35,2.8,18-34,Mixed,547.0,8,상승,2026-04-27,없음,40,4.2,매크로,PPL,2026-06-13,379865,https://yt3.ggpht.com/iWdVJO_zq_AH2zZ1lRrJIpBocc9ftIBVL12eWf2zpahBWMeLcpxx3skSbEt61Vyg_7aU1srIfw=s240-c-k-c0x00ffffff-no-rj,UCJOkzVhjoJL9W_6m5VDeIpw,https://www.youtube.com/channel/UCJOkzVhjoJL9W_6m5VDeIpw
CR_YT_1292,에드머 Edmmer,@yt_ucrpoe9e,YouTube,푸드,쿠킹,Korea,546000,159468,2551488,2.72,3.7,18-34,Mixed,6702.0,2,유지,2026-05-02,확인필요,22,3.0,매크로,먹방협찬,2026-06-13,94278,https://yt3.ggpht.com/sqtaBj6GkGo-Tf-6JKcCIFSQPU1a3QCxdRooR3nhwY_xxaUcSCudkiIBNOfp3nFn0RHjtce9zg=s240-c-k-c0x00ffffff-no-rj,UCrpoE9e2-eWcj8AYvwYdebw,https://www.youtube.com/channel/UCrpoE9e2-eWcj8AYvwYdebw
CR_YT_1293,[팟빵] CRIME,@yt_ucpfxqoj,YouTube,엔터테인먼트,리액션,Korea,546000,337662,4727268,1.46,2.5,18-34,Mixed,1519.0,4,상승,2026-01-25,확인필요,8,3.5,매크로,브랜디드콘텐츠,2026-06-13,152977,https://yt3.ggpht.com/neY32Q8XU1CVq7UiktCTidjkt-s14RrQJEivId2mzUWb8EP-ZQNUYRriPXZxD7iFxaZo0yB5Ug=s240-c-k-c0x00ffffff-no-rj,UCPfxQojZxhPUl7cFnfu_svQ,https://www.youtube.com/channel/UCPfxQojZxhPUl7cFnfu_svQ
CR_YT_1294,짱구대디,@yt_uccsepd5,YouTube,뷰티,뷰티리뷰,Korea,545000,90421,1717999,2.14,4.7,18-34,Female,5395.0,12,하락,2026-03-14,확인필요,8,3.5,매크로,PPL,2026-06-13,67615,https://yt3.ggpht.com/9U_5oR5DBz75kZp2CtDu0eHDTb15Jk9VUZQqFE6xq5jmB32TVMEq89D-8bXbmHdGIn8Mjgb1UQ=s240-c-k-c0x00ffffff-no-rj,UCcSepD5GRKpskptBW2TSKGg,https://www.youtube.com/channel/UCcSepD5GRKpskptBW2TSKGg
CR_YT_1295,한스 HANS,@yt_ucniam-l,YouTube,엔터테인먼트,버라이어티,Korea,545000,846394,11849516,2.26,3.8,18-34,Mixed,5626.0,20,상승,2026-05-22,없음,22,5.0,매크로,브랜디드콘텐츠,2026-06-13,343034,https://yt3.ggpht.com/gpzXQNOiGLjE2239HJSIKCLLb2zij2n_DeehC53HBeEp_-yDBRMmtlFmbChsSHqElVC_fNB0KtQ=s240-c-k-c0x00ffffff-no-rj,UCNIam-lUt69PyGWFDRYUuzA,https://www.youtube.com/channel/UCNIam-lUt69PyGWFDRYUuzA
CR_YT_1296,면상호[NoodleFighter],@yt_ucx1iux9,YouTube,푸드,레시피,Korea,544000,82815,1407855,2.26,4.4,18-34,Mixed,9436.0,20,상승,2026-05-05,없음,29,4.7,매크로,제품리뷰,2026-06-13,43254,https://yt3.ggpht.com/Y0U0hAzArNNluSZ2Fl8WHVfKed6Xgo4TcrHqtwOr0m9VhUBYskcry6KpQRecdT1QXeEYN2iQlg=s240-c-k-c0x00ffffff-no-rj,UCX1iUx9aO9d57NC3aNU3qlA,https://www.youtube.com/channel/UCX1iUx9aO9d57NC3aNU3qlA
CR_YT_1297,김강민_Kim Kang min,@yt_ucjgojbt,YouTube,피트니스,운동,Korea,544000,378681,3408129,7.26,2.7,25-44,Mixed,13806.0,8,유지,2026-03-03,없음,15,5.0,매크로,제품리뷰,2026-06-13,87132,https://yt3.ggpht.com/L4E0lGY13I57UZu39_ghYyYJ4QXzKpFirXau6G47E0E7x8RBhGW4zxj0mWGt2rnZME-D3xScWQ=s240-c-k-c0x00ffffff-no-rj,UCjGoJbTmFYjd5OnPRUur02A,https://www.youtube.com/channel/UCjGoJbTmFYjd5OnPRUur02A
CR_YT_1298,leeanfilm리안,@yt_ucfldmta,YouTube,라이프스타일,일상,Korea,543000,146034,2628612,5.14,3.8,18-34,Mixed,1955.0,8,상승,2026-04-24,없음,33,4.7,매크로,브랜디드콘텐츠,2026-06-13,80255,https://yt3.ggpht.com/zfQkgwU5ZVJGdg-DscJS6jojZsobQGKBF1D42Z8zvYV50O7AcoJspUz3yWY5OTcRGs1B0SewkTk=s240-c-k-c0x00ffffff-no-rj,UCfldmTAkWErTcbiAA9GeVxg,https://www.youtube.com/channel/UCfldmTAkWErTcbiAA9GeVxg
CR_YT_1299,월령 月靈,@yt_uc2hqv2o,YouTube,게임,게임플레이,Korea,543000,4622,46220,3.58,3.8,18-34,Male,4440.0,8,유지,2026-03-24,없음,6,5.0,매크로,스폰서십,2026-06-13,1875,https://yt3.ggpht.com/vxjtcsnMi6pkBQUFxyD7yymgBL9p-RoyCdBus8hfJpwY3oYt9z-9ss8T4ys0TL1dx-xvenv9=s240-c-k-c0x00ffffff-no-rj,UC2Hqv2o2VDv94sFavAt7OvQ,https://www.youtube.com/channel/UC2Hqv2o2VDv94sFavAt7OvQ
CR_YT_1300,1급 비밀,@yt_ucotyvg3,YouTube,라이프스타일,리뷰,Korea,543000,605120,4840960,5.43,4.5,18-34,Mixed,10700.0,12,하락,2026-02-13,없음,18,5.0,매크로,브랜디드콘텐츠,2026-06-13,169324,https://yt3.ggpht.com/ytc/AIdro_nQnZ60BBoZM8MwJ1DKQXZ1CYEBdz4JpW3Y2IvHSvGbdQ=s240-c-k-c0x00ffffff-no-rj,UCoTYVg33mido1aPjImeaycw,https://www.youtube.com/channel/UCoTYVg33mido1aPjImeaycw
CR_YT_1301,DATA LIVE,@yt_ucdw05oi,YouTube,엔터테인먼트,브이로그,Korea,543000,486293,9725860,2.24,3.1,18-34,Mixed,13528.0,4,유지,2026-05-25,없음,20,5.0,매크로,브랜디드콘텐츠,2026-06-13,318620,https://yt3.ggpht.com/xVQ43xVWRQ_upUp_aQ_NIWYEqQZy_NdbjCdqgKyZAiTqWhsTu11YBPCR0zhDv35ItcZHc-k8dg=s240-c-k-c0x00ffffff-no-rj,UCdw05oI6SrQptAnDClBt4CQ,https://www.youtube.com/channel/UCdw05oI6SrQptAnDClBt4CQ
CR_YT_1302,여락이들_,@yt_ucgdlijn,YouTube,라이프스타일,일상,Korea,542000,453400,4987400,1.02,4.1,18-34,Mixed,5713.0,1,상승,2026-04-25,없음,29,3.7,매크로,브랜디드콘텐츠,2026-06-13,191488,https://yt3.ggpht.com/ytc/AIdro_kn59ZBiznFe8HHEe64KvHT7sjsaPO3f6uw8L11GYeKLuY=s240-c-k-c0x00ffffff-no-rj,UCgDlijNPh7yHQNv0YdL11fQ,https://www.youtube.com/channel/UCgDlijNPh7yHQNv0YdL11fQ
CR_YT_1303,이민정 MJ,@yt_ucfnugai,YouTube,라이프스타일,리뷰,Korea,542000,849056,11886784,2.54,2.7,18-34,Mixed,2944.0,4,하락,2026-01-10,없음,21,5.0,매크로,PPL,2026-06-13,302171,https://yt3.ggpht.com/ziRXDHkr_0F7dw_zazv6msvTN14FBxKT2MbmwxZltnjMcR_Mu6Jlv4icC3NL4wnTVnZiuVjG6A=s240-c-k-c0x00ffffff-no-rj,UCFNUGAiaGRgzVCXrjVoe1Hw,https://www.youtube.com/channel/UCFNUGAiaGRgzVCXrjVoe1Hw
CR_YT_1304,그루밍데이 고양이cat vlog,@yt_ucuw1c3j,YouTube,라이프스타일,브이로그,Korea,541000,160284,2243976,6.59,2.3,18-34,Mixed,8516.0,2,유지,2026-04-26,없음,10,4.5,매크로,브랜디드콘텐츠,2026-06-13,71448,https://yt3.ggpht.com/8KzUjEaytsRMFjrFwmWEOWDIAhfruZdRWQENnjnHtF9UOg5mmPrMhqaPDWLxBa1h4vBih9uMHw=s240-c-k-c0x00ffffff-no-rj,UCUw1C3Jn6RTS9pR899ufATQ,https://www.youtube.com/channel/UCUw1C3Jn6RTS9pR899ufATQ
CR_YT_1305,LilySeeun릴리세은,@yt_ucemkwu6,YouTube,라이프스타일,브이로그,Korea,541000,757575,7575750,7.37,2.8,18-34,Mixed,2916.0,2,상승,2026-06-08,없음,19,4.5,매크로,PPL,2026-06-13,228587,https://yt3.ggpht.com/6Dyba_dwuNVymN616J_y0_zk8zVILIHgCbjwXNaH1nTZUobcGsILkFy2AN2999oHmlfkBCJm=s240-c-k-c0x00ffffff-no-rj,UCemKWU64E4COpuat5rqbOhw,https://www.youtube.com/channel/UCemKWU64E4COpuat5rqbOhw
CR_YT_1306,호밀밭의 우원재,@yt_ucfi3doc,YouTube,교육,스터디,Korea,541000,210896,1687168,6.76,4.6,25-44,Mixed,7319.0,20,유지,2026-01-05,없음,16,5.0,매크로,제품리뷰,2026-06-13,61909,https://yt3.ggpht.com/ytc/AIdro_ni2lIS51921FvPxreqnQJx2WS7uLxfqLJdqAx3myRKvqU=s240-c-k-c0x00ffffff-no-rj,UCfI3DOCx3bgxnZbwOrxu7DA,https://www.youtube.com/channel/UCfI3DOCx3bgxnZbwOrxu7DA
CR_YT_1307,엄마TV,@yt_uc_wkni3,YouTube,피트니스,운동,Korea,541000,63257,1265140,5.32,2.2,25-44,Mixed,11856.0,20,하락,2026-05-22,없음,11,5.0,매크로,PPL,2026-06-13,57898,https://yt3.ggpht.com/p0bbXcMHE1X-R1sLK4uQZA06ALUiayk-qvrewT4SaZv2cCELCnVrci-kxdKMhZ62iQ0zrqbO=s240-c-k-c0x00ffffff-no-rj,UC_WKnI3SagAHx3Z0ApjTo3Q,https://www.youtube.com/channel/UC_WKnI3SagAHx3Z0ApjTo3Q
CR_YT_1308,INBORA인보라,@yt_ucurcibj,YouTube,라이프스타일,일상,Korea,537000,126705,2534100,1.93,3.6,18-34,Mixed,5219.0,2,상승,2026-05-09,없음,20,4.5,매크로,PPL,2026-06-13,80943,https://yt3.ggpht.com/dv_57vt_azNHqyoz51Z7BqoaRiVbrznUo7yAEifICnCv6X0ITlsdj3XgFY8McI8CUekOZ71J=s240-c-k-c0x00ffffff-no-rj,UCUrCIBJ3ScRAOLgPElscZqA,https://www.youtube.com/channel/UCUrCIBJ3ScRAOLgPElscZqA
CR_YT_1309,탬탬버린,@yt_ucca8uwu,YouTube,게임,게임플레이,Korea,537000,235024,3760384,3.65,2.5,18-34,Male,4008.0,8,하락,2026-04-29,없음,14,5.0,매크로,스폰서십,2026-06-13,166257,https://yt3.ggpht.com/dd3Ctch5KkW0Tfs1A22QmX3o59fj99nBpAN4GNu3w56SDopw5hSEQD98dOBrWNIqsUDdA1HPEVI=s240-c-k-c0x00ffffff-no-rj,UCCA8UWUW80iHqK9ymdjRwPg,https://www.youtube.com/channel/UCCA8UWUW80iHqK9ymdjRwPg
CR_YT_1310,RUIN,@yt_ucqpfn_r,YouTube,게임,게임플레이,Korea,537000,229885,2528735,6.18,4.1,18-34,Male,5973.0,2,상승,2026-05-16,확인필요,7,3.0,매크로,스폰서십,2026-06-13,85847,https://yt3.ggpht.com/WGLnCvsy2ki7qtto5e12loBbdWB0cX0Tl5133_j5JMUuaFI1tYbZZjTxfNevqAp-JHAZ40p_xg=s240-c-k-c0x00ffffff-no-rj,UCqpFn_r0p9-T5BU6OfxnyaQ,https://www.youtube.com/channel/UCqpFn_r0p9-T5BU6OfxnyaQ
CR_YT_1311,놀라운 토요일 Amazing Saturday,@yt_uctnafh2,YouTube,엔터테인먼트,리액션,Korea,537000,108972,2179440,6.53,3.7,18-34,Mixed,7266.0,16,하락,2026-03-06,없음,30,4.7,매크로,PPL,2026-06-13,75769,https://yt3.ggpht.com/lo7e1bWlwFnM7-cEG1R9rKGnOnu98vVfxwCxGqK58muwV_fJ4mgWheqBAHbKrKpOEGF-cSAXuw=s240-c-k-c0x00ffffff-no-rj,UCTnafh2iyIWh7MhcGBmGU0g,https://www.youtube.com/channel/UCTnafh2iyIWh7MhcGBmGU0g
CR_YT_1312,Hyang Ah Chi 향아치,@yt_ucqv6pkn,YouTube,엔터테인먼트,리액션,Korea,536000,354767,5676272,1.84,4.6,18-34,Mixed,9197.0,2,유지,2026-06-04,없음,7,4.5,매크로,브랜디드콘텐츠,2026-06-13,256531,https://yt3.ggpht.com/wDF4KqJXSgK1BCm0meF3stytpxlGUZbI5hPuSj8wKWI-gT8RwrWPXz1jyUiTb8PzkMCqGaq4=s240-c-k-c0x00ffffff-no-rj,UCQV6pkNkEGBpQXzCh4G19WQ,https://www.youtube.com/channel/UCQV6pkNkEGBpQXzCh4G19WQ
CR_YT_1313,새덕후 Korean Birder,@yt_ucsbvgdd,YouTube,라이프스타일,일상,Korea,536000,613026,8582364,2.9,2.1,18-34,Mixed,3626.0,8,상승,2026-03-19,없음,17,5.0,매크로,PPL,2026-06-13,276867,https://yt3.ggpht.com/ytc/AIdro_l8K1SPlVZDHmzbYfzQnsXxNX8mcjsSHvzNdglWNgioG5Q=s240-c-k-c0x00ffffff-no-rj,UCsbVGDDMTToaOwbzEK0_6Vg,https://www.youtube.com/channel/UCsbVGDDMTToaOwbzEK0_6Vg
CR_YT_1314,춤추는은채,@yt_ucuakxff,YouTube,라이프스타일,일상,Korea,536000,78245,1095430,0.63,2.7,18-34,Mixed,7262.0,8,유지,2026-04-29,없음,21,5.0,매크로,PPL,2026-06-13,31809,https://yt3.ggpht.com/t6LGsErPwhgo0328t0z1DCKK03VYKqZOsXzVPHKZH8crkdUOQ7-ECYTVY0SYL8ceuM7LeEYUyg=s240-c-k-c0x00ffffff-no-rj,UCuAkxFfDgEHBlGhFmKGvbrA,https://www.youtube.com/channel/UCuAkxFfDgEHBlGhFmKGvbrA
CR_YT_1315,덕자전성시대,@yt_uc68bud4,YouTube,엔터테인먼트,브이로그,Korea,535000,365448,3654480,0.91,4.8,18-34,Mixed,1270.0,16,유지,2026-01-20,없음,11,5.0,매크로,PPL,2026-06-13,120726,https://yt3.ggpht.com/2889dhnwf_nhdf4mMEkr33mHcYCuvYny3Er-4cMHobBM0IW6wlNYZDIDKARHAXZR425GHAFixg=s240-c-k-c0x00ffffff-no-rj,UC68buD4XWJiIzZP7RvMrIbg,https://www.youtube.com/channel/UC68buD4XWJiIzZP7RvMrIbg
CR_YT_1316,라이브러리컴퍼니,@yt_ucma1wsz,YouTube,라이프스타일,리뷰,Korea,535000,0,0,4.6,3.4,18-34,Mixed,5306.0,20,유지,2026-01-03,확인필요,35,2.4,매크로,PPL,2026-06-13,0,,UCma1wszTkVczezUO6S-Yi1w,https://www.youtube.com/channel/UCma1wszTkVczezUO6S-Yi1w
CR_YT_1317,SPOTV 오리지널,@yt_uckfgfvn,YouTube,피트니스,다이어트,Korea,534000,146288,1316592,6.19,2.8,25-44,Mixed,8056.0,1,상승,2026-03-27,없음,37,3.2,매크로,PPL,2026-06-13,35203,https://yt3.ggpht.com/vuXjik9s247qXCDNHCU8N1hr1oKmyn2vzoQdMitrbQs3nuujQBHm2T0s-CHwe9zEDHNxEJqb=s240-c-k-c0x00ffffff-no-rj,UCkFGfvN6AAhoBVSqju0CgmA,https://www.youtube.com/channel/UCkFGfvN6AAhoBVSqju0CgmA
CR_YT_1318,여행브로셔 - 출발 전에 꼭 봐야해!,@yt_ucnbiuap,YouTube,여행,여행리뷰,Korea,534000,113380,2267600,3.28,3.0,25-44,Mixed,8992.0,4,유지,2026-05-12,없음,8,5.0,매크로,PPL,2026-06-13,85340,https://yt3.ggpht.com/BF82LfZpPqR39YjlQ-MDM-gPGMs_Ty99vCZmUGwylIzlrq_11g6N61Fk8gGumLcS31Sy9AKg=s240-c-k-c0x00ffffff-no-rj,UCNbIuApep1oY2qybB0t1IJQ,https://www.youtube.com/channel/UCNbIuApep1oY2qybB0t1IJQ
CR_YT_1319,돌잼,@yt_ucoe_vp6,YouTube,엔터테인먼트,리액션,Korea,534000,647149,5177192,4.88,4.2,18-34,Mixed,2723.0,12,유지,2026-06-12,없음,9,5.0,매크로,PPL,2026-06-13,201293,https://yt3.ggpht.com/u07BFl38Ep2cM1JhiVBr4n_Jb5DI4G8a_Wv8Cpr-nyhMFsDKK39u3dt5DWZQyimL0n36Fx-ZXQ=s240-c-k-c0x00ffffff-no-rj,UCoe_Vp6N4pBX0232Y5LpD5Q,https://www.youtube.com/channel/UCoe_Vp6N4pBX0232Y5LpD5Q
CR_YT_1320,만원요리 최씨남매,@yt_ucrn5cat,YouTube,라이프스타일,일상,Korea,533000,688888,8266656,6.6,2.6,18-34,Mixed,3693.0,12,상승,2026-02-04,없음,29,4.7,매크로,PPL,2026-06-13,220655,https://yt3.ggpht.com/Rts6mmC0xbq2LsmsOXZah0GFb2yxeSCzZ49I-OK3hBkO5bK4Q_dK9_RzbiqQTtCGiD2e7itL=s240-c-k-c0x00ffffff-no-rj,UCrn5CaT8RoeFGpWJdmO4OwA,https://www.youtube.com/channel/UCrn5CaT8RoeFGpWJdmO4OwA
CR_YT_1321,차트둥이,@yt_ucedxleu,YouTube,엔터테인먼트,예능,Korea,533000,146370,1610070,2.05,4.4,18-34,Mixed,4200.0,2,상승,2026-02-11,없음,32,4.2,매크로,브랜디드콘텐츠,2026-06-13,53285,https://yt3.ggpht.com/YdrzPTjguKCH_MmUNixFArKGeo5nVuCnJnFvZ7z4wTbMiPOA3Vsvlgo-nkS17gzfOmCHZp4xWA=s240-c-k-c0x00ffffff-no-rj,UCeDXLEU8li8L1Otli89N_XQ,https://www.youtube.com/channel/UCeDXLEU8li8L1Otli89N_XQ
CR_YT_1322,인간미 넘치는 건강멘토,@yt_ucga7bzc,YouTube,교육,정보,Korea,533000,109893,879144,4.36,2.2,25-44,Mixed,7655.0,8,상승,2026-03-29,없음,15,5.0,매크로,스폰서십,2026-06-13,25959,https://yt3.ggpht.com/_VuYt50PEUQZmWBDDCpJfB5CNGIm8ASMvpPZIkDGGk6urA8K4EnHDEE7bMN9F_He6X17r7Q55Q=s240-c-k-c0x00ffffff-no-rj,UCGa7bzc9nchy7PQshb85I5Q,https://www.youtube.com/channel/UCGa7bzc9nchy7PQshb85I5Q
CR_YT_1323,또이또이TV,@yt_uc-3vyeh,YouTube,게임,e스포츠,Korea,533000,261780,4450260,3.48,3.4,18-34,Male,13569.0,4,유지,2026-05-15,없음,40,4.2,매크로,스폰서십,2026-06-13,179426,https://yt3.ggpht.com/Ui66EmUNIzyXUPjefBHH_zY3kcJkrkRoPfpOOZpFJnVrx9B9TQGwp84fMSB6ZewXgmEP1xbDoeQ=s240-c-k-c0x00ffffff-no-rj,UC-3VyehryX6o_hyqLkKM6jQ,https://www.youtube.com/channel/UC-3VyehryX6o_hyqLkKM6jQ
CR_YT_1324,숏플루언서,@yt_ucnu6-_6,YouTube,엔터테인먼트,버라이어티,Korea,533000,1004810,10048100,7.18,3.8,18-34,Mixed,11785.0,16,상승,2026-04-22,없음,22,5.0,매크로,브랜디드콘텐츠,2026-06-13,391013,https://yt3.ggpht.com/M9AxvdWvFX6M3e4QqdcD4xrG783-M0-0RAHdcmXtJcJsaayR4RqZCYS7lRNs8OUVxpHkPfS_NWs=s240-c-k-c0x00ffffff-no-rj,UCnU6-_6wYsGnrtysD-VdkGA,https://www.youtube.com/channel/UCnU6-_6wYsGnrtysD-VdkGA
CR_YT_1325,줌인센타 zOOm in Center,@yt_ucahzqyr,YouTube,엔터테인먼트,예능,Korea,533000,131578,1973670,8.02,2.9,18-34,Mixed,9080.0,16,유지,2026-05-23,확인필요,30,3.2,매크로,브랜디드콘텐츠,2026-06-13,58587,https://yt3.ggpht.com/MEe7k6254Ta5TuyU8OQX1AkvFqzMXG_lHG5PITv2d46pP3O5XaU_3UYJUGzvs33LUMNOx7aJiA=s240-c-k-c0x00ffffff-no-rj,UCahZQYrxOsOU02RSHDY9Qgg,https://www.youtube.com/channel/UCahZQYrxOsOU02RSHDY9Qgg
CR_YT_1326,휴지,@yt_ucj1dw4g,YouTube,게임,게임플레이,Korea,532000,148809,1636899,2.25,4.9,18-34,Male,10612.0,8,하락,2026-04-13,없음,14,5.0,매크로,스폰서십,2026-06-13,70448,https://yt3.ggpht.com/ytc/AIdro_nR5avMfT-nNNjVKYIg4d5dW06wnqSozZaJZMv3z_mK-q8=s240-c-k-c0x00ffffff-no-rj,UCj1dw4G9v09OLXIxiL_VUEA,https://www.youtube.com/channel/UCj1dw4G9v09OLXIxiL_VUEA
CR_YT_1327,씨그널V [ Signal V ],@yt_ucedobed,YouTube,엔터테인먼트,예능,Korea,532000,353130,4943820,2.89,2.7,18-34,Mixed,10112.0,12,유지,2026-04-14,없음,35,4.7,매크로,PPL,2026-06-13,180713,https://yt3.ggpht.com/ytc/AIdro_kQnBXQ8VtlLMb-NXfiavNxrarj0T4sQG2NnFnOLJbsjdc=s240-c-k-c0x00ffffff-no-rj,UCedoBeDMzwnPJazRvvoOXhQ,https://www.youtube.com/channel/UCedoBeDMzwnPJazRvvoOXhQ
CR_YT_1328,Feelme 필미커플,@yt_ucpan6mf,YouTube,라이프스타일,일상,Korea,532000,353697,4951758,4.29,2.1,18-34,Mixed,7555.0,4,유지,2026-04-14,없음,12,5.0,매크로,PPL,2026-06-13,133339,https://yt3.ggpht.com/w7h-StOhDna0-5r0lhgiFyTIzaBuedzGyLtC7XxwsCFxpggJub3bmHOE70q-u1tpj0ANx_oc=s240-c-k-c0x00ffffff-no-rj,UCpAn6mfZjlv92Wg0c93e2Ew,https://www.youtube.com/channel/UCpAn6mfZjlv92Wg0c93e2Ew
CR_YT_1329,청원이,@yt_uccs1yzh,YouTube,게임,게임리뷰,Korea,531000,462753,6478542,2.79,3.8,18-34,Male,5244.0,2,유지,2026-01-22,없음,26,4.2,매크로,제품리뷰,2026-06-13,279573,https://yt3.ggpht.com/ytc/AIdro_njBeoZqC7uCyRqk9MfqkE7ssnmhHJaAzSwpZTJsTvldeU=s240-c-k-c0x00ffffff-no-rj,UCCs1YZHxUTIbLZd-xrvvMCw,https://www.youtube.com/channel/UCCs1YZHxUTIbLZd-xrvvMCw
CR_YT_1330,지유개 zziU & Ezzi,@yt_ucd-ui_m,YouTube,라이프스타일,브이로그,Korea,530000,1133501,10201509,0.57,3.6,18-34,Mixed,12007.0,8,상승,2026-05-01,없음,10,5.0,매크로,PPL,2026-06-13,427557,https://yt3.ggpht.com/Wt644wF3fo2YvR5bKGIVQjFsIm_5LduJoxyQWBy1WaAapwDP6XfDTPXemodMD9CRCX6X1WHseA=s240-c-k-c0x00ffffff-no-rj,UCd-Ui_M4pAXhD1Xg8IyGebg,https://www.youtube.com/channel/UCd-Ui_M4pAXhD1Xg8IyGebg
CR_YT_1331,빈 엔터테인먼트,@yt_ucmndpmd,YouTube,엔터테인먼트,리액션,Korea,530000,2166,21660,2.83,4.5,18-34,Mixed,1769.0,16,상승,2026-01-26,없음,27,4.7,매크로,PPL,2026-06-13,521,https://yt3.ggpht.com/bPXHNOFveqVzfmrAY4ncC5f2IgHiCqUa6w9XjNMhqMXHkQf7gxcf3xWuyANz1zqFTtZqA6q9Mg=s240-c-k-c0x00ffffff-no-rj,UCMndpmDTv3Vlq5EVmkvy-Sw,https://www.youtube.com/channel/UCMndpmDTv3Vlq5EVmkvy-Sw
CR_YT_1332,휘용 Hwiyong,@yt_uczgnzuj,YouTube,게임,게임리뷰,Korea,530000,1350302,10802416,1.16,2.1,18-34,Male,13507.0,1,유지,2026-06-01,없음,17,4.0,매크로,스폰서십,2026-06-13,503184,https://yt3.ggpht.com/ytc/AIdro_ktWqWVdZKJuB2_3gdEz8_rcXaqZEL5f_8wJUffUiTSIFU=s240-c-k-c0x00ffffff-no-rj,UCzgNzUJkXaUbVgHyiycQ2Zw,https://www.youtube.com/channel/UCzgNzUJkXaUbVgHyiycQ2Zw
CR_YT_1333,the sootory 더수토리,@yt_ucbupjdw,YouTube,라이프스타일,브이로그,Korea,529000,270428,3245136,4.71,4.5,18-34,Mixed,9289.0,4,유지,2026-05-08,확인필요,13,3.5,매크로,PPL,2026-06-13,122320,https://yt3.ggpht.com/ytc/AIdro_k9dG2IMwBS3izeWKEJxyWFDtZCkRExAy1-n_OtC7_vpw=s240-c-k-c0x00ffffff-no-rj,UCBupjDWHP4ISl5PB_9hMVbw,https://www.youtube.com/channel/UCBupjDWHP4ISl5PB_9hMVbw
CR_YT_1334,체칠리아 음악 채널,@yt_ucxm8qxm,YouTube,엔터테인먼트,리액션,Korea,529000,69156,1175652,2.77,3.2,18-34,Mixed,12249.0,4,유지,2026-04-13,없음,15,5.0,매크로,PPL,2026-06-13,33570,https://yt3.ggpht.com/xHsQabMjVgex-RSIju8LWdsDxsfu1asdYfB6G8RnkRj7CJnwLaB0ArAoAdto2zMKvpV34_jbhA=s240-c-k-c0x00ffffff-no-rj,UCxm8QxMoulCdl86qo6wzyFg,https://www.youtube.com/channel/UCxm8QxMoulCdl86qo6wzyFg
CR_YT_1335,Berita Harian Online,@yt_ucov8ot-,YouTube,라이프스타일,브이로그,Korea,529000,4545,63630,2.38,5.0,18-34,Mixed,7189.0,4,상승,2026-01-16,없음,25,5.0,매크로,PPL,2026-06-13,2682,https://yt3.ggpht.com/Y5hC13eRxti7EE27NQ6GzaTd105Lto2kToDM8fgWFlKF2yrNtr3yLHbbimCQKHNZ1KN-cvRi8Q=s240-c-k-c0x00ffffff-no-rj,UCoV8oT-GyqYSJkxzuAKG3Jw,https://www.youtube.com/channel/UCoV8oT-GyqYSJkxzuAKG3Jw
CR_YT_1336,로이조 TV,@yt_ucljs55b,YouTube,게임,e스포츠,Korea,528000,142314,2419338,1.68,5.0,18-34,Male,4596.0,2,유지,2026-05-29,없음,14,4.5,매크로,스폰서십,2026-06-13,105854,https://yt3.ggpht.com/ytc/AIdro_keRsIggR21qabucSxO1QxKDH2AeuPpDepi0Ki-6vbaNt4=s240-c-k-c0x00ffffff-no-rj,UCLJs55bZWMsCBPekt3vssoQ,https://www.youtube.com/channel/UCLJs55bZWMsCBPekt3vssoQ
CR_YT_1337,헤이킨heykin'couple,@yt_uchl_w4h,YouTube,라이프스타일,일상,Korea,527000,747967,8227637,3.98,2.4,18-34,Mixed,4887.0,16,상승,2026-04-04,없음,40,4.2,매크로,PPL,2026-06-13,329941,https://yt3.ggpht.com/nullqJeoxPfmLeK7pK7NRQGGkTH0Q6cBDyhHh2mUqoV5L82ozxWw585QjtXjudaCOr2gIUR3aw=s240-c-k-c0x00ffffff-no-rj,UChL_w4h_8RpHj2UYwRHZruQ,https://www.youtube.com/channel/UChL_w4h_8RpHj2UYwRHZruQ
CR_YT_1338,Spotify Korea,@yt_ucnvajga,YouTube,엔터테인먼트,브이로그,Korea,526000,164744,1647440,3.26,2.1,18-34,Mixed,12282.0,20,유지,2026-04-26,없음,21,5.0,매크로,PPL,2026-06-13,53462,https://yt3.ggpht.com/3A7dAzhHgYZyBgn9QoZAxE-WywBPJeWU6TfQe2qnyiWE9H83fHyZAXqh6pVOmkO9zCW6FvlmZug=s240-c-k-c0x00ffffff-no-rj,UCnvajgaZO1bjqLpQ6l77lcg,https://www.youtube.com/channel/UCnvajgaZO1bjqLpQ6l77lcg
CR_YT_1339,신박과학,@yt_ucpudvuu,YouTube,테크,테크리뷰,Korea,526000,223546,2235460,6.46,4.1,25-44,Male,11397.0,16,상승,2026-03-06,없음,25,5.0,매크로,제품리뷰,2026-06-13,94712,https://yt3.ggpht.com/8BZon-Yh1W9P4_Hez9Xo7lVRcr_kcf13jClV1rJGHuJ08KC8i_8AKzyM4STHfdkO-tu_TvfqlQ=s240-c-k-c0x00ffffff-no-rj,UCPuDvuUhgQffuLn8sYxIEqQ,https://www.youtube.com/channel/UCPuDvuUhgQffuLn8sYxIEqQ
CR_YT_1340,썩쏘TV,@yt_ucp77say,YouTube,게임,게임리뷰,Korea,525000,178571,2499994,7.5,3.0,18-34,Male,9257.0,1,유지,2026-04-17,없음,13,4.0,매크로,제품리뷰,2026-06-13,63770,https://yt3.ggpht.com/ytc/AIdro_k2o9kU5NK9_YN8VY8RwdfNY9fVIsmgc65OyOGldrikBdo=s240-c-k-c0x00ffffff-no-rj,UCp77saYy1V_F3dld7GfJrcg,https://www.youtube.com/channel/UCp77saYy1V_F3dld7GfJrcg
CR_YT_1341,베짱이엔터테인먼트,@yt_ucopyojs,YouTube,엔터테인먼트,버라이어티,Korea,525000,54007,432056,5.55,4.1,18-34,Mixed,2017.0,20,하락,2026-02-07,없음,28,4.7,매크로,브랜디드콘텐츠,2026-06-13,17852,https://yt3.ggpht.com/ytc/AIdro_lgUNETGujx2hGJLwAoC0TM4hGgtQe0GKxo6_VtQxTIvOg=s240-c-k-c0x00ffffff-no-rj,UCOpYOjsIYd26PBC2Nexr8PQ,https://www.youtube.com/channel/UCOpYOjsIYd26PBC2Nexr8PQ
CR_YT_1342,교육대기자TV,@yt_ucy1x3gh,YouTube,교육,정보,Korea,525000,127758,1660854,7.36,4.2,25-44,Mixed,8167.0,4,하락,2026-04-22,없음,38,4.2,매크로,제품리뷰,2026-06-13,65119,https://yt3.ggpht.com/WiO09EMXqZhDYStON2tUnlhGGMQkxiSME9Pwmd9TOHxqIfkBQ_Q85ppb6lEQjd9P5zpnjEwanQ=s240-c-k-c0x00ffffff-no-rj,UCy1x3GhPFHtno57QTFmZPhQ,https://www.youtube.com/channel/UCy1x3GhPFHtno57QTFmZPhQ
CR_YT_1343,미야옹철의 냥냥펀치,@yt_uc69l_rt,YouTube,라이프스타일,브이로그,Korea,525000,234670,4693400,6.9,3.4,18-34,Mixed,14953.0,16,유지,2026-03-27,없음,40,4.2,매크로,브랜디드콘텐츠,2026-06-13,213529,https://yt3.ggpht.com/baQ3rykyQuyOoBr1mF2zhJR082CQO13o_zOedCEeB-jGkOEZergvg3pvMMbMkzn7f6DQ9AXwlig=s240-c-k-c0x00ffffff-no-rj,UC69l_rtlCQ7M4Mz2RCS80BA,https://www.youtube.com/channel/UC69l_rtlCQ7M4Mz2RCS80BA
CR_YT_1344,이석현,@yt_ucvzi7el,YouTube,게임,e스포츠,Korea,524000,102779,822232,5.52,4.4,18-34,Male,13755.0,8,하락,2026-03-22,없음,31,4.7,매크로,제품리뷰,2026-06-13,27000,https://yt3.ggpht.com/LjEXB8QZ6xM7SpsR6th9qybt1dHEdiMz6jTpp7_km3bY1lQEMX9fo5dc55tHVjwG3Jr71wIP=s240-c-k-c0x00ffffff-no-rj,UCVZI7eLie2UlZph6aiBRNrw,https://www.youtube.com/channel/UCVZI7eLie2UlZph6aiBRNrw
CR_YT_1345,세계적으로 유명한 운동 정보,@yt_uco_-ny9,YouTube,피트니스,다이어트,Korea,524000,283018,4811306,2.62,4.7,25-44,Mixed,10192.0,20,하락,2026-03-09,없음,7,5.0,매크로,PPL,2026-06-13,137287,https://yt3.ggpht.com/ytc/AIdro_kZPf9DLEmH_4NZKqlBqsz9V_vB6tftCzMRLtXlfNmcP7o=s240-c-k-c0x00ffffff-no-rj,UCo_-ny9SP5Pbz8KM1KKchbA,https://www.youtube.com/channel/UCo_-ny9SP5Pbz8KM1KKchbA
CR_YT_1346,지름길영어 - 늦었을 때는 빠른 지름길로,@yt_ucezt_gf,YouTube,교육,강의,Korea,524000,65506,524048,0.82,4.9,25-44,Mixed,6735.0,8,상승,2026-01-05,없음,20,5.0,매크로,스폰서십,2026-06-13,18717,https://yt3.ggpht.com/2ZoDbbcpH57MztimOrwmOr01h1T68w1Rg3FT_BasgcBa9-slyAymwm8PPuEg_RiCVPYTj5r2MQ=s240-c-k-c0x00ffffff-no-rj,UCezt_gfn8nJyFltdQUvFM0g,https://www.youtube.com/channel/UCezt_gfn8nJyFltdQUvFM0g
CR_YT_1347,구슬쌤,@yt_uc7k5xdv,YouTube,교육,정보,Korea,524000,105492,1687872,6.36,4.3,25-44,Mixed,10118.0,20,유지,2026-05-17,없음,24,5.0,매크로,제품리뷰,2026-06-13,73590,https://yt3.ggpht.com/bC-r5w2eYgAiaYCrY75b7Dd9V2J8ZXS7sBo5RQK8Y1JMdRyyfvSlpTNpvcZkqN7StVX2gTaaz-M=s240-c-k-c0x00ffffff-no-rj,UC7k5xDVLrRNQMrdlNHx8IQQ,https://www.youtube.com/channel/UC7k5xDVLrRNQMrdlNHx8IQQ
CR_YT_1348,풍월량,@yt_ucyhvskt,YouTube,게임,게임리뷰,Korea,523000,54285,977130,6.74,4.6,18-34,Male,3070.0,8,상승,2026-01-21,없음,40,4.2,매크로,스폰서십,2026-06-13,35393,https://yt3.ggpht.com/Lrc9ewcocZ7d_4DLTa6oCsdPeQah7-4pkOt_Jez7env8F1DCZyGspwHfiADgKwe7uUEr-MCpww=s240-c-k-c0x00ffffff-no-rj,UCyHvSKT_bLDYpkv1JjjsLAg,https://www.youtube.com/channel/UCyHvSKT_bLDYpkv1JjjsLAg
CR_YT_1349,에바끌레르 골프전용화장품TV,@yt_ucp3-6zk,YouTube,뷰티,스킨케어,Korea,523000,2153,27989,8.07,2.1,18-34,Female,4739.0,2,유지,2026-04-20,없음,21,4.5,매크로,제품리뷰,2026-06-13,1075,https://yt3.ggpht.com/SOwMWPv3xEjl07MPmKaKxyIBt-H3x4lFW37A3ie807-mWFwCCgV2OET8Z31WOc-PcrwIY8lFVqs=s240-c-k-c0x00ffffff-no-rj,UCp3-6zkL0kox2Ug6pxJO-gA,https://www.youtube.com/channel/UCp3-6zkL0kox2Ug6pxJO-gA
CR_YT_1350,퀴즈코리아,@yt_uchnu_m3,YouTube,엔터테인먼트,예능,Korea,520000,268595,2954545,3.39,4.3,18-34,Mixed,10528.0,4,상승,2026-02-01,없음,24,5.0,매크로,브랜디드콘텐츠,2026-06-13,119207,https://yt3.ggpht.com/ytc/AIdro_moqISv6ZQb9haSkpZBpKq-cchIx9ncyCMAqKKLDKxYVA=s240-c-k-c0x00ffffff-no-rj,UCHNU_M38dGr2-TLLsXK9bKQ,https://www.youtube.com/channel/UCHNU_M38dGr2-TLLsXK9bKQ
CR_YT_1351,yoovlog,@yt_uckh6tls,YouTube,라이프스타일,일상,Korea,520000,325779,2606232,1.03,4.3,18-34,Mixed,2144.0,20,유지,2026-05-09,없음,22,5.0,매크로,PPL,2026-06-13,118801,https://yt3.ggpht.com/ytc/AIdro_mo5hIe15PKPicpZDZpfNuaG7sgMxv6KD7nCfHgEde6tbc=s240-c-k-c0x00ffffff-no-rj,UCkh6TlSape86-iHiehXvsmA,https://www.youtube.com/channel/UCkh6TlSape86-iHiehXvsmA
CR_YT_1352,꿀탱탱,@yt_ucajaj9b,YouTube,게임,게임플레이,Korea,518000,151245,3024900,4.78,3.5,18-34,Male,5666.0,8,상승,2026-04-10,없음,22,5.0,매크로,제품리뷰,2026-06-13,129529,https://yt3.ggpht.com/A8pQpeaeMr0xGTmXQs2xb8PeSdoq8I3_0wkgBbK6vokFhCt2TBjWeihPKZpZwtbpbFZp6S-UEA=s240-c-k-c0x00ffffff-no-rj,UCAJAJ9bAvfjFLRrsqeumJIA,https://www.youtube.com/channel/UCAJAJ9bAvfjFLRrsqeumJIA
CR_YT_1353,따듯한 목소리 현준,@yt_ucwzljsr,YouTube,라이프스타일,브이로그,Korea,518000,81458,1629160,8.06,4.2,18-34,Mixed,2853.0,12,유지,2026-05-03,없음,10,5.0,매크로,PPL,2026-06-13,45209,https://yt3.ggpht.com/ytc/AIdro_mITJgIQAqUPmgfjVMS8lNfQXir6E7vDOgCFRD_ttR_nuw=s240-c-k-c0x00ffffff-no-rj,UCwzLJSRcPOIPXTRt77HI6iA,https://www.youtube.com/channel/UCwzLJSRcPOIPXTRt77HI6iA
CR_YT_1354,욜로코믹스YOLO COMICS,@yt_uc7ydccw,YouTube,엔터테인먼트,버라이어티,Korea,518000,416107,8322140,0.74,4.6,18-34,Mixed,7930.0,20,유지,2026-02-18,없음,32,4.7,매크로,브랜디드콘텐츠,2026-06-13,316823,https://yt3.ggpht.com/ytc/AIdro_k_uNsSoLHF7QkH9htusvzPbsWGpjDoT7NMfOdGXGqTrD8=s240-c-k-c0x00ffffff-no-rj,UC7yDcCWNT8MoJlHh6oPOQ9A,https://www.youtube.com/channel/UC7yDcCWNT8MoJlHh6oPOQ9A
CR_YT_1355,엔스Ens,@yt_uc_aly3x,YouTube,엔터테인먼트,브이로그,Korea,517000,505617,8595489,6.69,4.2,18-34,Mixed,14040.0,1,유지,2026-03-24,없음,19,4.0,매크로,PPL,2026-06-13,328417,https://yt3.ggpht.com/ytc/AIdro_kcyxf_hvmLmOAhlkR56xUSTntyv2xlDLRCO0lQWZ9V6vk=s240-c-k-c0x00ffffff-no-rj,UC_Aly3X5CdojHdRDGmKi1ow,https://www.youtube.com/channel/UC_Aly3X5CdojHdRDGmKi1ow
CR_YT_1356,끄적끄적 Writing Down,@yt_ucq1rn1d,YouTube,엔터테인먼트,리액션,Korea,517000,225000,4050000,7.7,2.1,18-34,Mixed,748.0,2,유지,2026-01-02,없음,5,4.5,매크로,PPL,2026-06-13,129358,https://yt3.ggpht.com/ylTF4NTGX05Dea4_f2gK3CpjvwgVUefxNdyz5nxyyqYu1sfxXwwXZRI9TyHRDIcmZtaBTLOK=s240-c-k-c0x00ffffff-no-rj,UCQ1Rn1d6FfB3x2b0n0J6pMQ,https://www.youtube.com/channel/UCQ1Rn1d6FfB3x2b0n0J6pMQ
CR_YT_1357,Reynah,@yt_ucr7cxep,YouTube,엔터테인먼트,브이로그,Korea,516000,725806,9435478,1.18,4.5,18-34,Mixed,2189.0,12,상승,2026-05-22,없음,38,4.2,매크로,PPL,2026-06-13,409941,https://yt3.ggpht.com/98qdRFd6fYTPzjQEoy_ABGydw6qlerp7n5cvJ3gFpcan9-LU_PU78H6ceNUNS-jzhQPc9gm6RQ=s240-c-k-c0x00ffffff-no-rj,UCr7cxePaG7vmHxCq7cTd-6g,https://www.youtube.com/channel/UCr7cxePaG7vmHxCq7cTd-6g
CR_YT_1358,일당백 : 일생동안 읽어야 할 백권의 책,@yt_uc0lgfub,YouTube,교육,강의,Korea,516000,121495,1943920,3.23,3.9,25-44,Mixed,8288.0,1,유지,2026-01-28,없음,25,4.0,매크로,제품리뷰,2026-06-13,78283,https://yt3.ggpht.com/ytc/AIdro_l2oLZnzkmy8N5CINtLLXf6Fk_DY7D0JTDtP-KLQ6p1PA=s240-c-k-c0x00ffffff-no-rj,UC0LGfuBiVmPZLo5pUW0bshA,https://www.youtube.com/channel/UC0LGfuBiVmPZLo5pUW0bshA
CR_YT_1359,유칼립투스 Eucalyptus,@yt_ucy18mqm,YouTube,라이프스타일,일상,Korea,515000,1004591,8036728,5.82,5.0,18-34,Mixed,14990.0,16,유지,2026-01-20,없음,21,5.0,매크로,브랜디드콘텐츠,2026-06-13,363617,https://yt3.ggpht.com/Lfdzj21AyJ0beJ0Wrw0xb7qLs224RQObEAJQemaxgZEoESQoP_PYi_TN7sCxRDN7clG3aRjTkf4=s240-c-k-c0x00ffffff-no-rj,UCY18mQmz2B8i9SsNMlNCSXQ,https://www.youtube.com/channel/UCY18mQmz2B8i9SsNMlNCSXQ
CR_YT_1360,키다리형,@yt_uchwjavw,YouTube,라이프스타일,리뷰,Korea,515000,121184,1938944,4.49,4.2,18-34,Mixed,4635.0,8,상승,2026-02-05,확인필요,6,3.5,매크로,PPL,2026-06-13,61700,https://yt3.ggpht.com/ytc/AIdro_lh2g2edVmAsBf7te9AfvNEnJNp1tV4gyMzRqH9s-HJvmM=s240-c-k-c0x00ffffff-no-rj,UChWJavW1PbvAkPTcB06EeIg,https://www.youtube.com/channel/UChWJavW1PbvAkPTcB06EeIg
CR_YT_1361,원정상,@yt_ucs2yujw,YouTube,게임,게임리뷰,Korea,514000,287047,4592752,7.31,3.1,18-34,Male,5116.0,1,상승,2026-05-30,없음,21,4.0,매크로,제품리뷰,2026-06-13,171774,https://yt3.ggpht.com/IMDwgodu2jIGZyYSntA5Qcrga43327MZMDLds9pZ6G674xuPIBZ1ECzoDtu1ekXOctl7oPw6=s240-c-k-c0x00ffffff-no-rj,UCs2yuJwlg2TsOtUeDSZF3_g,https://www.youtube.com/channel/UCs2yuJwlg2TsOtUeDSZF3_g
CR_YT_1362,랙돌열한스푼,@yt_ucrgqoe6,YouTube,라이프스타일,리뷰,Korea,514000,145772,2915440,0.89,2.9,18-34,Mixed,13738.0,20,상승,2026-05-22,없음,40,4.2,매크로,브랜디드콘텐츠,2026-06-13,73390,https://yt3.ggpht.com/ytc/AIdro_mCYG6MpkgLP03FOZIcPwi5QyRSTrmwoObk3UgzkjCfFz0=s240-c-k-c0x00ffffff-no-rj,UCrGqOe67pyIJL9Cga5lImvQ,https://www.youtube.com/channel/UCrGqOe67pyIJL9Cga5lImvQ
CR_YT_1363,겜스트GAMEST,@yt_uchtdyqm,YouTube,게임,게임플레이,Korea,514000,180623,3251214,7.66,4.3,18-34,Male,6592.0,1,유지,2026-02-05,없음,24,4.0,매크로,제품리뷰,2026-06-13,98433,https://yt3.ggpht.com/ytc/AIdro_mCbHdocaZ5Czy9u6xyWw8JpYQXn63PFS3nDj2shCcCx74=s240-c-k-c0x00ffffff-no-rj,UChtdyqmH0yVFWTBJERP2PKg,https://www.youtube.com/channel/UChtdyqmH0yVFWTBJERP2PKg
CR_YT_1364,연고티비,@yt_ucelpbno,YouTube,엔터테인먼트,예능,Korea,514000,245989,2213901,8.06,2.0,18-34,Mixed,5736.0,8,하락,2026-02-10,없음,7,5.0,매크로,PPL,2026-06-13,56529,https://yt3.ggpht.com/ytc/AIdro_mvV0pI2PooW6MbyMXZ32uKwFn6yZCWEkMpa78kGgPIhA=s240-c-k-c0x00ffffff-no-rj,UCelPbnoAuzgRDFJAsJ4Du7A,https://www.youtube.com/channel/UCelPbnoAuzgRDFJAsJ4Du7A
CR_YT_1365,배꼽도둑 배춘용,@yt_ucr1fcgq,YouTube,여행,여행브이로그,Korea,513000,510948,8686116,7.66,2.7,25-44,Mixed,13813.0,4,상승,2026-02-25,없음,15,5.0,매크로,PPL,2026-06-13,393122,https://yt3.ggpht.com/Xg3gnsRP1EBaWjlz8r5L3LwNFKpRlk3gz4-6ZRxyXhEHt4Qrvji0d-mB1zFwM5YUh3Y-8Iko=s240-c-k-c0x00ffffff-no-rj,UCR1FcgQRu2fO70ZjzgmfzBw,https://www.youtube.com/channel/UCR1FcgQRu2fO70ZjzgmfzBw
CR_YT_1366,ShadowingKorean.com쉐도잉코리안,@yt_uctin59x,YouTube,교육,강의,Korea,512000,28109,534071,1.85,4.9,25-44,Mixed,6415.0,20,하락,2026-05-07,없음,37,4.2,매크로,제품리뷰,2026-06-13,21286,https://yt3.ggpht.com/ytc/AIdro_kzmd5CHn32gQOMgNBIE6vqD_da4aGTZuZoJOUZAa-YNZ8=s240-c-k-c0x00ffffff-no-rj,UCtiN59xmPNJgaXA3lEyIUyw,https://www.youtube.com/channel/UCtiN59xmPNJgaXA3lEyIUyw
CR_YT_1367,UPSub없섭,@yt_ucdpbqw5,YouTube,테크,언박싱,Korea,512000,638297,10212752,3.94,3.8,25-44,Male,4744.0,8,상승,2026-05-29,없음,17,5.0,매크로,언박싱협찬,2026-06-13,294991,https://yt3.ggpht.com/CQgzBEA94bpPD59CJJjre7xOT-EN6RrKY4oQroqC5vMUVYbmol50OHOZ60xP71VhnzgVKhuomg=s240-c-k-c0x00ffffff-no-rj,UCdpbqw5DPdBfaeByMF2Re0g,https://www.youtube.com/channel/UCdpbqw5DPdBfaeByMF2Re0g
CR_YT_1368,책그림,@yt_ucoock_9,YouTube,교육,스터디,Korea,512000,138015,1656180,5.43,4.7,25-44,Mixed,9276.0,16,상승,2026-06-01,없음,31,4.7,매크로,스폰서십,2026-06-13,49053,https://yt3.ggpht.com/ytc/AIdro_mcD-s0tRY51FvdH3JYUdIxQrFHhgj9ZkfOvPYSYo9MVSk=s240-c-k-c0x00ffffff-no-rj,UCOock_9qHke843-hGjnVYHQ,https://www.youtube.com/channel/UCOock_9qHke843-hGjnVYHQ
CR_YT_1369,YOOTRUE ON AIR,@yt_uczcvbwr,YouTube,뷰티,메이크업,Korea,511000,243445,2677895,6.03,3.7,18-34,Female,4107.0,20,상승,2026-01-12,없음,12,5.0,매크로,제품리뷰,2026-06-13,109146,https://yt3.ggpht.com/ytc/AIdro_ns-F1XdLMOf4IrwRS81PsUw0m855M42Clz8ADZU_C_R-k=s240-c-k-c0x00ffffff-no-rj,UCZCvbWrBFGQeZwf5qczqLFg,https://www.youtube.com/channel/UCZCvbWrBFGQeZwf5qczqLFg
CR_YT_1370,런던쌤,@yt_ucpr9ugg,YouTube,교육,정보,Korea,511000,113741,2161079,3.66,4.9,25-44,Mixed,9952.0,4,상승,2026-04-16,없음,12,5.0,매크로,제품리뷰,2026-06-13,54065,https://yt3.ggpht.com/ytc/AIdro_l0My2VfdI7FVV6p3fKFc2O1sKn286uSEp9Z-NprFn6RQ=s240-c-k-c0x00ffffff-no-rj,UCPR9uggZu956g8_SIcTyyJA,https://www.youtube.com/channel/UCPR9uggZu956g8_SIcTyyJA
CR_YT_1371,아시아투데이,@yt_ucy3qnbc,YouTube,라이프스타일,일상,Korea,511000,0,0,1.66,4.2,18-34,Mixed,5214.0,20,유지,2026-04-24,없음,12,4.2,매크로,브랜디드콘텐츠,2026-06-13,0,,UCY3qNbCdxhfEIjSBpC24X6g,https://www.youtube.com/channel/UCY3qNbCdxhfEIjSBpC24X6g
CR_YT_1372,경락K호랑이 krtiger,@yt_uc7cio2h,YouTube,엔터테인먼트,브이로그,Korea,510000,103912,1870416,5.58,2.6,18-34,Mixed,12943.0,4,상승,2026-03-12,없음,17,5.0,매크로,PPL,2026-06-13,52439,https://yt3.ggpht.com/fVXw3MTSNO0znwvm9BTG_KxNs88jYoBIFXQm2ciVAnBTbg3yxOGy09S6l0rlu4CSpjRck9Gg=s240-c-k-c0x00ffffff-no-rj,UC7cio2HtOHumLizU-avQxWg,https://www.youtube.com/channel/UC7cio2HtOHumLizU-avQxWg
CR_YT_1373,이도원,@yt_ucwq9wrj,YouTube,게임,게임플레이,Korea,510000,620592,8688288,0.52,3.4,18-34,Male,8102.0,1,상승,2026-03-15,없음,8,4.0,매크로,제품리뷰,2026-06-13,212646,https://yt3.ggpht.com/Y81c85Xj_HXEXM6aH9RYn2twlj51IGU2uTIJIFGz0EdaxvFHNpTVgSdy0Zy8hKSz9PWzjl_e7u0=s240-c-k-c0x00ffffff-no-rj,UCWq9wRjQXYC8i486uVLysUA,https://www.youtube.com/channel/UCWq9wRjQXYC8i486uVLysUA
CR_YT_1374,은하캠핑 eunha camping,@yt_uc223g1q,YouTube,푸드,쿠킹,Korea,510000,370370,3703700,1.92,4.3,18-34,Mixed,7089.0,8,유지,2026-04-26,확인필요,38,2.7,매크로,먹방협찬,2026-06-13,110914,https://yt3.ggpht.com/R8NEN5y8L_2z_8f7Rr3pnNDx8eZ-VxE2Oug9fdWsstyduDagvpke2fdjIfdPlFzYX85lwB4qXQ=s240-c-k-c0x00ffffff-no-rj,UC223G1Qi7_WWZqN6gtxCtSw,https://www.youtube.com/channel/UC223G1Qi7_WWZqN6gtxCtSw
CR_YT_1375,주블리 김병주,@yt_uccwy9fk,YouTube,라이프스타일,브이로그,Korea,509000,16256,178816,2.7,3.4,18-34,Mixed,3698.0,8,상승,2026-05-05,없음,22,5.0,매크로,PPL,2026-06-13,7044,https://yt3.ggpht.com/6tH6KYyfE5_8zCAU9RdobMa-TPXw3vcVLXLkxwZcv17FhqLKUfIOMS6sVyXMscNJoL0LSluuQio=s240-c-k-c0x00ffffff-no-rj,UCCwY9FkjAaWaXk6UrpQyD1g,https://www.youtube.com/channel/UCCwY9FkjAaWaXk6UrpQyD1g
CR_YT_1376,요가소년,@yt_ucktrkcu,YouTube,피트니스,헬스,Korea,509000,65702,919828,8.09,3.5,25-44,Mixed,5877.0,2,유지,2026-03-11,없음,12,4.5,매크로,제품리뷰,2026-06-13,26160,https://yt3.ggpht.com/CtYO7MFnn_FVj4o6BafiLiLv6P9VoBB1Yprb88J1F6yazQrGdJqcVaqKe8hVcZn3_HCv9Spa=s240-c-k-c0x00ffffff-no-rj,UCkTRKCuFrRiXQm_gMG1uDvg,https://www.youtube.com/channel/UCkTRKCuFrRiXQm_gMG1uDvg
CR_YT_1377,배블리[B.LOVELY MUKBANG],@yt_uchjplii,YouTube,푸드,쿠킹,Korea,508000,162337,2922066,2.98,3.2,18-34,Mixed,4601.0,1,상승,2026-06-10,없음,11,4.0,매크로,먹방협찬,2026-06-13,103395,https://yt3.ggpht.com/ytc/AIdro_n6kR3q9IQyEHiUukvRk0liyJZWdV4KDHOQJ9udsHZGcpo=s240-c-k-c0x00ffffff-no-rj,UCHJPlIINqj9q8G2TBDickPg,https://www.youtube.com/channel/UCHJPlIINqj9q8G2TBDickPg
CR_YT_1378,쫀득TV,@yt_ucmcnglh,YouTube,엔터테인먼트,버라이어티,Korea,508000,273426,4101390,0.53,4.9,18-34,Mixed,5449.0,4,유지,2026-01-28,없음,40,4.2,매크로,브랜디드콘텐츠,2026-06-13,189240,https://yt3.ggpht.com/ytc/AIdro_lcUbjXPNE7hzRHGqsxaNhVCJPVQ4C84KzygLRqD6tTYhQ=s240-c-k-c0x00ffffff-no-rj,UCmCNgLHdknmCdQelpwxQvvg,https://www.youtube.com/channel/UCmCNgLHdknmCdQelpwxQvvg
CR_YT_1379,양선수의 온라인PT,@yt_uclg1xzh,YouTube,교육,정보,Korea,506000,65302,1240738,6.61,2.8,25-44,Mixed,9618.0,20,하락,2026-01-25,없음,22,5.0,매크로,스폰서십,2026-06-13,37819,https://yt3.ggpht.com/6ReNOw4AWW0tIEvVGk_EU2JODTq09kSKQ1A4qFfKlqvVgKED9kKfQ7oUv01-UW4R4UU54sGzJA=s240-c-k-c0x00ffffff-no-rj,UCLG1XzhSPuuJ6hqaHhQaFkA,https://www.youtube.com/channel/UCLG1XzhSPuuJ6hqaHhQaFkA
CR_YT_1380,뮤직 메이트 Music Mate,@yt_uc4fvoie,YouTube,라이프스타일,일상,Korea,505000,731707,10243898,2.07,2.7,18-34,Mixed,11504.0,1,하락,2026-02-28,없음,26,3.7,매크로,브랜디드콘텐츠,2026-06-13,351808,https://yt3.ggpht.com/ytc/AIdro_lhYzr8zrhZEw9Pvnp51BQbg9RHSCydcX7xxUwpx6gzUzI=s240-c-k-c0x00ffffff-no-rj,UC4FVoIeyD4VG9Qx9vTHkv8w,https://www.youtube.com/channel/UC4FVoIeyD4VG9Qx9vTHkv8w
CR_YT_1381,강경원,@yt_ucuwypnj,YouTube,피트니스,다이어트,Korea,505000,488721,6842094,0.63,2.2,25-44,Mixed,13065.0,12,상승,2026-05-17,없음,13,5.0,매크로,PPL,2026-06-13,312512,https://yt3.ggpht.com/ytc/AIdro_nDQsgDiNZtMKviMfI4Fa1UjHbZ49FX1Qvs4zB975zIzA=s240-c-k-c0x00ffffff-no-rj,UCuwyPNJScQ5luAV7b8juFfg,https://www.youtube.com/channel/UCuwyPNJScQ5luAV7b8juFfg
CR_YT_1382,Romi Mukbang 로미 먹방,@yt_ucajg3-s,YouTube,푸드,레시피,Korea,505000,5319148,101063812,5.95,4.9,18-34,Mixed,3611.0,8,유지,2026-03-07,없음,13,5.0,매크로,먹방협찬,2026-06-13,2529367,https://yt3.ggpht.com/IocF_FTw2OtsrB6lill5T-Ve_Ls4Ejky1QFdVT4am_OR5-vPH3DPpEiDIlxrEqN0IysJgZDWAw=s240-c-k-c0x00ffffff-no-rj,UCaJG3-szIqCLYAfacqXmyNQ,https://www.youtube.com/channel/UCaJG3-szIqCLYAfacqXmyNQ
CR_YT_1383,NB couple엔비커플,@yt_ucehyqlr,YouTube,엔터테인먼트,예능,Korea,504000,812500,6500000,3.77,5.0,18-34,Mixed,1856.0,16,상승,2026-03-06,없음,33,4.7,매크로,브랜디드콘텐츠,2026-06-13,290927,https://yt3.ggpht.com/10-jYR8EJ2-fx-_jeygvqBJnuM8gmISdVOgZhTN7ic03QW1G6noCdn2o9Z8Gx00Wv-ID6mpu=s240-c-k-c0x00ffffff-no-rj,UCEHYQlrn01RoUMjC5ubcNHQ,https://www.youtube.com/channel/UCEHYQlrn01RoUMjC5ubcNHQ
CR_YT_1384,플레임TV,@yt_ucdldbit,YouTube,게임,e스포츠,Korea,504000,161427,3228540,6.47,4.8,18-34,Male,4518.0,2,상승,2026-05-06,없음,7,4.5,매크로,제품리뷰,2026-06-13,120405,https://yt3.ggpht.com/ytc/AIdro_lmsmyhaLroWrCp5Q9gIBujlmE_E1PKlgX3A6Nu86IGnIc=s240-c-k-c0x00ffffff-no-rj,UCDLDbittWhk2KXvaCT0YpZQ,https://www.youtube.com/channel/UCDLDbittWhk2KXvaCT0YpZQ
CR_YT_1385,Eunzel ASMR 은젤,@yt_ucs5qmpf,YouTube,엔터테인먼트,리액션,Korea,504000,183333,2016663,7.6,2.3,18-34,Mixed,4526.0,12,유지,2026-04-26,없음,19,5.0,매크로,PPL,2026-06-13,84498,https://yt3.ggpht.com/ytc/AIdro_kN5uoc9GuFLx75RHVTh6KCh6wWnwYiC4dXlE3wmqgjTRU=s240-c-k-c0x00ffffff-no-rj,UCS5qmPFj36fK7fML6gYcZSQ,https://www.youtube.com/channel/UCS5qmPFj36fK7fML6gYcZSQ
CR_YT_1386,PURE.D퓨어디,@yt_uc9g7v6-,YouTube,뷰티,메이크업,Korea,503000,303738,4859808,0.72,2.3,18-34,Female,3292.0,16,상승,2026-02-15,없음,6,5.0,매크로,제품리뷰,2026-06-13,192311,https://yt3.ggpht.com/ytc/AIdro_mTttL4V3k77g6lGOG17Xg5U0A7xco0vCqQC2Z5idbfCUpc=s240-c-k-c0x00ffffff-no-rj,UC9G7V6-HU_Cg7-yWLO1rH6w,https://www.youtube.com/channel/UC9G7V6-HU_Cg7-yWLO1rH6w
CR_YT_1387,KevinStudio 케빈스튜디오,@yt_ucyzriwu,YouTube,게임,e스포츠,Korea,503000,149985,1649835,2.08,2.9,18-34,Male,2450.0,1,상승,2026-04-04,없음,33,3.7,매크로,제품리뷰,2026-06-13,70343,https://yt3.ggpht.com/OYx2SWA-AzXhS83Cf2MYjcAu1IfJQdmRdkvvnKTxUNRjyAWiLgs4CYodMkYWoZtI0PlPGcQv=s240-c-k-c0x00ffffff-no-rj,UCyZrIWulP3HTBxuJkh6yBQA,https://www.youtube.com/channel/UCyZrIWulP3HTBxuJkh6yBQA
CR_YT_1388,김된모,@yt_ucnmhzw7,YouTube,게임,게임플레이,Korea,503000,296904,5344272,6.59,4.5,18-34,Male,12587.0,8,상승,2026-01-02,없음,14,5.0,매크로,스폰서십,2026-06-13,219046,https://yt3.ggpht.com/JArkqHHDSwfpE7x9645GKs3HmAtXZCKt_GvKPr-1CDmbfoq7O7v_5EC1Lxf8BQfJtlVPSwyLTRU=s240-c-k-c0x00ffffff-no-rj,UCnMhzw7xYMl6LJpM0au6vqw,https://www.youtube.com/channel/UCnMhzw7xYMl6LJpM0au6vqw
CR_YT_1389,유유타이거_유타가족TV,@yt_uca3xft_,YouTube,엔터테인먼트,버라이어티,Korea,503000,1906666,19066660,4.76,4.1,18-34,Mixed,2784.0,8,상승,2026-01-28,없음,11,5.0,매크로,PPL,2026-06-13,611515,https://yt3.ggpht.com/GyaC1myERLdZA32N6H90sxdd5AF54_5WBLWn-YKgBGZs1Z63kmv3JahxGly_enr0CPztqotDqQ=s240-c-k-c0x00ffffff-no-rj,UCa3XfT_AccZCELBLC913oEg,https://www.youtube.com/channel/UCa3XfT_AccZCELBLC913oEg
CR_YT_1390,IQMusic아이큐뮤직,@yt_uceac6bs,YouTube,엔터테인먼트,리액션,Korea,503000,29927,418978,7.0,2.8,18-34,Mixed,8198.0,12,하락,2026-02-10,없음,40,4.2,매크로,PPL,2026-06-13,12017,https://yt3.ggpht.com/1cTddb1GSt_9PeDtYM8aINbi97cAM_8rz_Xic6sUzwh3J6ktAro9L-YpJJDNEbURBzuUIspu=s240-c-k-c0x00ffffff-no-rj,UCeAC6BS-Y8QU7hL4m1ukMzQ,https://www.youtube.com/channel/UCeAC6BS-Y8QU7hL4m1ukMzQ
CR_YT_1391,탈골스윙,@yt_ucenz6vw,YouTube,라이프스타일,일상,Korea,503000,253164,4303788,5.04,4.9,18-34,Mixed,12023.0,8,유지,2026-06-05,없음,16,5.0,매크로,브랜디드콘텐츠,2026-06-13,153931,https://yt3.ggpht.com/YcIK6Wtxbp3W2WfrLAmDVkEjA1KQj2YxfsVyaLobdqcwSOmgaCgCLswWpf_k8AA26bD9WjGZlA=s240-c-k-c0x00ffffff-no-rj,UCenz6VwVXmRFT-k5qNdT27w,https://www.youtube.com/channel/UCenz6VwVXmRFT-k5qNdT27w
CR_YT_1392,뻘짓연구소,@yt_ucmyjw-g,YouTube,테크,테크리뷰,Korea,501000,284605,3130655,6.89,4.5,25-44,Male,11702.0,2,유지,2026-02-02,없음,30,4.2,매크로,제품리뷰,2026-06-13,140707,https://yt3.ggpht.com/Oc1U3jDnnDXEFCumCGeGx26uxWQCKyWOqOuVNqL-nX1iGMG9UQu6eTmNSdpDVJGR7CHFJX91=s240-c-k-c0x00ffffff-no-rj,UCMYJw-gH6-_LNQzhqfYgDbg,https://www.youtube.com/channel/UCMYJw-gH6-_LNQzhqfYgDbg
CR_YT_1393,삼다몰 - 제주의 음식,@yt_uch8w6fm,YouTube,푸드,쿠킹,Korea,501000,9013,72104,6.1,4.8,18-34,Mixed,13685.0,1,하락,2026-01-14,없음,40,3.2,매크로,먹방협찬,2026-06-13,2068,https://yt3.ggpht.com/AMvDGwFMHB34HAYaxffu_NMfoWqQwZNL4tJ2_qKcv3yG-bxkHIYoLK-3vOAIq7yB5mXPXcLx8g=s240-c-k-c0x00ffffff-no-rj,UCh8W6FMdcW4DmMwNn9nYF2Q,https://www.youtube.com/channel/UCh8W6FMdcW4DmMwNn9nYF2Q
CR_YT_1394,Arang 아랑,@yt_ucy2yddn,YouTube,뷰티,메이크업,Korea,500000,101332,1621312,7.51,4.4,18-34,Female,9300.0,2,상승,2026-03-28,없음,8,4.5,매크로,제품리뷰,2026-06-13,44632,https://yt3.ggpht.com/-xE0M98oLAfH9vZL6DbQYy3Viy7yHaWZmYo6gQpwD4SgUH1bXJFmTP5hDykEx-ZwrSCBU2AuxA=s240-c-k-c0x00ffffff-no-rj,UCY2YdDn7zXtRbNR0fJ9V_YQ,https://www.youtube.com/channel/UCY2YdDn7zXtRbNR0fJ9V_YQ
CR_YT_1395,노마드 코더 Nomad Coders,@yt_ucupjs89,YouTube,교육,스터디,Korea,500000,60649,970384,2.58,3.0,25-44,Mixed,7612.0,2,상승,2026-06-12,확인필요,16,3.0,매크로,제품리뷰,2026-06-13,34814,https://yt3.ggpht.com/ytc/AIdro_kZGbEvWmB_2CZMcZVcCpjFsiQNVQZEehF8jinP6zlFJ7s=s240-c-k-c0x00ffffff-no-rj,UCUpJs89fSBXNolQGOYKn0YQ,https://www.youtube.com/channel/UCUpJs89fSBXNolQGOYKn0YQ
CR_YT_1396,시네 si-ne,@yt_uc0-yyrd,YouTube,라이프스타일,브이로그,Korea,500000,697211,6274899,5.5,2.2,18-34,Mixed,11522.0,16,유지,2026-03-28,없음,39,4.2,매크로,브랜디드콘텐츠,2026-06-13,222250,https://yt3.ggpht.com/SXdSzdVxP5O0q5Ymbi_fty7Pc8YGOHsRP9CmFtACHCkL8ZQeSc_w-NYknuVVplDJZV5YQfYB=s240-c-k-c0x00ffffff-no-rj,UC0-yyrDjTJ1YFzmV12vEp0Q,https://www.youtube.com/channel/UC0-yyrDjTJ1YFzmV12vEp0Q
CR_YT_1397,노래하는코트,@yt_ucd-sfbu,YouTube,엔터테인먼트,리액션,Korea,500000,143003,1144024,0.59,2.1,18-34,Mixed,10985.0,16,상승,2026-06-13,없음,6,5.0,매크로,브랜디드콘텐츠,2026-06-13,27577,https://yt3.ggpht.com/xbh8pwVBMo42QYb2eqJxavag9-EoWFj9VYD_bibO00k7DmB7DRnIdFGn4hqr1dKMtfiyN26DQnQ=s240-c-k-c0x00ffffff-no-rj,UCd-SfbUz8Xa5ypL_EpL3R0A,https://www.youtube.com/channel/UCd-SfbUz8Xa5ypL_EpL3R0A
CR_YT_1398,Leeby리비,@yt_uci3-5fx,YouTube,라이프스타일,브이로그,Korea,499000,226917,3857589,6.0,3.4,18-34,Mixed,13467.0,20,유지,2026-02-08,없음,11,5.0,매크로,PPL,2026-06-13,97306,https://yt3.ggpht.com/-pgnweUiLlGooCPiQg0qWDDJBu8NqR7HaH7ZBVMahuYboHK34t00mjJWIOtqeO6vdN3GKlvK5g=s240-c-k-c0x00ffffff-no-rj,UCI3-5FX4IrRyniAiUnK1BWQ,https://www.youtube.com/channel/UCI3-5FX4IrRyniAiUnK1BWQ
CR_YT_1399,자우소,@yt_ucmt_lgv,YouTube,라이프스타일,리뷰,Korea,499000,286729,3727477,5.88,4.4,18-34,Mixed,4282.0,12,상승,2026-06-03,없음,23,5.0,매크로,PPL,2026-06-13,114183,https://yt3.ggpht.com/YeOhFXzcbPtw5_SErK8JrE1EMGIwwSfShGHyB0RD7LU7eYycx6stfj1djllZQQrZEQSH2xi-rA=s240-c-k-c0x00ffffff-no-rj,UCMT_LGvfXb16aHYwmJlC7dg,https://www.youtube.com/channel/UCMT_LGvfXb16aHYwmJlC7dg
CR_YT_1400,Dr. Sarang Choi,@yt_ucpfeurw,YouTube,뷰티,뷰티리뷰,Korea,498000,185873,3345714,4.31,3.5,18-34,Female,12453.0,20,유지,2026-03-22,없음,9,5.0,매크로,제품리뷰,2026-06-13,123063,https://yt3.ggpht.com/dFTzK189P3ULXrKCAKnEnUKMBx0njj5N0nuGvtMnLYqKa-k6DjQVXqf7N3UeG98CwB8QLGByoV0=s240-c-k-c0x00ffffff-no-rj,UCpfeuRWA3AMVRjDiBH7MlQQ,https://www.youtube.com/channel/UCpfeuRWA3AMVRjDiBH7MlQQ
CR_YT_1401,뮤직월드 Music World,@yt_uco0yyhf,YouTube,엔터테인먼트,브이로그,Korea,498000,12307,172298,4.56,3.4,18-34,Mixed,4289.0,1,상승,2026-06-12,확인필요,8,2.5,매크로,PPL,2026-06-13,5905,https://yt3.ggpht.com/ziWTkat9Zy30X2fkLKkicQg5qO4776Bdp6XlrEjvtaFr3arP2mSbzVwSxSGYrL1tGdCiJrnhKQ=s240-c-k-c0x00ffffff-no-rj,UCO0yyHfnQ51TOZcnskBZpGQ,https://www.youtube.com/channel/UCO0yyHfnQ51TOZcnskBZpGQ
CR_YT_1402,재이월드,@yt_ucswizjp,YouTube,엔터테인먼트,버라이어티,Korea,498000,47132,612716,6.29,2.8,18-34,Mixed,2283.0,2,유지,2026-05-11,없음,30,4.2,매크로,PPL,2026-06-13,15564,https://yt3.ggpht.com/-B8wp8eCeA5s9Wfs5BGOddZ48q4C8ggApGiT3CKFaTCA9dAgrSu2pJ1pYkefQ2XOXzRz8xqXT-s=s240-c-k-c0x00ffffff-no-rj,UCSwIZJpKy42XIJoDCYcPsIA,https://www.youtube.com/channel/UCSwIZJpKy42XIJoDCYcPsIA
CR_YT_1403,SBS Golf,@yt_uc12xqwc,YouTube,엔터테인먼트,예능,Korea,498000,38260,420860,3.46,2.1,18-34,Mixed,5942.0,4,상승,2026-01-14,없음,15,5.0,매크로,PPL,2026-06-13,19548,https://yt3.ggpht.com/N77t1-8rOvuPVltyDC1JoT4jZcnWy9Y2FdF4B7UMQyqAZSbANtPzRuMur2MgKPSMmNb9dvoQ=s240-c-k-c0x00ffffff-no-rj,UC12XQWcIlaavjjbhh6EeMJw,https://www.youtube.com/channel/UC12XQWcIlaavjjbhh6EeMJw
CR_YT_1404,운동부 둘이 왔어요,@yt_uc__j0wv,YouTube,푸드,쿠킹,Korea,498000,790123,11061722,3.78,4.6,18-34,Mixed,11905.0,12,상승,2026-02-02,없음,34,4.7,매크로,먹방협찬,2026-06-13,311771,https://yt3.ggpht.com/aXSH6CQ8CF5mGsiGENDuIvx33fTa9NM0Ip041rhhRMawihTilCx4LkIOgp8_oyWQEgg4ES-r=s240-c-k-c0x00ffffff-no-rj,UC__J0wvxgqq4kg3i5iTgkLQ,https://www.youtube.com/channel/UC__J0wvxgqq4kg3i5iTgkLQ
CR_YT_1405,뫄옹,@yt_ucigyd4-,YouTube,엔터테인먼트,예능,Korea,498000,1240063,11160567,6.92,4.8,18-34,Mixed,8164.0,20,하락,2026-06-10,없음,30,4.7,매크로,PPL,2026-06-13,276223,https://yt3.ggpht.com/h-lmMyKYEiyQIjZBNCK3vk_ijrGEfHu2ibZvDZazavtWpasdn_t33Oz6wU9uZdF4lVFox3Dq_Mc=s240-c-k-c0x00ffffff-no-rj,UCIgYD4-Y4T67_nT7JyVxdnw,https://www.youtube.com/channel/UCIgYD4-Y4T67_nT7JyVxdnw
CR_YT_1406,fx,@yt_uc6qbhf5,YouTube,엔터테인먼트,브이로그,Korea,498000,90000000,1710000000,7.36,2.5,18-34,Mixed,4111.0,8,상승,2026-05-16,없음,36,4.2,매크로,브랜디드콘텐츠,2026-06-13,50220598,https://yt3.ggpht.com/ytc/AIdro_kOLgR_0hKay77NzMIBmVx06UCUGmTwPOl9J_DU-glAtmc=s240-c-k-c0x00ffffff-no-rj,UC6qbHF5Aql0EbXn52P7ofXA,https://www.youtube.com/channel/UC6qbHF5Aql0EbXn52P7ofXA
CR_YT_1407,캐리TV 어드벤처,@yt_ucdnxd0-,YouTube,여행,여행브이로그,Korea,496000,1000000,18000000,2.64,2.5,25-44,Mixed,9477.0,1,유지,2026-04-15,없음,14,4.0,매크로,PPL,2026-06-13,446949,https://yt3.ggpht.com/nA99lDu1go3M19VUCH2xfnQro7EpR8Z3ShonA6OIer0QcPBEE3947N1xVZBnVdCmCxfvljJB=s240-c-k-c0x00ffffff-no-rj,UCDnXD0-ABYAj6JIOX6QqU2w,https://www.youtube.com/channel/UCDnXD0-ABYAj6JIOX6QqU2w
CR_YT_1408,캬랑Kyaryang,@yt_ucklwaoc,YouTube,엔터테인먼트,브이로그,Korea,495000,1000000,12000000,2.44,3.3,18-34,Mixed,11016.0,16,하락,2026-01-27,없음,13,5.0,매크로,브랜디드콘텐츠,2026-06-13,324406,https://yt3.ggpht.com/ytc/AIdro_mRRK-VnMCpEw9jzsC_SHAqhV8Q9T8bNEf1X33qE7Qeyom3=s240-c-k-c0x00ffffff-no-rj,UCKlwaOCK1FqXMTKv0RlCmfg,https://www.youtube.com/channel/UCKlwaOCK1FqXMTKv0RlCmfg
CR_YT_1409,네자매모먼트 [4sisters],@yt_ucg6n52s,YouTube,엔터테인먼트,버라이어티,Korea,495000,3838120,46057440,2.51,3.4,18-34,Mixed,14742.0,1,유지,2026-04-06,없음,29,3.7,매크로,PPL,2026-06-13,2107191,https://yt3.ggpht.com/UcDa7Zy_CS_AOn949pGCUhR1_uZkmCtSTTLxLAe-5JOnvqDg8Pn7P9Zxe9NFDTQSOFyZ4K07=s240-c-k-c0x00ffffff-no-rj,UCg6N52snDwhatFhprYkVuOQ,https://www.youtube.com/channel/UCg6N52snDwhatFhprYkVuOQ
CR_YT_1410,너만몰라TV,@yt_ucsruxc7,YouTube,엔터테인먼트,버라이어티,Korea,495000,15238,304760,7.49,2.6,18-34,Mixed,5851.0,20,하락,2026-02-19,없음,19,5.0,매크로,PPL,2026-06-13,9177,https://yt3.ggpht.com/ytc/AIdro_n9OAk0hMZMQyoKjosUA_D_hPDX-rKWnBaBFG-9l43-0sRi=s240-c-k-c0x00ffffff-no-rj,UCsRUxc7mcOchfVPQmdP-miQ,https://www.youtube.com/channel/UCsRUxc7mcOchfVPQmdP-miQ
CR_YT_1411,천재이승국 GeniusSKLee,@yt_ucu3bjld,YouTube,엔터테인먼트,예능,Korea,495000,103444,1965436,1.18,3.1,18-34,Mixed,7938.0,8,하락,2026-01-28,없음,22,5.0,매크로,브랜디드콘텐츠,2026-06-13,46927,https://yt3.ggpht.com/ytc/AIdro_mGXyzKK5VCf6y2F_Kj0HwKZRxQCRqSWX7SqEezwokn574=s240-c-k-c0x00ffffff-no-rj,UCu3BjLd03jxTVHXTPqZ77iQ,https://www.youtube.com/channel/UCu3BjLd03jxTVHXTPqZ77iQ
CR_YT_1412,허수아비(scarecrow),@yt_ucyoqiwg,YouTube,뷰티,뷰티리뷰,Korea,494000,130081,1691053,6.08,3.6,18-34,Female,14601.0,20,유지,2026-03-29,없음,22,5.0,매크로,제품리뷰,2026-06-13,48984,https://yt3.ggpht.com/ytc/AIdro_n1A8OhX23BeP6aO_H1FUFCRjFjEUf8Af6xioXHfsv1ilvD=s240-c-k-c0x00ffffff-no-rj,UCyoqIWgyiQmxYiNP_l7KlyQ,https://www.youtube.com/channel/UCyoqIWgyiQmxYiNP_l7KlyQ
CR_YT_1413,Disney Plus Korea 디즈니 플러스 코리아,@yt_uctdz9lw,YouTube,엔터테인먼트,버라이어티,Korea,492000,103383,827064,5.61,5.0,18-34,Mixed,3634.0,4,유지,2026-05-31,없음,20,5.0,매크로,PPL,2026-06-13,24888,https://yt3.ggpht.com/nmkLhTD8nzGBBclFd0qfK4sEP_QuQtET8-UXhM5eIzY2FZigMRwUY6LrzcumQXhglMsyROroDA=s240-c-k-c0x00ffffff-no-rj,UCtdz9LWNNQKUg4Xpma_40Ug,https://www.youtube.com/channel/UCtdz9LWNNQKUg4Xpma_40Ug
CR_YT_1414,예콩이네,@yt_ucz55qc4,YouTube,라이프스타일,일상,Korea,492000,317834,4131842,1.48,4.2,18-34,Mixed,1806.0,20,하락,2026-02-01,없음,14,5.0,매크로,브랜디드콘텐츠,2026-06-13,181585,https://yt3.ggpht.com/ytc/AIdro_lKns9np8ytOX8oYCTfJipZSfmcT-dI4bmRIIHfdULNxhU=s240-c-k-c0x00ffffff-no-rj,UCZ55qC4VYhtjcadp4wO5Wwg,https://www.youtube.com/channel/UCZ55qC4VYhtjcadp4wO5Wwg
CR_YT_1415,미소,@yt_ucyfrop5,YouTube,라이프스타일,브이로그,Korea,491000,68292,1092672,8.3,2.7,18-34,Mixed,2453.0,1,유지,2026-04-15,없음,17,4.0,매크로,PPL,2026-06-13,26727,https://yt3.ggpht.com/B5mdQXVzLrLcXnveFiGz5sDvHyoZPs4BITkUgrzWXRlAMDzglbWEcpav0LCKySymGSDMFVSXMmc=s240-c-k-c0x00ffffff-no-rj,UCyFRoP5pwFPHCv6RrLIHxhA,https://www.youtube.com/channel/UCyFRoP5pwFPHCv6RrLIHxhA
CR_YT_1416,수라 월드 SURA WORLD,@yt_ucl1vuvg,YouTube,라이프스타일,브이로그,Korea,491000,453257,3626056,8.15,4.8,18-34,Mixed,14445.0,12,유지,2026-05-09,없음,37,4.2,매크로,브랜디드콘텐츠,2026-06-13,145810,https://yt3.ggpht.com/ytc/AIdro_kTCK34mZQCwXRWaLm-BWQA-Q8u1Ps1Tf7AP1W5uW34BU0=s240-c-k-c0x00ffffff-no-rj,UCL1VUVgulGLH4idpAE60FFg,https://www.youtube.com/channel/UCL1VUVgulGLH4idpAE60FFg
CR_YT_1417,진똑개 풍이,@yt_uc-603kn,YouTube,라이프스타일,브이로그,Korea,491000,1029411,14411754,6.26,3.6,18-34,Mixed,3526.0,1,상승,2026-03-27,없음,5,4.0,매크로,PPL,2026-06-13,598202,https://yt3.ggpht.com/0r6Ge3dwHBlri5FO7yjDwJR99Lbbvc7V7Ehump96WGeFV8IMX_9eJLMRTclZctzhbljMQRtEmas=s240-c-k-c0x00ffffff-no-rj,UC-603KNB_fvzHP9MpBqSKWg,https://www.youtube.com/channel/UC-603KNB_fvzHP9MpBqSKWg
CR_YT_1418,BoA,@yt_ucyptgd7,YouTube,엔터테인먼트,브이로그,Korea,491000,2781954,55639080,4.9,4.5,18-34,Mixed,5971.0,12,유지,2026-03-14,없음,5,5.0,매크로,PPL,2026-06-13,1837046,https://yt3.ggpht.com/GWHHfyMWAf5xgEVLJtgWGI8Jm4dQ4VPpFisfO96vtc3Yphd782sAu83tEFNDR0lBiaPesWCxTAo=s240-c-k-c0x00ffffff-no-rj,UCYPtgd76D-o15reXD94BIoQ,https://www.youtube.com/channel/UCYPtgd76D-o15reXD94BIoQ
CR_YT_1419,스탐,@yt_ucark9mk,YouTube,피트니스,운동,Korea,490000,157087,2670479,6.3,3.2,25-44,Mixed,9341.0,1,유지,2026-01-20,없음,18,4.0,매크로,제품리뷰,2026-06-13,69769,https://yt3.ggpht.com/5VxzcnJHUj_L_cFKtKKR_iptEyszb81IehcvZmNr62jT3Jvs_PPU9ePJ-wUiu3ilVRs8ZIpOYuc=s240-c-k-c0x00ffffff-no-rj,UCArK9MK34LsQzPJrl5TZmYA,https://www.youtube.com/channel/UCArK9MK34LsQzPJrl5TZmYA
CR_YT_1420,브금대통령[BGM President],@yt_uc7oh_by,YouTube,엔터테인먼트,브이로그,Korea,490000,58565,702780,6.97,4.6,18-34,Mixed,4738.0,16,상승,2026-03-29,없음,23,5.0,매크로,PPL,2026-06-13,26297,https://yt3.ggpht.com/cI3VUfcoTGFLbohmklZ0zIS0OO9tQnCxn19RmnW7x7EenTB6B5-SLc00PZb76DS02TlPKOFHHrk=s240-c-k-c0x00ffffff-no-rj,UC7oH_BYk5rSP0JF7IDn-jRQ,https://www.youtube.com/channel/UC7oH_BYk5rSP0JF7IDn-jRQ
CR_YT_1421,스완SWAN_현실남자뷰티,@yt_uchatucm,YouTube,뷰티,메이크업,Korea,490000,246125,1969000,6.55,3.2,18-34,Female,9295.0,2,하락,2026-03-03,없음,15,4.5,매크로,제품리뷰,2026-06-13,72891,https://yt3.ggpht.com/ghUeV6_FE7oiT4vn-B6M_mzEK5NClTfF-tV3bFZ1LIH7gRwtUepjGeWWN8QiUGmeh8x9bu3n=s240-c-k-c0x00ffffff-no-rj,UChaTUCM7bPBTJaIZQ83PNwQ,https://www.youtube.com/channel/UChaTUCM7bPBTJaIZQ83PNwQ
CR_YT_1422,요조숙녀 두팔짱,@yt_ucvjk_5h,YouTube,엔터테인먼트,버라이어티,Korea,490000,910623,13659345,3.2,2.2,18-34,Mixed,12931.0,4,유지,2026-01-11,없음,7,5.0,매크로,PPL,2026-06-13,406371,https://yt3.ggpht.com/s5hIqUUzLe3Ym16vOvhwoqLCiftxah-rpION8RnkmeFYhQ9_9YW8rOehLQY8wFapjN7qMHyQpQ=s240-c-k-c0x00ffffff-no-rj,UCvjk_5hq5EvpBdAyGVwqCaQ,https://www.youtube.com/channel/UCvjk_5hq5EvpBdAyGVwqCaQ
CR_YT_1423,촌장엔터테인먼트TV,@yt_ucifadko,YouTube,엔터테인먼트,예능,Korea,490000,110148,1431924,6.72,3.0,18-34,Mixed,14511.0,8,상승,2026-02-02,없음,30,4.7,매크로,브랜디드콘텐츠,2026-06-13,54476,https://yt3.ggpht.com/ytc/AIdro_mi9i2WN3dwMarSw0khW9qyD40XUfc4U3AX4JtMBcekDJI=s240-c-k-c0x00ffffff-no-rj,UCIfadKo7fcwSfgARMTz7xzA,https://www.youtube.com/channel/UCIfadKo7fcwSfgARMTz7xzA
CR_YT_1424,DAISY 데이지,@yt_ucireieh,YouTube,뷰티,스킨케어,Korea,489000,111449,1560286,0.64,2.1,18-34,Female,3446.0,2,유지,2026-01-07,없음,8,4.5,매크로,제품리뷰,2026-06-13,64815,https://yt3.ggpht.com/qCKw-owKdhZhdHa7buDKL3ZZBMBwTOti5k81dWdVdYkPt2cByOvRupM1bMznWf6twIk08Hbe=s240-c-k-c0x00ffffff-no-rj,UCIREieh5LH-N-jmZO27U7gA,https://www.youtube.com/channel/UCIREieh5LH-N-jmZO27U7gA
CR_YT_1425,JTBC Life,@yt_uce-gh0j,YouTube,뷰티,스킨케어,Korea,489000,27727,388178,4.15,3.0,18-34,Female,3045.0,16,상승,2026-04-02,없음,18,5.0,매크로,PPL,2026-06-13,10452,https://yt3.ggpht.com/5nKjyQRPJ_dJfoJK7U7-9q5HJsZbR35LX4foIqK9O3qB3FnStfpwdbrRRAmDFG3IW57FTkcBTA=s240-c-k-c0x00ffffff-no-rj,UCe-gh0jfKlR_EvsNyzYphww,https://www.youtube.com/channel/UCe-gh0jfKlR_EvsNyzYphww
CR_YT_1426,Today on the Korean Server,@yt_uc65zdjc,YouTube,라이프스타일,리뷰,Korea,489000,0,0,1.97,3.7,18-34,Mixed,8640.0,8,상승,2026-05-15,없음,36,3.4,매크로,PPL,2026-06-13,0,,UC65ZDJCYI1dwzj48XIeuOBA,https://www.youtube.com/channel/UC65ZDJCYI1dwzj48XIeuOBA
CR_YT_1427,밈고리즘,@yt_ucutus8s,YouTube,엔터테인먼트,버라이어티,Korea,488000,712250,8547000,8.21,2.3,18-34,Mixed,8153.0,4,유지,2026-03-18,확인필요,40,2.7,매크로,PPL,2026-06-13,257344,https://yt3.ggpht.com/baITHua5dRUsA_uNE0uNRCdJt60YJZa7nh5_Z-r-FGor5sk54uo-L0XOKt1WJK6XVJ_SuFiSZg=s240-c-k-c0x00ffffff-no-rj,UCuTUS8srsUXdP1eh6hAV8JA,https://www.youtube.com/channel/UCuTUS8srsUXdP1eh6hAV8JA
CR_YT_1428,션과 함께,@yt_ucvzgymv,YouTube,라이프스타일,리뷰,Korea,488000,297239,3269629,5.84,3.7,18-34,Mixed,3573.0,12,유지,2026-01-14,없음,13,5.0,매크로,PPL,2026-06-13,112673,https://yt3.ggpht.com/C396O9j8n3b7l5qNyaYP8S3ZrVX622efUOjELjGGglGx7wER81Op2qCgI91peeYZPqDRzfoqqrc=s240-c-k-c0x00ffffff-no-rj,UCvzGYMVP5h9CTV8LdtEQUww,https://www.youtube.com/channel/UCvzGYMVP5h9CTV8LdtEQUww
CR_YT_1429,Mellowbeat Seeker,@yt_uco1jhqj,YouTube,엔터테인먼트,예능,Korea,487000,55487,499383,4.11,4.1,18-34,Mixed,14901.0,12,하락,2026-03-15,없음,8,5.0,매크로,PPL,2026-06-13,19424,https://yt3.ggpht.com/9uTb4OoWfzydXnrdeXw5L0D1WPfpVun0HdS1dKXaqURXaEZXkNT_bQyoiVj4crw3ZIwXQIqI5w=s240-c-k-c0x00ffffff-no-rj,UCO1jhQjMhiI0YrHUGHyev7A,https://www.youtube.com/channel/UCO1jhQjMhiI0YrHUGHyev7A
CR_YT_1430,하얀너구리,@yt_ucxu0fpg,YouTube,엔터테인먼트,브이로그,Korea,487000,855649,14546033,0.63,5.0,18-34,Mixed,9169.0,4,하락,2026-03-17,없음,15,5.0,매크로,PPL,2026-06-13,401104,https://yt3.ggpht.com/ED0hkHSRi7Ye8hU1fVZlWBnNAAFa30muIsfllDxq7o7GF2BE416oGBim8In1NY0Z1ZEPrWqdXw=s240-c-k-c0x00ffffff-no-rj,UCxu0fpGZPtRRPv7OQFEPPNw,https://www.youtube.com/channel/UCxu0fpGZPtRRPv7OQFEPPNw
CR_YT_1431,JTBC GOLF,@yt_uchj1azw,YouTube,피트니스,헬스,Korea,487000,46871,749936,6.58,4.2,25-44,Mixed,8072.0,16,상승,2026-05-29,없음,34,4.7,매크로,PPL,2026-06-13,28728,https://yt3.ggpht.com/eGFqh1jpPSdR8OBASRS7Tb4-7tMBwA36TougyENPS1Z0B2z8EP6u8Bz7GTE3JCRiAPw9a__i=s240-c-k-c0x00ffffff-no-rj,UChJ1aZwVkgWAUZqYGYDOWgg,https://www.youtube.com/channel/UChJ1aZwVkgWAUZqYGYDOWgg
CR_YT_1432,혜인 HEYNEE,@yt_ucs0diu9,YouTube,뷰티,뷰티리뷰,Korea,486000,63727,892178,5.05,2.4,18-34,Female,11698.0,12,유지,2026-02-14,없음,11,5.0,매크로,제품리뷰,2026-06-13,34073,https://yt3.ggpht.com/jOreX-V-atBnwRsPY80LyqbjXt9P25CkPD3hGzTaFpMBQo4n7qMv5NWL7q1uvMZzGORVIGjwfA=s240-c-k-c0x00ffffff-no-rj,UCs0dIu9USYQnSyPcekI8Y6A,https://www.youtube.com/channel/UCs0dIu9USYQnSyPcekI8Y6A
CR_YT_1433,맛집남자 foodman,@yt_uceed6ka,YouTube,푸드,먹방,Korea,486000,915354,10068894,7.21,4.4,18-34,Mixed,11756.0,2,유지,2026-04-15,없음,23,4.5,매크로,먹방협찬,2026-06-13,260397,https://yt3.ggpht.com/whH-KPL8Q0fx1DJbHvzS0v6krVQuF4aHOdRxghm6KGsuLKDeUJpdvsVez0Y7YW8MtrAMgYdrYLA=s240-c-k-c0x00ffffff-no-rj,UCeEd6KA0gOX63vIEvsQDS0Q,https://www.youtube.com/channel/UCeEd6KA0gOX63vIEvsQDS0Q
CR_YT_1434,닥신TV,@yt_uclwwly0,YouTube,라이프스타일,리뷰,Korea,485000,147783,2512311,8.42,3.4,18-34,Mixed,6557.0,8,상승,2026-02-14,없음,12,5.0,매크로,브랜디드콘텐츠,2026-06-13,99636,https://yt3.ggpht.com/BqhFUCZlUhM9qN_I2kgoFFYUuidt3ODvDYpclgpXIE1PtueQW5HYEV7evsIKe3JBCQDYVMxI0g=s240-c-k-c0x00ffffff-no-rj,UClwWLY0JLYznXuCLJkB10lQ,https://www.youtube.com/channel/UClwWLY0JLYznXuCLJkB10lQ
CR_YT_1435,Mondo,@yt_ucqc7_so,YouTube,라이프스타일,일상,Korea,485000,112438,2136322,4.99,5.0,18-34,Mixed,5224.0,2,하락,2026-05-14,없음,38,3.7,매크로,PPL,2026-06-13,60609,https://yt3.ggpht.com/JN_BOjnvNdyLHWU63LqKUT07jqvMbgnl6gjBtOxD0VRdW3eVIZXb6gv8VpvgLaRzshSiwCFFIQ=s240-c-k-c0x00ffffff-no-rj,UCqc7_so3xdZJnSlfDjphwpg,https://www.youtube.com/channel/UCqc7_so3xdZJnSlfDjphwpg
CR_YT_1436,자유부인 한가인,@yt_ucvnvuhn,YouTube,라이프스타일,리뷰,Korea,483000,737327,7373270,4.99,2.1,18-34,Mixed,13510.0,20,유지,2026-02-06,없음,23,5.0,매크로,PPL,2026-06-13,285119,https://yt3.ggpht.com/5PJ475g_NWzTbohWC7oKXEctCFyrSgk83dhZBYFcAq4bigYRiEOugreMe8OKyEkSpf2WbRhArg=s240-c-k-c0x00ffffff-no-rj,UCvnVUhn95YfQazC_bc2lU6w,https://www.youtube.com/channel/UCvnVUhn95YfQazC_bc2lU6w
CR_YT_1437,양영태 박사TV,@yt_uc-qsipf,YouTube,교육,정보,Korea,483000,6956,132164,3.97,2.1,25-44,Mixed,11565.0,20,하락,2026-04-22,없음,14,5.0,매크로,제품리뷰,2026-06-13,4830,https://yt3.ggpht.com/ytc/AIdro_n0zEtRmriIquXf7q_Vmj7U9v5msmTdolS0QbiVpqU0Mv8=s240-c-k-c0x00ffffff-no-rj,UC-qSipf88NifyK3Q-gZ8JBw,https://www.youtube.com/channel/UC-qSipf88NifyK3Q-gZ8JBw
CR_YT_1438,유니브클래스,@yt_ucsvqjit,YouTube,교육,스터디,Korea,483000,198555,3573990,6.77,3.1,25-44,Mixed,1556.0,8,상승,2026-04-20,없음,27,4.7,매크로,스폰서십,2026-06-13,105578,https://yt3.ggpht.com/fHBHBLGyohLsdym54g7OqZqcphba5XygiUKnSSPD-w_X9Y4lSYvi7t9OT3IX3Mw_hE8rT6nx3Q=s240-c-k-c0x00ffffff-no-rj,UCSvQJiTYECOrw-AYOr4yzqA,https://www.youtube.com/channel/UCSvQJiTYECOrw-AYOr4yzqA
CR_YT_1439,시수기릿[girit],@yt_ucwycvc0,YouTube,라이프스타일,일상,Korea,482000,300127,2701143,5.99,2.4,18-34,Mixed,5384.0,2,상승,2026-03-10,없음,38,3.7,매크로,PPL,2026-06-13,105381,https://yt3.ggpht.com/HtiPAZ1qkefbe0xvhnPiRXP-IwiiDn_8NGwoCGyFpmz5927Au3y0139UtpZbVqTv10hPRxqJdg=s240-c-k-c0x00ffffff-no-rj,UCWYcVc0rUfQ3hOntgo4NBAA,https://www.youtube.com/channel/UCWYcVc0rUfQ3hOntgo4NBAA
CR_YT_1440,화성인 릴도지,@yt_ucvxklqw,YouTube,엔터테인먼트,버라이어티,Korea,482000,478589,6700246,2.42,4.4,18-34,Mixed,13535.0,4,상승,2026-02-27,없음,37,4.2,매크로,PPL,2026-06-13,240991,https://yt3.ggpht.com/3p4uoCUzDwwIiu09Hyh9CVi-tzhuRtW1i__ZJ8CBJNIMT6l15qPj_lK5vs9VfJKZ1wBLK1apgyU=s240-c-k-c0x00ffffff-no-rj,UCVxKlQwXqxikSR391nMyj0w,https://www.youtube.com/channel/UCVxKlQwXqxikSR391nMyj0w
CR_YT_1441,Wanhee 완희,@yt_ucoual_e,YouTube,라이프스타일,리뷰,Korea,481000,141171,1129368,7.32,3.3,18-34,Mixed,1300.0,8,유지,2026-01-20,확인필요,29,3.2,매크로,PPL,2026-06-13,26523,https://yt3.ggpht.com/U1FdMg9GVBTr88b2DhgGwf8dFqEBOHcSi7tSquvMCdH2TzCadCfICVb1sgjfzwLiNVg9EYJ8hg=s240-c-k-c0x00ffffff-no-rj,UCOual_eH_ddguQGKbWc36YQ,https://www.youtube.com/channel/UCOual_eH_ddguQGKbWc36YQ
CR_YT_1442,정희원의 저속노화,@yt_ucxrsqfy,YouTube,교육,스터디,Korea,481000,163772,1473948,7.01,3.0,25-44,Mixed,1460.0,20,하락,2026-01-21,확인필요,6,3.5,매크로,스폰서십,2026-06-13,57376,https://yt3.ggpht.com/WOgKP3I-O6K9MZK1S6FgFUuEuVMTkmXCDr5L1ahJ20u-axdlYGjRyWkCisCc8s9Xu1NOsLYaVQ=s240-c-k-c0x00ffffff-no-rj,UCxRSQfYmcVEI5jP3sOwnlpw,https://www.youtube.com/channel/UCxRSQfYmcVEI5jP3sOwnlpw
CR_YT_1443,판슥,@yt_ucjadtyd,YouTube,라이프스타일,브이로그,Korea,481000,778301,9339612,1.09,4.2,18-34,Mixed,3069.0,1,하락,2026-04-16,없음,34,3.7,매크로,브랜디드콘텐츠,2026-06-13,355186,https://yt3.ggpht.com/-mGewYRb2oewx-afJCXeVWMNtI6DBpGRcha6nBAJfpkc0rTLGEpUeLoiWFHEeOOuCrbarO73=s240-c-k-c0x00ffffff-no-rj,UCJAdTYDtCy5KAjkgXt3fJeg,https://www.youtube.com/channel/UCJAdTYDtCy5KAjkgXt3fJeg
CR_YT_1444,도애니 DO animation,@yt_ucqgxgeb,YouTube,게임,e스포츠,Korea,480000,473933,8530794,6.34,2.7,18-34,Male,7681.0,4,유지,2026-04-11,확인필요,22,3.5,매크로,스폰서십,2026-06-13,227645,https://yt3.ggpht.com/ytc/AIdro_mO6ovynVeMIJDigk2gxbeV-egYHVyFky1C2TwQeEMoBX0=s240-c-k-c0x00ffffff-no-rj,UCqgxGebwwkoldbl3h7UoUiQ,https://www.youtube.com/channel/UCqgxGebwwkoldbl3h7UoUiQ
CR_YT_1445,비누TV,@yt_ucblispc,YouTube,게임,e스포츠,Korea,480000,175375,1753750,8.04,4.7,18-34,Male,6469.0,16,상승,2026-03-30,없음,30,4.7,매크로,제품리뷰,2026-06-13,43301,https://yt3.ggpht.com/xy_NPfdBZmopLvbD0TcF_yhYv3psaQeiYGSRkJCHem1ie5ZTPJNut0Qg4BbDczEnqfhBmjygpg=s240-c-k-c0x00ffffff-no-rj,UCbLispC1ydHSC_69kjZI6hw,https://www.youtube.com/channel/UCbLispC1ydHSC_69kjZI6hw
CR_YT_1446,자전거 읽어주는 남자,@yt_uckm0lri,YouTube,피트니스,헬스,Korea,480000,728476,5827808,1.24,4.6,25-44,Mixed,13885.0,16,상승,2026-03-09,없음,35,4.7,매크로,제품리뷰,2026-06-13,211515,https://yt3.ggpht.com/7NmpqxsMMc37XjaEb6O29KyvuiKUWTVqOSx8w04u6KytCs6lyfLiNDW_Qvk4JAZBWDCCMwuJ=s240-c-k-c0x00ffffff-no-rj,UCkM0LRI4Wi8nihg-IttEYHQ,https://www.youtube.com/channel/UCkM0LRI4Wi8nihg-IttEYHQ
CR_YT_1447,와나나,@yt_uc-5acdj,YouTube,엔터테인먼트,버라이어티,Korea,479000,489251,3914008,4.69,3.6,18-34,Mixed,7081.0,1,상승,2026-04-02,없음,17,4.0,매크로,PPL,2026-06-13,127609,https://yt3.ggpht.com/ytc/AIdro_m-EWNO311xFjAD55lkrnKbDfdxjaC8s2PJMx_lNINwy_Q=s240-c-k-c0x00ffffff-no-rj,UC-5acDjU6XFWu-__G17V_YQ,https://www.youtube.com/channel/UC-5acDjU6XFWu-__G17V_YQ
CR_YT_1448,해니 haeni beauty,@yt_ucchdhmd,YouTube,뷰티,메이크업,Korea,479000,150204,2853876,2.12,4.7,18-34,Female,13944.0,8,유지,2026-02-12,없음,11,5.0,매크로,제품리뷰,2026-06-13,128560,https://yt3.ggpht.com/Qvvcg7YUM3KJhElW05-AbcqvmwgTz4P4mo5hMgcaMdg71gr8CrqDLW1OYJN_-acUW6qpDZ0Iuw=s240-c-k-c0x00ffffff-no-rj,UCChdHmdkgTpk0iyuODYxJIw,https://www.youtube.com/channel/UCChdHmdkgTpk0iyuODYxJIw
CR_YT_1449,뭐랭하맨,@yt_uc6qi6gc,YouTube,엔터테인먼트,리액션,Korea,479000,888661,15995898,5.32,2.0,18-34,Mixed,3951.0,1,하락,2026-04-30,없음,19,4.0,매크로,브랜디드콘텐츠,2026-06-13,411179,https://yt3.ggpht.com/ytc/AIdro_lxaxs9iv_uU645UPBRbqWy5NBzE3F97IttY3MQpbauLT0=s240-c-k-c0x00ffffff-no-rj,UC6Qi6gcKP9VOHrIcFLtISmQ,https://www.youtube.com/channel/UC6Qi6gcKP9VOHrIcFLtISmQ
CR_YT_1450,역마살 로드,@yt_ucn2ca8t,YouTube,교육,강의,Korea,478000,370487,5557305,8.31,3.1,25-44,Mixed,13425.0,2,하락,2026-03-09,없음,18,4.5,매크로,스폰서십,2026-06-13,200485,https://yt3.ggpht.com/tzaTvAE8NGRM9c64u3SdZ0Xfi2rGL2bJ3yVqXsEBvebLDdcXH-PfbSEs-NK5PgssZdgE0ZhzeQ=s240-c-k-c0x00ffffff-no-rj,UCn2CA8ttdAvVLi_-xNh6GnQ,https://www.youtube.com/channel/UCn2CA8ttdAvVLi_-xNh6GnQ
CR_YT_1451,헬무비: Hell Movie,@yt_ucyuoojr,YouTube,엔터테인먼트,예능,Korea,478000,628019,10676323,8.19,4.6,18-34,Mixed,6236.0,4,하락,2026-04-21,없음,8,5.0,매크로,브랜디드콘텐츠,2026-06-13,261366,https://yt3.ggpht.com/SEqJKN83krQEF-2jn6IalyaRLfpBcdd68zNDtvIt6Mnv_Bqc__gw6JLwGeQKTH-jaDsAZMCu2L8=s240-c-k-c0x00ffffff-no-rj,UCYuOOjRoyXbhJHrN01yHOnA,https://www.youtube.com/channel/UCYuOOjRoyXbhJHrN01yHOnA
CR_YT_1452,ASTER MUSIC,@yt_uc3fpnb3,YouTube,엔터테인먼트,예능,Korea,478000,257558,3090696,0.92,3.4,18-34,Mixed,6276.0,16,하락,2026-04-29,없음,21,5.0,매크로,브랜디드콘텐츠,2026-06-13,92652,https://yt3.ggpht.com/ws6jnX1D5WMRtEigTc9JQCxOm6N1rtYbClf_RrRuZGDL8YunTcisu0WL8om6LJye8tuMhtxd=s240-c-k-c0x00ffffff-no-rj,UC3fPnB3ds2xBY1PTtgkCCYw,https://www.youtube.com/channel/UC3fPnB3ds2xBY1PTtgkCCYw
CR_YT_1453,아가리어터,@yt_ucfkawpv,YouTube,라이프스타일,일상,Korea,477000,566343,10760517,5.84,2.5,18-34,Mixed,2841.0,2,상승,2026-01-27,확인필요,9,3.0,매크로,PPL,2026-06-13,449666,https://yt3.ggpht.com/EO-wSaTfEiN2iqzgA-dMsLD3fI0e6zOJpytXLZpcLIXEWBgAzfk_iPNT9wIIEU8BeDtDg3WnqQ=s240-c-k-c0x00ffffff-no-rj,UCFkAwpvztBaAEzwyDimpDiA,https://www.youtube.com/channel/UCFkAwpvztBaAEzwyDimpDiA
CR_YT_1454,카페노예 jun,@yt_ucsr86kh,YouTube,라이프스타일,일상,Korea,477000,522302,9401436,4.66,4.9,18-34,Mixed,12531.0,2,하락,2026-04-20,없음,39,3.7,매크로,PPL,2026-06-13,261789,https://yt3.ggpht.com/ytc/AIdro_nN9oGpBEeMYvrb4uciBzNC0LYRQpwxkK6Gxs8_GaY2Rvo=s240-c-k-c0x00ffffff-no-rj,UCsr86khxLo3PUkMKDtvZDyw,https://www.youtube.com/channel/UCsr86khxLo3PUkMKDtvZDyw
CR_YT_1455,리씨네,@yt_ucfdj6zy,YouTube,엔터테인먼트,브이로그,Korea,475000,1106290,12169190,4.81,4.6,18-34,Mixed,10382.0,20,유지,2026-03-28,없음,37,4.2,매크로,브랜디드콘텐츠,2026-06-13,532326,https://yt3.ggpht.com/MLZdMPSgDO8_W7sg00uBCSlSY3OjSOL0p3V84K4tt2ltFeqAIzhEzgSsU8ggh44cv9bZ7T5-vg=s240-c-k-c0x00ffffff-no-rj,UCfDJ6zy3AZ1afT9FV0mwMOA,https://www.youtube.com/channel/UCfDJ6zy3AZ1afT9FV0mwMOA
CR_YT_1456,가오니의 메뉴판GAONI,@yt_ucj66ava,YouTube,엔터테인먼트,브이로그,Korea,475000,639386,7033246,4.1,4.2,18-34,Mixed,6716.0,8,상승,2026-01-16,없음,39,4.2,매크로,PPL,2026-06-13,258049,https://yt3.ggpht.com/ytc/AIdro_lwGX01n65-Xl5TCDJAi0g86Fu4tqfRSY9ahV8vd1GRVlI=s240-c-k-c0x00ffffff-no-rj,UCJ66AvaHJ2pHD_-AyUailuQ,https://www.youtube.com/channel/UCJ66AvaHJ2pHD_-AyUailuQ
CR_YT_1457,고양이산책,@yt_uca2lu4a,YouTube,라이프스타일,일상,Korea,475000,386597,5412358,4.47,4.7,18-34,Mixed,724.0,12,상승,2026-01-22,없음,14,5.0,매크로,PPL,2026-06-13,235010,https://yt3.ggpht.com/Fz_y_G3GzWLyXxkHwhraes7SurPwKq3ybnv68cs_AO-PdZQohUKj_3AgsyV1r11Zk-EjmInZuMU=s240-c-k-c0x00ffffff-no-rj,UCa2LU4aoi3Nr1cYLMnMFONw,https://www.youtube.com/channel/UCa2LU4aoi3Nr1cYLMnMFONw
CR_YT_1458,쿡쿡티비 Cook Cook TV,@yt_ucrlr4hl,YouTube,푸드,레시피,Korea,475000,420875,7575750,1.94,3.9,18-34,Mixed,6204.0,4,유지,2026-05-19,없음,15,5.0,매크로,제품리뷰,2026-06-13,325372,https://yt3.ggpht.com/USL5_gYAwJ0F5GNzmX90dkCi8DXcWjT5DXg6DyxneBMzyf2Hc2Rhhxblds3zCSYk1_cUTh9T6lQ=s240-c-k-c0x00ffffff-no-rj,UCRLr4hLUeDQlV1WoR-6GJuQ,https://www.youtube.com/channel/UCRLr4hLUeDQlV1WoR-6GJuQ
CR_YT_1459,홍윤화 김민기 꽁냥꽁냥,@yt_ucfdyure,YouTube,엔터테인먼트,예능,Korea,474000,141065,2115975,5.99,3.2,18-34,Mixed,11666.0,2,상승,2026-03-25,없음,9,4.5,매크로,브랜디드콘텐츠,2026-06-13,95637,https://yt3.ggpht.com/UGeou1OilvvTwOgsNuDk4bcViCpstBb5RjmoKRFiCslfq8c4R1f_tBrcZbmt7H-fTSC7iurfwQ=s240-c-k-c0x00ffffff-no-rj,UCfdYUREZlc8p5p2hXX8YD7Q,https://www.youtube.com/channel/UCfdYUREZlc8p5p2hXX8YD7Q
CR_YT_1460,살림남 The Life,@yt_uckewste,YouTube,뷰티,메이크업,Korea,474000,484429,8235293,4.15,3.8,18-34,Female,11702.0,1,유지,2026-06-09,없음,40,3.2,매크로,PPL,2026-06-13,268621,https://yt3.ggpht.com/WrJBPrtpHgCFZRzuXuYS2Nmng_oaBmj3nvIg6RNnAEYuEDJ4AIMFgrUwqRQWdZTEcf3KhGh6=s240-c-k-c0x00ffffff-no-rj,UCkEWsTetbUuGDg_O1S5UVBg,https://www.youtube.com/channel/UCkEWsTetbUuGDg_O1S5UVBg
CR_YT_1461,나도나도DoDo,@yt_uch5swfp,YouTube,라이프스타일,브이로그,Korea,473000,260631,4430727,6.77,4.6,18-34,Mixed,1048.0,2,유지,2026-05-19,없음,13,4.5,매크로,PPL,2026-06-13,159402,https://yt3.ggpht.com/ytc/AIdro_lixsv0N1PDzftV_g4PUQw3gMPo7xQnbH7Xan1Uz2a4yMk=s240-c-k-c0x00ffffff-no-rj,UCh5Swfph2irzVHOoxwT8EQA,https://www.youtube.com/channel/UCh5Swfph2irzVHOoxwT8EQA
CR_YT_1462,TVING SPORTS,@yt_uc8jtqf7,YouTube,피트니스,다이어트,Korea,473000,140758,1970612,5.29,4.1,25-44,Mixed,4823.0,12,하락,2026-01-22,없음,23,5.0,매크로,제품리뷰,2026-06-13,90812,https://yt3.ggpht.com/o-lu5v2BlCbPxbHLpbnO_PGedFB3RjU63t02B7eHlU6AgRqoZssrnVhKIbnCQEsSkrC1yCIg2kc=s240-c-k-c0x00ffffff-no-rj,UC8JtQf77wqhVpOQ8Cze8JjA,https://www.youtube.com/channel/UC8JtQf77wqhVpOQ8Cze8JjA
CR_YT_1463,GO지승,@yt_uc32bc-6,YouTube,뷰티,메이크업,Korea,473000,274739,3296868,5.51,3.5,18-34,Female,6900.0,20,유지,2026-05-20,없음,7,5.0,매크로,제품리뷰,2026-06-13,103603,https://yt3.ggpht.com/Vx7rjvs8SLsI9CKhK1qg7xpbOelAMZwDnhShQqrGogQnZQq4T1C9wOZSf6hTAoM3MowmilA4fQ=s240-c-k-c0x00ffffff-no-rj,UC32Bc-64lV0NTREsbdbWacg,https://www.youtube.com/channel/UC32Bc-64lV0NTREsbdbWacg
CR_YT_1464,쫑알쫑알 똘똘이TV · Toritori,@yt_uc1kylei,YouTube,엔터테인먼트,브이로그,Korea,473000,901639,12622946,4.32,3.6,18-34,Mixed,9426.0,16,유지,2026-06-07,확인필요,16,3.5,매크로,브랜디드콘텐츠,2026-06-13,426363,https://yt3.ggpht.com/lA5bmJGGgX_F9QXygPQwv27xsTq_RAabK8MhufR_HmgOOpCJ6e46gCFF87a9NpMXr3gNO8TcnA=s240-c-k-c0x00ffffff-no-rj,UC1KyleI8bKHeY-lnjM9YT1Q,https://www.youtube.com/channel/UC1KyleI8bKHeY-lnjM9YT1Q
CR_YT_1465,ProjectMoon Official,@yt_ucpqyr6h,YouTube,게임,e스포츠,Korea,473000,456852,4111668,5.81,3.4,18-34,Male,8359.0,12,하락,2026-05-10,없음,39,4.2,매크로,스폰서십,2026-06-13,164958,https://yt3.ggpht.com/ytc/AIdro_lOoh9z8JAXEIkYkpOo8Tm-g8HSMnchgqH77srGDxJ_PQ=s240-c-k-c0x00ffffff-no-rj,UCpqyr6h4RCXCEswHlkSjykA,https://www.youtube.com/channel/UCpqyr6h4RCXCEswHlkSjykA
CR_YT_1466,권혁수 감성,@yt_uc-tf6zl,YouTube,엔터테인먼트,리액션,Korea,472000,271816,4077240,1.73,4.5,18-34,Mixed,7662.0,4,상승,2026-04-13,없음,38,4.2,매크로,브랜디드콘텐츠,2026-06-13,163494,https://yt3.ggpht.com/ytc/AIdro_nFSQqrOzoxWQ5BFKmFD8k7QDf07ZVN4iKwOAISPPX8NQ=s240-c-k-c0x00ffffff-no-rj,UC-tf6zl3dN2oTpvdTnBKScA,https://www.youtube.com/channel/UC-tf6zl3dN2oTpvdTnBKScA
CR_YT_1467,이루의 마인크래프트,@yt_uc6af-sk,YouTube,게임,게임플레이,Korea,472000,757575,13636350,5.5,2.7,18-34,Male,10122.0,1,유지,2026-06-08,없음,22,4.0,매크로,스폰서십,2026-06-13,377438,https://yt3.ggpht.com/LnNpTFsDG_g-quBfG2gC62Xs52g3prQemRUuERRMkz-ihyJbpJzHlR08SB2LAkeIyIdZIjk8=s240-c-k-c0x00ffffff-no-rj,UC6aF-skLT_1X6cdPJxVJXxQ,https://www.youtube.com/channel/UC6aF-skLT_1X6cdPJxVJXxQ
CR_YT_1468,중카TV,@yt_uc7zsfbp,YouTube,테크,언박싱,Korea,471000,683030,8879390,5.05,2.1,25-44,Male,8356.0,1,유지,2026-03-06,없음,15,4.0,매크로,언박싱협찬,2026-06-13,349234,https://yt3.ggpht.com/XHouU9w8D_IrFr8N7g1NVjl8d-hbIsR3oq3nPsDYnvgB_m8ga7YgGjzARkJGtSEAIZCdGscA6w=s240-c-k-c0x00ffffff-no-rj,UC7zSFbp9Y3SOEEAh1PAmjgg,https://www.youtube.com/channel/UC7zSFbp9Y3SOEEAh1PAmjgg
CR_YT_1469,인공지능수학 깨봉,@yt_ucufmvgt,YouTube,교육,스터디,Korea,471000,60076,600760,3.65,3.8,25-44,Mixed,12321.0,2,유지,2026-06-12,없음,13,4.5,매크로,제품리뷰,2026-06-13,27113,https://yt3.ggpht.com/ytc/AIdro_mjElGENJtCUzaCeo4_jrxiDJrHWYJ5nUWmYoEyTqW7sVw=s240-c-k-c0x00ffffff-no-rj,UCufMvGtKg2hoTs0h1Ti5cxg,https://www.youtube.com/channel/UCufMvGtKg2hoTs0h1Ti5cxg
CR_YT_1470,"가은아 뭐하니 [ KANI, 蟹ちゃん]",@yt_uc0v9rmy,YouTube,라이프스타일,리뷰,Korea,471000,310408,3104080,6.41,4.5,18-34,Mixed,3722.0,20,상승,2026-03-29,없음,30,4.7,매크로,PPL,2026-06-13,121935,https://yt3.ggpht.com/hm4NYlMLZZOGaagIIyQEet9V5COdw0wv0UEmEw4iCGqFqI4otFZvtPGsbqfqRrAVQbu_nc8oTQ=s240-c-k-c0x00ffffff-no-rj,UC0v9RmyOEr-J8kuu95nQZZw,https://www.youtube.com/channel/UC0v9RmyOEr-J8kuu95nQZZw
CR_YT_1471,미라클TV,@yt_uclhwmfg,YouTube,게임,게임리뷰,Korea,470000,168463,2358482,1.14,4.0,18-34,Male,5399.0,4,유지,2026-04-10,없음,16,5.0,매크로,스폰서십,2026-06-13,64079,https://yt3.ggpht.com/ytc/AIdro_l-rrP5P_IcfDAE-o-iZU4Z_1q97-ABpB67Tr28yAGyVdo=s240-c-k-c0x00ffffff-no-rj,UCLHwMFguUxHVSk91vzicEJw,https://www.youtube.com/channel/UCLHwMFguUxHVSk91vzicEJw
CR_YT_1472,쵸쵸우,@yt_uczop3s1,YouTube,게임,게임리뷰,Korea,470000,77951,779510,1.87,4.8,18-34,Male,9315.0,2,유지,2026-05-10,없음,19,4.5,매크로,제품리뷰,2026-06-13,35806,https://yt3.ggpht.com/d8UJeYI3MJnbErYzF_7XZ7S6KydYe7yX8rgrMvQElLc5QOKXI1xCD0lnnD00oZwZ8bg8IEmVpQ=s240-c-k-c0x00ffffff-no-rj,UCzoP3s16B9hP7f_qIc6DReQ,https://www.youtube.com/channel/UCzoP3s16B9hP7f_qIc6DReQ
CR_YT_1473,김종호 쇼츠,@yt_ucnkvju0,YouTube,라이프스타일,일상,Korea,469000,553977,4985793,3.63,3.1,18-34,Mixed,14366.0,16,하락,2026-06-06,없음,36,4.2,매크로,PPL,2026-06-13,181475,https://yt3.ggpht.com/YYG6aquXn7M-kffKIj-jYaQqS5VMPzjKiltczXFPpZHRjXsoR0pkMgV0bihdjRT3KIcPplxTMI4=s240-c-k-c0x00ffffff-no-rj,UCnKVju0ZtvidQC5tIEOjuYg,https://www.youtube.com/channel/UCnKVju0ZtvidQC5tIEOjuYg
CR_YT_1474,어썸블리스 AwesomeBLISS,@yt_uc80zfrp,YouTube,피트니스,운동,Korea,469000,114204,1484652,6.68,2.9,25-44,Mixed,4946.0,4,하락,2026-01-29,확인필요,19,3.5,매크로,제품리뷰,2026-06-13,60830,https://yt3.ggpht.com/JDEnmQVLbnIEx5UT9txXAq8shNUCWBt66CKMLL4zw9uApmsK2FUGxPmJ7lNtgNy3_CIYGxnq=s240-c-k-c0x00ffffff-no-rj,UC80zFRpqbg1rmuQUbO6HABQ,https://www.youtube.com/channel/UC80zFRpqbg1rmuQUbO6HABQ
CR_YT_1475,Core-A Gaming,@yt_uct7njg_,YouTube,게임,게임리뷰,Korea,468000,281526,4222890,1.82,2.6,18-34,Male,4402.0,20,상승,2026-02-23,없음,26,4.7,매크로,스폰서십,2026-06-13,157556,https://yt3.ggpht.com/ytc/AIdro_nJTO8mPZ50ap5vnhmnDhqppR3DYY8G46S1GJVKnY7Mz24=s240-c-k-c0x00ffffff-no-rj,UCT7njg__VOy3n-SvXemDHvg,https://www.youtube.com/channel/UCT7njg__VOy3n-SvXemDHvg
CR_YT_1476,말량,@yt_ucisrvj5,YouTube,게임,게임플레이,Korea,467000,326797,4575158,3.1,3.4,18-34,Male,3641.0,4,상승,2026-04-18,없음,25,5.0,매크로,제품리뷰,2026-06-13,139589,https://yt3.ggpht.com/DKrOn9DBcO5-K90L_ZwmX966-00vHite85RBZr8jRfQA_-SoeSWOZrfFjyKdE8d02oVS1VzV=s240-c-k-c0x00ffffff-no-rj,UCIsrVj53L57rcLAPOre4Xhg,https://www.youtube.com/channel/UCIsrVj53L57rcLAPOre4Xhg
CR_YT_1477,무지개맛 Rainbow Flavor,@yt_uccr_wz0,YouTube,게임,e스포츠,Korea,467000,817518,12262770,8.1,2.3,18-34,Male,5101.0,20,상승,2026-02-08,없음,32,4.7,매크로,스폰서십,2026-06-13,494389,https://yt3.ggpht.com/ytc/AIdro_k-Hw_H-CzJrGyOQKWARuZihnz5CYV09mRkQInBAiBxehQ=s240-c-k-c0x00ffffff-no-rj,UCcR_wZ0zimC6UT8VO0KcS8Q,https://www.youtube.com/channel/UCcR_wZ0zimC6UT8VO0KcS8Q
CR_YT_1478,The Saturn Girl 🪐,@yt_ucq8tmxl,YouTube,엔터테인먼트,브이로그,Korea,467000,190861,3626359,6.92,2.9,18-34,Mixed,5631.0,20,유지,2026-06-01,확인필요,10,3.5,매크로,브랜디드콘텐츠,2026-06-13,157744,https://yt3.ggpht.com/1rIx4DzoDMXnu7FM5pp2hpWinsxcV09RoFgudMkv-aOrxWv3n7hAC_Qz5JJpjHMecyyk6fPHJA=s240-c-k-c0x00ffffff-no-rj,UCQ8TmXLWf1Ak268q6cMshLw,https://www.youtube.com/channel/UCQ8TmXLWf1Ak268q6cMshLw
CR_YT_1479,엣지EDGE,@yt_uc9n7pi1,YouTube,라이프스타일,리뷰,Korea,467000,208842,3341472,0.98,4.2,18-34,Mixed,5734.0,2,상승,2026-04-13,확인필요,35,2.7,매크로,브랜디드콘텐츠,2026-06-13,114837,https://yt3.ggpht.com/YIZHbo3hlj-a0vkAyLWMWz1QXY6usjYBpzNfbQU8QS5_wx6fEJLyMKVIhur9K7xrecc88uLNSAc=s240-c-k-c0x00ffffff-no-rj,UC9n7pI1ojiZPNzyc3aKlEAQ,https://www.youtube.com/channel/UC9n7pI1ojiZPNzyc3aKlEAQ
CR_YT_1480,문방구TV,@yt_ucowj0ma,YouTube,엔터테인먼트,브이로그,Korea,466000,335781,3357810,7.98,3.7,18-34,Mixed,14355.0,20,하락,2026-05-18,없음,32,4.7,매크로,PPL,2026-06-13,148093,https://yt3.ggpht.com/fYmHQhgjlU1vcAD7Ic90RoRFLasna92rh0gOE85356LDGe6056PCbyHE0SqYMcOgTm_-R-kB=s240-c-k-c0x00ffffff-no-rj,UCOWJ0MAhLuZyCJ0EoTAUJUA,https://www.youtube.com/channel/UCOWJ0MAhLuZyCJ0EoTAUJUA
CR_YT_1481,Drawing Hands (Jeon Sookyoung),@yt_ucq-ju-f,YouTube,뷰티,뷰티리뷰,Korea,466000,170988,2564820,7.4,2.4,18-34,Female,14756.0,16,유지,2026-05-31,없음,26,4.7,매크로,PPL,2026-06-13,76574,https://yt3.ggpht.com/ytc/AIdro_n95zNBqf_vnCKUGiqAWlbU909OeFPAIE_VPmmN_dK3Gw=s240-c-k-c0x00ffffff-no-rj,UCQ-Ju-faRRBXsSgsR2lH6cw,https://www.youtube.com/channel/UCQ-Ju-faRRBXsSgsR2lH6cw
CR_YT_1482,1등미디어,@yt_uckg-bpd,YouTube,엔터테인먼트,예능,Korea,465000,240673,3369422,6.87,3.0,18-34,Mixed,2369.0,16,하락,2026-04-20,없음,23,5.0,매크로,브랜디드콘텐츠,2026-06-13,154451,https://yt3.ggpht.com/_vHv6aaN2OtnH6A8BYj_Yjh7958t_PgDK5rXLvEFD3zVYWeVWbPE-eT5tsTEwwcpJA10DGpM3IY=s240-c-k-c0x00ffffff-no-rj,UCkG-Bpd44jV22xkAhzo0n9g,https://www.youtube.com/channel/UCkG-Bpd44jV22xkAhzo0n9g
CR_YT_1483,여단오_yeodano,@yt_uc9lvaan,YouTube,라이프스타일,리뷰,Korea,465000,824372,10716836,7.96,2.0,18-34,Mixed,4949.0,1,상승,2026-01-19,없음,7,4.0,매크로,PPL,2026-06-13,256409,https://yt3.ggpht.com/ytc/AIdro_nLv-iuMBmeHrQEN6ZT59JGe23nmjDkI9_Mq9OWUacmTkg=s240-c-k-c0x00ffffff-no-rj,UC9lvAaNolKlm-uTNqvZYi4A,https://www.youtube.com/channel/UC9lvAaNolKlm-uTNqvZYi4A
CR_YT_1484,남욱이의 욱기는 일상 KNW,@yt_uciu2ghn,YouTube,엔터테인먼트,버라이어티,Korea,465000,203539,2238929,7.52,4.6,18-34,Mixed,13093.0,20,상승,2026-03-24,없음,12,5.0,매크로,브랜디드콘텐츠,2026-06-13,59092,https://yt3.ggpht.com/ytc/AIdro_nbBX8dI8KrJqGIgRYDu5a4ER3RAXWAym5lhObJ988n1tU=s240-c-k-c0x00ffffff-no-rj,UCIU2ghnE-3MMhLTlh_7hzZQ,https://www.youtube.com/channel/UCIU2ghnE-3MMhLTlh_7hzZQ
CR_YT_1485,필름에빠지다,@yt_ucjfthte,YouTube,엔터테인먼트,리액션,Korea,464000,395683,5143879,4.67,3.9,18-34,Mixed,10389.0,8,유지,2026-05-14,없음,40,4.2,매크로,PPL,2026-06-13,177698,https://yt3.ggpht.com/ytc/AIdro_n67t5ge_oPNVz8QtrrQkVUv6EXlEdpFj1HQwBrZcqTdbo=s240-c-k-c0x00ffffff-no-rj,UCJfthTE-ACoZJPVgwyw_hsw,https://www.youtube.com/channel/UCJfthTE-ACoZJPVgwyw_hsw
CR_YT_1486,프제짱 PzZZang,@yt_uchd2kf1,YouTube,게임,게임플레이,Korea,464000,116661,1866576,3.59,3.9,18-34,Male,14465.0,16,상승,2026-06-13,없음,36,4.2,매크로,스폰서십,2026-06-13,70421,https://yt3.ggpht.com/iS863d0nX9p5ZPa5JzYXzxNeFx_afHmvjNBnCYai0Jnnpkbpbnbh6syturGJU0ZxsQLSrz3iQw=s240-c-k-c0x00ffffff-no-rj,UChD2kf1XO2sxR4t4s_oPPMA,https://www.youtube.com/channel/UChD2kf1XO2sxR4t4s_oPPMA
CR_YT_1487,침착맨 원본 박물관,@yt_ucewitub,YouTube,엔터테인먼트,리액션,Korea,463000,126397,2527940,8.1,3.9,18-34,Mixed,12766.0,2,상승,2026-02-23,없음,5,4.5,매크로,PPL,2026-06-13,85001,https://yt3.ggpht.com/UbQKBZo90ej_FI_Rvps-n05TFPKEXiUz3QHYdGPsq58PxxN6DYZGHkfnZ-wDyZUL1fo-sW3k=s240-c-k-c0x00ffffff-no-rj,UCewitUbsXnyjvJjGgxa0IYw,https://www.youtube.com/channel/UCewitUbsXnyjvJjGgxa0IYw
CR_YT_1488,쑈옷,@yt_uc2pcyp-,YouTube,엔터테인먼트,버라이어티,Korea,463000,1248407,11235663,6.94,2.5,18-34,Mixed,3261.0,12,상승,2026-06-05,없음,11,5.0,매크로,브랜디드콘텐츠,2026-06-13,400019,https://yt3.ggpht.com/Qh7jJWDsPJD6KCN3BUUvl3JomFa0ArSJ4ICvFbET6XaqXhiioUa4YYb_vZvaZw9pwbJ32nrA=s240-c-k-c0x00ffffff-no-rj,UC2PCyP-r5Lw3eCXHjhSthLA,https://www.youtube.com/channel/UC2PCyP-r5Lw3eCXHjhSthLA
CR_YT_1489,바른건강,@yt_uckart3b,YouTube,엔터테인먼트,버라이어티,Korea,463000,40634,406340,5.66,3.9,18-34,Mixed,11205.0,12,상승,2026-03-09,확인필요,10,3.5,매크로,PPL,2026-06-13,17812,https://yt3.ggpht.com/HAc4zyTc8ZbChmWsoiXTC5WbjbIxy7ZpTOnxyIW82AEvht74EFxwcz1CWK2V2riCo6Sz7z7A_u8=s240-c-k-c0x00ffffff-no-rj,UCkARt3BEOlHCNtLPVuKZgQA,https://www.youtube.com/channel/UCkARt3BEOlHCNtLPVuKZgQA
CR_YT_1490,주펄,@yt_ucfsyerb,YouTube,라이프스타일,리뷰,Korea,463000,111856,1677840,6.24,3.4,18-34,Mixed,7339.0,1,하락,2026-04-27,없음,39,3.2,매크로,PPL,2026-06-13,45419,https://yt3.ggpht.com/Dk0mY3xo-rX6ABOtskU8FluYog0S2A6kj9evdCKjfg7GIRHOWrAQzUzIWF3btdHdPXEmCKYRDg=s240-c-k-c0x00ffffff-no-rj,UCFsyeRb-ShbdPQ2azhd6-fg,https://www.youtube.com/channel/UCFsyeRb-ShbdPQ2azhd6-fg
CR_YT_1491,KBO,@yt_ucovz66y,YouTube,피트니스,다이어트,Korea,462000,42727,427270,7.7,3.4,25-44,Mixed,5766.0,4,유지,2026-04-08,없음,21,5.0,매크로,제품리뷰,2026-06-13,17814,https://yt3.ggpht.com/B9wwsvK3jRoF7LIVQbFXaokckRPv8zSOzz-ygpFI9jawrJkjfRvg1_rpen7Mi95ZbvJUqd4U5w=s240-c-k-c0x00ffffff-no-rj,UCoVz66yWHzVsXAFG8WhJK9g,https://www.youtube.com/channel/UCoVz66yWHzVsXAFG8WhJK9g
CR_YT_1492,ONEWE,@yt_ucj-dtq6,YouTube,엔터테인먼트,브이로그,Korea,462000,160320,1603200,8.04,3.0,18-34,Mixed,11745.0,12,유지,2026-01-27,없음,10,5.0,매크로,브랜디드콘텐츠,2026-06-13,69681,https://yt3.ggpht.com/Wh9AAzEZZSS2Nq15i8MRoW-5zChrA_CFVDPN_yoZdlQvclg81yW9IBZ8eeWq5fVplTvLOR2oYOE=s240-c-k-c0x00ffffff-no-rj,UCj-dtq6jHfj4_fufifPzMEQ,https://www.youtube.com/channel/UCj-dtq6jHfj4_fufifPzMEQ
CR_YT_1493,로빈의 역사 기록 / Robin's Historical Records,@yt_ucty-6pf,YouTube,교육,스터디,Korea,462000,87576,1226064,7.45,4.2,25-44,Mixed,7129.0,1,상승,2026-02-25,없음,35,3.7,매크로,스폰서십,2026-06-13,30127,https://yt3.ggpht.com/AaeOoBD3gr7WOTSgTx0wLcpdcVVjxluWVuvHbEeFaUdHn3Obd2dv-O5Qz1biuEKkttVIukoy6Q=s240-c-k-c0x00ffffff-no-rj,UCTy-6Pfkmv5fLTMOm04tw4g,https://www.youtube.com/channel/UCTy-6Pfkmv5fLTMOm04tw4g
CR_YT_1494,가재맨,@yt_ucnkytug,YouTube,게임,e스포츠,Korea,461000,205448,3492616,8.23,4.9,18-34,Male,2750.0,1,하락,2026-04-16,없음,25,4.0,매크로,제품리뷰,2026-06-13,134905,https://yt3.ggpht.com/JFuMuaxSMqitJ1re1rCEm88npDkhaO583gEoLJu6BRKrUhfId3_fNruIk_NE7yRqvvpYieqN32s=s240-c-k-c0x00ffffff-no-rj,UCnkytUgy0CtWd06up9CjNxg,https://www.youtube.com/channel/UCnkytUgy0CtWd06up9CjNxg
CR_YT_1495,키다리아저씨,@yt_ucc4potj,YouTube,라이프스타일,브이로그,Korea,461000,1142857,11428570,6.36,4.4,18-34,Mixed,3926.0,16,하락,2026-02-12,없음,9,5.0,매크로,PPL,2026-06-13,521424,https://yt3.ggpht.com/si1_pX_L0cuqlIBZgSIiuGKeseOzXkTdVjOZseyZC39EpsU1TLO98N5wcUbdZS3iwKkFg--U=s240-c-k-c0x00ffffff-no-rj,UCC4POtJBVTbXEGKy3ambmhg,https://www.youtube.com/channel/UCC4POtJBVTbXEGKy3ambmhg
CR_YT_1496,EBS 건강,@yt_uckdvqf-,YouTube,뷰티,스킨케어,Korea,461000,124610,1619930,6.12,2.7,18-34,Female,8561.0,12,유지,2026-02-01,없음,39,4.2,매크로,PPL,2026-06-13,62492,https://yt3.ggpht.com/CkEcSIr0WJu91Hd6mFpKKEztYiz81k0xaTSRfzknw_YZkugw9u34WISgSrq2YoC3uVuGFuwM=s240-c-k-c0x00ffffff-no-rj,UCKdvqF-mmgiifS_pinO_bRA,https://www.youtube.com/channel/UCKdvqF-mmgiifS_pinO_bRA
CR_YT_1497,iQIYI K-Drama - Get the iQIYI APP,@yt_ucz7hobz,YouTube,엔터테인먼트,예능,Korea,461000,69387,1040805,4.2,4.2,18-34,Mixed,6200.0,8,상승,2026-03-08,없음,19,5.0,매크로,PPL,2026-06-13,41887,https://yt3.ggpht.com/gPV9gjyr5aUkWyhquPhTLvLrU0KSVhE2RAYFWxgyShuO7EE4TmkPP_CJumXk1lJxEIbxwNgd=s240-c-k-c0x00ffffff-no-rj,UCz7hobzG52m9LBH0kF0uElw,https://www.youtube.com/channel/UCz7hobzG52m9LBH0kF0uElw
CR_YT_1498,오눅onuk,@yt_uc3qz64d,YouTube,라이프스타일,일상,Korea,460000,233442,2801304,8.12,3.5,18-34,Mixed,6979.0,16,하락,2026-02-17,없음,12,5.0,매크로,PPL,2026-06-13,103118,https://yt3.ggpht.com/ytc/AIdro_lz1CAArm2UHkM6c1UsogwgDenC-8oEDCbtT1BwSM6WPj0=s240-c-k-c0x00ffffff-no-rj,UC3qZ64dp-kyHwCygqZdTp1w,https://www.youtube.com/channel/UC3qZ64dp-kyHwCygqZdTp1w
CR_YT_1499,춤추는예삐🎵,@yt_ucuspywx,YouTube,라이프스타일,브이로그,Korea,460000,116792,1985464,1.06,2.2,18-34,Mixed,13705.0,2,상승,2026-03-25,없음,34,4.2,매크로,브랜디드콘텐츠,2026-06-13,54403,https://yt3.ggpht.com/Ln85Tz1BRn749yrXZBq2rIifpQGokKTTQgbASa3vQ_pepnJLAiaWG1-u5MycomgZ0j4eVVsdEg=s240-c-k-c0x00ffffff-no-rj,UCUSpYwxRtHqxeupSQyeNspw,https://www.youtube.com/channel/UCUSpYwxRtHqxeupSQyeNspw
CR_YT_1500,Rose ASMR,@yt_uci5wxie,YouTube,라이프스타일,브이로그,Korea,460000,117521,1175210,4.97,4.7,18-34,Mixed,12279.0,2,상승,2026-04-12,없음,13,4.5,매크로,브랜디드콘텐츠,2026-06-13,43314,https://yt3.ggpht.com/45_4MFTTRmYwz0EtFwW0OBC2DZ_2yehfm1PbZQ74nXBDCwXp8ejgGW6Rl25NvCS3VWQX848G=s240-c-k-c0x00ffffff-no-rj,UCi5wxIemQowskKz66ib30_A,https://www.youtube.com/channel/UCi5wxIemQowskKz66ib30_A
CR_YT_1501,LUCAS,@yt_ucrpm65i,YouTube,엔터테인먼트,브이로그,Korea,459000,151831,2884789,7.4,3.6,18-34,Mixed,4347.0,2,하락,2026-05-13,없음,7,4.5,매크로,PPL,2026-06-13,120527,https://yt3.ggpht.com/sjjYazS8I5vq4f2tJ9ws6-e6FgirKYRPBH4OH93MWgf3hv1Bs5u54F3thyR-37LA_cCUHBTt=s240-c-k-c0x00ffffff-no-rj,UCrpM65if0cKlKiMdO_7nxUw,https://www.youtube.com/channel/UCrpM65if0cKlKiMdO_7nxUw
CR_YT_1502,악녀,@yt_ucvxoedk,YouTube,게임,e스포츠,Korea,458000,146198,2339168,5.05,3.0,18-34,Male,5682.0,2,상승,2026-01-16,없음,28,4.2,매크로,스폰서십,2026-06-13,82193,https://yt3.ggpht.com/F3QAHi3wc6jrPp4ozmxmmsOkOWRb0k6p26FVm3mnTYDv4dLH4yMgvhZXwqhoP9wiRrlcx2QRdw=s240-c-k-c0x00ffffff-no-rj,UCvXoedkUpd2frzLnZgpx1zw,https://www.youtube.com/channel/UCvXoedkUpd2frzLnZgpx1zw
CR_YT_1503,리그 오브 레전드,@yt_ucoolkg0,YouTube,게임,게임리뷰,Korea,458000,216400,4328000,6.5,5.0,18-34,Male,4533.0,20,유지,2026-01-21,없음,7,5.0,매크로,스폰서십,2026-06-13,185598,https://yt3.ggpht.com/Gv0PLXU30_EkJ-3nCENj1ltm7iTEZOUssvTTQTlIvCZcgQC7St35hM_-SWkzWGmgfwUMBigt=s240-c-k-c0x00ffffff-no-rj,UCooLkG0FfrkPBQsSuC95L6w,https://www.youtube.com/channel/UCooLkG0FfrkPBQsSuC95L6w
CR_YT_1504,주둥이방송 쇼츠,@yt_ucokr541,YouTube,엔터테인먼트,예능,Korea,458000,883612,15021404,5.09,2.3,18-34,Mixed,2864.0,1,상승,2026-02-08,없음,27,3.7,매크로,브랜디드콘텐츠,2026-06-13,650241,https://yt3.ggpht.com/58Fakj810Qnn_yhYamYbBYyxfCSpR7Btsz9c4-kw7lWtZaTVzXHHPnnRg7w8dwSnQ9w2WmQx=s240-c-k-c0x00ffffff-no-rj,UCOkr541W3GBtVwLP0aNpJbw,https://www.youtube.com/channel/UCOkr541W3GBtVwLP0aNpJbw
CR_YT_1505,Sinar Harian,@yt_ucy4wxcg,YouTube,라이프스타일,일상,Korea,458000,4559,82062,6.73,4.2,18-34,Mixed,1841.0,12,상승,2026-05-11,없음,27,4.7,매크로,브랜디드콘텐츠,2026-06-13,3019,https://yt3.ggpht.com/830A9lCBfLXn1-WeLEC53sOv1nGsoX5EAhIaXGqtWj8NDP_4njNBD1G4mhQLG9adcIpBbgGG=s240-c-k-c0x00ffffff-no-rj,UCY4WxCgJjIJghSQifLSs3yg,https://www.youtube.com/channel/UCY4WxCgJjIJghSQifLSs3yg
CR_YT_1506,광주KBS,@yt_ucba2vak,YouTube,엔터테인먼트,브이로그,Korea,457000,43167,474837,7.09,4.7,18-34,Mixed,1698.0,12,하락,2026-06-05,없음,31,4.7,매크로,브랜디드콘텐츠,2026-06-13,11707,https://yt3.ggpht.com/plNQSA0JVQGVRxEOMgyx5SEV0yb_ZFkDS3sa2k_wV9xqI2qlhp6XuWm8dgTa3U1GxUzW_V6A0mk=s240-c-k-c0x00ffffff-no-rj,UCbA2VakFfa-eMFa9YuN6sgg,https://www.youtube.com/channel/UCbA2VakFfa-eMFa9YuN6sgg
CR_YT_1507,라이트하우스,@yt_ucorotlo,YouTube,라이프스타일,일상,Korea,457000,43926,395334,0.89,2.5,18-34,Mixed,2212.0,2,유지,2026-02-05,없음,12,4.5,매크로,브랜디드콘텐츠,2026-06-13,10563,https://yt3.ggpht.com/RTI07FaXNrzAARPcuZcoxxaeCmuxi3w0IQwNjQhaFIs31FOmfgVBkKf0iM-DsFZ2bmyzEBWTVg=s240-c-k-c0x00ffffff-no-rj,UCoROtLOzsB4pAMarab00ANQ,https://www.youtube.com/channel/UCoROtLOzsB4pAMarab00ANQ
CR_YT_1508,핫식당,@yt_ucsfegov,YouTube,라이프스타일,브이로그,Korea,457000,450070,3600560,6.67,4.0,18-34,Mixed,2015.0,1,상승,2026-06-08,없음,12,4.0,매크로,PPL,2026-06-13,93688,https://yt3.ggpht.com/ytc/AIdro_mM14taI3ZULYy3yfRosqq4vGFIDDJcOKGBkHZC8L--6A=s240-c-k-c0x00ffffff-no-rj,UCSfEgovcmL4kl-wFLlaKKRg,https://www.youtube.com/channel/UCSfEgovcmL4kl-wFLlaKKRg
CR_YT_1509,Apple 대한민국,@yt_ucdhwip-,YouTube,테크,IT정보,Korea,457000,161740,3073060,1.59,3.0,25-44,Male,14020.0,16,상승,2026-01-10,없음,38,4.2,매크로,제품리뷰,2026-06-13,73993,https://yt3.ggpht.com/TD4ON5oMwLcYRqqwsVL0YqV8out6hXFzYLe2r3U--fTPOLqFBBXqcVBZj_Vpg4a0QzBRcSMZrA=s240-c-k-c0x00ffffff-no-rj,UCdHwip-Xqhp-nZIywpI67sw,https://www.youtube.com/channel/UCdHwip-Xqhp-nZIywpI67sw
CR_YT_1510,AYACAMPING,@yt_uccdvhat,YouTube,여행,여행브이로그,Korea,456000,364741,4376892,3.95,3.0,25-44,Mixed,7102.0,12,유지,2026-03-14,없음,5,5.0,매크로,스폰서십,2026-06-13,160532,https://yt3.ggpht.com/xgeDP9ozIyOV3R2THdvJoeUxUk49a3tYyGC53kaSq0Zzu3zc4tbs04-Hb0Zqj8AGAuRuzMZBkA=s240-c-k-c0x00ffffff-no-rj,UCCDVhat5xtSPB_rP5AXYVjA,https://www.youtube.com/channel/UCCDVhat5xtSPB_rP5AXYVjA
CR_YT_1511,손앙드레,@yt_ucwjvcmt,YouTube,엔터테인먼트,예능,Korea,455000,41008,410080,2.78,4.4,18-34,Mixed,2539.0,16,유지,2026-02-04,없음,30,4.7,매크로,PPL,2026-06-13,10529,https://yt3.ggpht.com/nZYXLMFYzr0tFtbfKpqqbNC5G3saPHOyJIdC7Yz1Y02eD0S4tBfnvx_8F9W9i-Q4KMLJks__=s240-c-k-c0x00ffffff-no-rj,UCwjVcMTea1yIoZzLdE3Riaw,https://www.youtube.com/channel/UCwjVcMTea1yIoZzLdE3Riaw
CR_YT_1512,배배자매-BaeBae vlog,@yt_ucxe53j9,YouTube,라이프스타일,리뷰,Korea,455000,124675,1246750,3.5,2.1,18-34,Mixed,5818.0,20,유지,2026-01-17,없음,17,5.0,매크로,브랜디드콘텐츠,2026-06-13,46438,https://yt3.ggpht.com/7s7_-yUiXfkmDuBjk7mnMNNzRTWoH8vxVf6XAQQzuYi_5NyoPKKewVJoMVLbwjZeD7MboBw1ZA=s240-c-k-c0x00ffffff-no-rj,UCXe53j9Mq0rAWmbIzOMF9fw,https://www.youtube.com/channel/UCXe53j9Mq0rAWmbIzOMF9fw
CR_YT_1513,헬창극장,@yt_ucccgfu0,YouTube,피트니스,운동,Korea,454000,500000,10000000,5.74,4.4,25-44,Mixed,10571.0,2,유지,2026-02-28,없음,27,4.2,매크로,제품리뷰,2026-06-13,406492,https://yt3.ggpht.com/h2Xu103qTLPAci5yN1b-FbcMzscXonhAEOFcp-xlWz5vn5zamCV7_Hdf66JIHeiXCZboA9xM=s240-c-k-c0x00ffffff-no-rj,UCcCgfu0Vw4DeGIkeiCBG7tg,https://www.youtube.com/channel/UCcCgfu0Vw4DeGIkeiCBG7tg
CR_YT_1514,DanSing DOJIN,@yt_uc12cvww,YouTube,라이프스타일,브이로그,Korea,454000,761666,11424990,2.7,3.3,18-34,Mixed,5817.0,4,유지,2026-01-07,없음,40,4.2,매크로,PPL,2026-06-13,298213,https://yt3.ggpht.com/ytc/AIdro_kCDRCiMWLW_y6GhD9nTCwZxHIH7CkVKZ551XFbuIIO9DM=s240-c-k-c0x00ffffff-no-rj,UC12cVwwjEC1CG4Y8abhr9Xg,https://www.youtube.com/channel/UC12cVwwjEC1CG4Y8abhr9Xg
CR_YT_1515,일분일초,@yt_ucf24nmv,YouTube,엔터테인먼트,예능,Korea,452000,1391386,16696632,7.6,4.3,18-34,Mixed,13988.0,1,유지,2026-06-07,없음,14,4.0,매크로,PPL,2026-06-13,756390,https://yt3.ggpht.com/oWNCy7qa745ZzC2JMY9QkPwKusJvvV2ua9VMZ8qpjyvdr6cZLmxXgpIvHICPeVO_-4mZlZsY=s240-c-k-c0x00ffffff-no-rj,UCF24NMvY6K0wUUaRR2jscQA,https://www.youtube.com/channel/UCF24NMvY6K0wUUaRR2jscQA
CR_YT_1516,버거형,@yt_ucztpmbc,YouTube,엔터테인먼트,브이로그,Korea,452000,84125,841250,4.96,2.8,18-34,Mixed,10962.0,2,상승,2026-06-01,없음,8,4.5,매크로,PPL,2026-06-13,29037,https://yt3.ggpht.com/RZg8Euo2o_kc5bdW5gEwAbvL0a3RwoMUAgVETyQS7L_X-HfxbOZYMrbLWoozyGVTzAntfloFZA=s240-c-k-c0x00ffffff-no-rj,UCZTPmBCj8BLhn0DpzGaz4gA,https://www.youtube.com/channel/UCZTPmBCj8BLhn0DpzGaz4gA
CR_YT_1517,최군TV funny,@yt_ucbfrcxc,YouTube,엔터테인먼트,예능,Korea,452000,85503,684024,1.54,4.6,18-34,Mixed,4285.0,12,상승,2026-03-15,없음,11,5.0,매크로,브랜디드콘텐츠,2026-06-13,22541,https://yt3.ggpht.com/WQpMg3WHstgqRVnKjUElrOu-Qmjckfjvd2O8fZtjMpWAedOd6RXX4oqVfDJFFG7lLVImmU678Kg=s240-c-k-c0x00ffffff-no-rj,UCbfRcXCHe5I2RI6F8XIUQng,https://www.youtube.com/channel/UCbfRcXCHe5I2RI6F8XIUQng
CR_YT_1518,춤선생SIMBA,@yt_ucoz1bdm,YouTube,엔터테인먼트,리액션,Korea,452000,83379,667032,1.5,3.8,18-34,Mixed,11642.0,8,유지,2026-03-20,없음,36,4.2,매크로,PPL,2026-06-13,19450,https://yt3.ggpht.com/wdu0IKsGaOGRf10Z-maDjFzAznoE9I5wRBlzBoiHmLwxbKoMM3jFKgVXu6L3n8QwwDUitA3FrA=s240-c-k-c0x00ffffff-no-rj,UCOZ1bDMkyW0uT73crX2S47A,https://www.youtube.com/channel/UCOZ1bDMkyW0uT73crX2S47A
CR_YT_1519,살빼조DietJo,@yt_uc26qqcg,YouTube,라이프스타일,일상,Korea,451000,904977,15384609,4.04,4.0,18-34,Mixed,12731.0,4,상승,2026-01-28,없음,28,4.7,매크로,브랜디드콘텐츠,2026-06-13,382265,https://yt3.ggpht.com/ytc/AIdro_kPPsAezDZGizWqfd0_cTtUdur1jo7kfvJ6BxizcQUJgA=s240-c-k-c0x00ffffff-no-rj,UC26QQCGh66xFU_NjhYLwdQQ,https://www.youtube.com/channel/UC26QQCGh66xFU_NjhYLwdQQ
CR_YT_1520,멸콩TV,@yt_uc2b0mr5,YouTube,엔터테인먼트,예능,Korea,451000,40893,408930,2.51,3.3,18-34,Mixed,11653.0,1,하락,2026-02-23,없음,7,4.0,매크로,브랜디드콘텐츠,2026-06-13,17525,https://yt3.ggpht.com/9VQAvJhubWbrwi-UZL0Q1Wu3afsLQ8UrlZpnIU7V8qVOafxSCrdkKirJaocpBlikldwMtSKN=s240-c-k-c0x00ffffff-no-rj,UC2B0mR5Xc61GnYKDyvrXZoA,https://www.youtube.com/channel/UC2B0mR5Xc61GnYKDyvrXZoA
CR_YT_1521,1theK Live - 원더케이 라이브,@yt_uckt5aux,YouTube,엔터테인먼트,브이로그,Korea,451000,259579,2076632,6.39,3.2,18-34,Mixed,4504.0,2,상승,2026-04-19,없음,11,4.5,매크로,브랜디드콘텐츠,2026-06-13,87513,https://yt3.ggpht.com/yV8FOkKgH-iKIIx8pn6ouN84RJXq6s_ZNve-saqI1wZmwTezuO7FFJGTLUucP1LlTEBQsisD=s240-c-k-c0x00ffffff-no-rj,UCkt5auxw8j76wvEuH4u-JJg,https://www.youtube.com/channel/UCkt5auxw8j76wvEuH4u-JJg
CR_YT_1522,쩡유 JJeong U,@yt_ucq0mswo,YouTube,라이프스타일,리뷰,Korea,450000,127758,2044128,0.61,2.3,18-34,Mixed,2648.0,16,상승,2026-03-29,없음,28,4.7,매크로,PPL,2026-06-13,49729,https://yt3.ggpht.com/7krbEUdP5MdN9IZhbxV09SAuSmhmhSD7s3thaoslBabqFfTLWSgSstjXGl2g61jzO6vok9ktbA=s240-c-k-c0x00ffffff-no-rj,UCQ0mSWo_PxYUsxX6jKxuDsg,https://www.youtube.com/channel/UCQ0mSWo_PxYUsxX6jKxuDsg
CR_YT_1523,캠핑쥐campingG,@yt_ucbau6-0,YouTube,여행,여행리뷰,Korea,450000,303005,5757095,1.18,3.5,25-44,Mixed,1281.0,8,상승,2026-01-13,없음,33,4.7,매크로,스폰서십,2026-06-13,142499,https://yt3.ggpht.com/ytc/AIdro_nJ4nepK03e0l5VmBnALATw_koWJdgf-PgNZOfIQr7Sg2I=s240-c-k-c0x00ffffff-no-rj,UCbaU6-0RF7FCbNfJtkkbagw,https://www.youtube.com/channel/UCbaU6-0RF7FCbNfJtkkbagw
CR_YT_1524,발스타홍구,@yt_uc4p7f8q,YouTube,게임,게임리뷰,Korea,450000,317545,3810540,4.75,2.8,18-34,Male,3037.0,4,상승,2026-05-25,없음,17,5.0,매크로,제품리뷰,2026-06-13,121020,https://yt3.ggpht.com/iR-z049ol8eSNak9nJ6j6dov6MHNbkIVwubXDmugfzLRqcrE3KYsOQ5gEhnsKcWL9BYa8zBL=s240-c-k-c0x00ffffff-no-rj,UC4P7F8qenDo1O_5NvgBb_cg,https://www.youtube.com/channel/UC4P7F8qenDo1O_5NvgBb_cg
CR_YT_1525,스포츠머그 - SPORTSMUG,@yt_ucuqvgxf,YouTube,피트니스,다이어트,Korea,450000,250134,3501876,4.75,3.6,25-44,Mixed,6728.0,4,유지,2026-02-22,없음,33,4.7,매크로,제품리뷰,2026-06-13,96559,https://yt3.ggpht.com/ytc/AIdro_ns6ZWvjEdBO3M7t6nf75_MluMktEHl3vQO-UsMUFmLdw=s240-c-k-c0x00ffffff-no-rj,UCUQVGXF4U-PupGCPdIRX4Qw,https://www.youtube.com/channel/UCUQVGXF4U-PupGCPdIRX4Qw
CR_YT_1526,가전주부 GJJB,@yt_uc5anq65,YouTube,테크,언박싱,Korea,449000,162224,1460016,3.17,5.0,25-44,Male,2770.0,20,유지,2026-04-11,없음,17,5.0,매크로,언박싱협찬,2026-06-13,53187,https://yt3.ggpht.com/wVY4Gc0eQ3YgDgFHMreSwbAS2CUaincrx4Oajh_QHKqje8gEDrRIwG7ig1UqX2nAj7l_kIQ=s240-c-k-c0x00ffffff-no-rj,UC5aNQ65ADb02zEJxzb_zmYQ,https://www.youtube.com/channel/UC5aNQ65ADb02zEJxzb_zmYQ
CR_YT_1527,과학쿠키 [Science Cookie],@yt_ucmgrymk,YouTube,푸드,레시피,Korea,449000,192724,2698136,1.13,3.8,18-34,Mixed,10642.0,12,유지,2026-01-15,없음,20,5.0,매크로,먹방협찬,2026-06-13,114781,https://yt3.ggpht.com/ytc/AIdro_mPCbbPaXbrY8cMH8Bhb0IPWaiUAg36pi5dGud032mluw=s240-c-k-c0x00ffffff-no-rj,UCmgRYMK5d65PbjN8qkjAUBA,https://www.youtube.com/channel/UCmgRYMK5d65PbjN8qkjAUBA
CR_YT_1528,미남의운전교실,@yt_ucqajjc-,YouTube,테크,언박싱,Korea,449000,65217,782604,3.9,2.9,25-44,Male,12029.0,4,상승,2026-04-30,없음,6,5.0,매크로,언박싱협찬,2026-06-13,25619,https://yt3.ggpht.com/0DztyfkILGf8sfuZebSw6fAME9ewebkudHczTuz60k13q2-IAoPp2ddvHeBz9n94Ko9eFzCT=s240-c-k-c0x00ffffff-no-rj,UCQajJC-D6I3o5ICk1jhxWTg,https://www.youtube.com/channel/UCQajJC-D6I3o5ICk1jhxWTg
CR_YT_1529,JustJerk Dance Academy,@yt_ucywx_ci,YouTube,엔터테인먼트,리액션,Korea,449000,13884,124956,0.8,4.2,18-34,Mixed,14151.0,4,상승,2026-03-22,없음,20,5.0,매크로,브랜디드콘텐츠,2026-06-13,5580,https://yt3.ggpht.com/ytc/AIdro_meavC1UVVhU7v56BHIn9wZ3gKG6qVsg8hMxjYxvjSeUg=s240-c-k-c0x00ffffff-no-rj,UCywx_ciU6E32Y0EKDNHI2zg,https://www.youtube.com/channel/UCywx_ciU6E32Y0EKDNHI2zg
CR_YT_1530,코딩애플,@yt_ucslrpba,YouTube,테크,IT정보,Korea,448000,318840,3507240,6.16,2.9,25-44,Male,9328.0,2,상승,2026-06-03,없음,7,4.5,매크로,언박싱협찬,2026-06-13,136478,https://yt3.ggpht.com/ytc/AIdro_nwJ1atCtmd4bkIhKvnjnY0cVqehB44xMmyVJmSFqXiJ8c=s240-c-k-c0x00ffffff-no-rj,UCSLrpBAzr-ROVGHQ5EmxnUg,https://www.youtube.com/channel/UCSLrpBAzr-ROVGHQ5EmxnUg
CR_YT_1531,발__젭,@yt_ucq9edvh,YouTube,게임,게임플레이,Korea,448000,420841,6312615,3.66,3.8,18-34,Male,3381.0,8,하락,2026-04-17,없음,19,5.0,매크로,제품리뷰,2026-06-13,284169,https://yt3.ggpht.com/ytc/AIdro_n6MM4YiRXnriFfKExeB9bjTTDE3FTD0qHtjz-DPC6lB_o=s240-c-k-c0x00ffffff-no-rj,UCQ9eDVhFn_jq7eTpjf21ouA,https://www.youtube.com/channel/UCQ9eDVhFn_jq7eTpjf21ouA
CR_YT_1532,홀리 holy,@yt_ucgijebb,YouTube,뷰티,스킨케어,Korea,447000,210526,2947364,6.5,2.3,18-34,Female,7532.0,8,상승,2026-05-27,없음,11,5.0,매크로,PPL,2026-06-13,110240,https://yt3.ggpht.com/d4j6Xu7092I3VSMmFa7atf9bESP9GcX4dhCtwvjgNSu2P65dMOyLVfkPtAHvooRsjRDd0LwOnqU=s240-c-k-c0x00ffffff-no-rj,UCGIjeBB5ZLBAhQvDxiZpGmw,https://www.youtube.com/channel/UCGIjeBB5ZLBAhQvDxiZpGmw
CR_YT_1533,견자희 스튜디오,@yt_ucbvkqfb,YouTube,게임,e스포츠,Korea,447000,145985,1751820,7.15,4.3,18-34,Male,10489.0,8,하락,2026-05-30,없음,16,5.0,매크로,스폰서십,2026-06-13,51022,https://yt3.ggpht.com/rBGr6RRLPa_yMWn8vSf2_wyk4-o6NwVm7i2KiBg4y52_kL1KloGZWEdcE4HUIDIW-TwJvqAW=s240-c-k-c0x00ffffff-no-rj,UCBvkQFBskQR9NeOoDYR8ckA,https://www.youtube.com/channel/UCBvkQFBskQR9NeOoDYR8ckA
CR_YT_1534,TVCHOSUN STAR,@yt_uc2zi06y,YouTube,엔터테인먼트,브이로그,Korea,446000,48536,825112,8.47,3.3,18-34,Mixed,13711.0,1,상승,2026-01-07,없음,9,4.0,매크로,브랜디드콘텐츠,2026-06-13,36810,https://yt3.ggpht.com/Zoskc13t259DS6Hk8DePbWUgjj2Q_3ul5b79Iqkm4X33ZXf_vXGa2hD0Z3LGIdC_OcdDjZPyRw=s240-c-k-c0x00ffffff-no-rj,UC2Zi06YjNBM37g8d0IkHPMA,https://www.youtube.com/channel/UC2Zi06YjNBM37g8d0IkHPMA
CR_YT_1535,효닝 Hyoning,@yt_uc5jhgol,YouTube,엔터테인먼트,예능,Korea,445000,223804,2461844,4.62,4.5,18-34,Mixed,6456.0,12,상승,2026-01-25,없음,15,5.0,매크로,PPL,2026-06-13,84284,https://yt3.ggpht.com/ytc/AIdro_kwxEHXWODyTA9HvfMMvDTBT5YfzX3xI7uVCtxnxVYFeYk=s240-c-k-c0x00ffffff-no-rj,UC5jHGolFUNHe0HsCJEKbb3g,https://www.youtube.com/channel/UC5jHGolFUNHe0HsCJEKbb3g
CR_YT_1536,Wolf,@yt_ucyj0ucu,YouTube,게임,게임플레이,Korea,445000,205992,3295872,6.89,2.7,18-34,Male,13332.0,16,하락,2026-01-29,없음,37,4.2,매크로,제품리뷰,2026-06-13,149478,https://yt3.ggpht.com/ytc/AIdro_nKgSX8sdXfkhKZ1crVdTpswBXEokISd3qR_bM1YumfleE=s240-c-k-c0x00ffffff-no-rj,UCYJ0Ucu9jPX5kn6SeDcNaIQ,https://www.youtube.com/channel/UCYJ0Ucu9jPX5kn6SeDcNaIQ
CR_YT_1537,하이델빌리지 Heidel Village,@yt_uciycubl,YouTube,라이프스타일,브이로그,Korea,444000,510688,4596192,8.2,4.2,18-34,Mixed,14486.0,12,하락,2026-05-20,없음,37,4.2,매크로,PPL,2026-06-13,211916,https://yt3.ggpht.com/X3ntxMCc4irx9wF_5lQYPv7ic5kLhrJEx2bCM6B9vLB26n9-DyL1NKTP2gzPWvU5XeOuqOh3_w=s240-c-k-c0x00ffffff-no-rj,UCiyCuBLFxHCNCFW8fDpLVlA,https://www.youtube.com/channel/UCiyCuBLFxHCNCFW8fDpLVlA
CR_YT_1538,톡톡 동물 지식,@yt_ucr4catq,YouTube,라이프스타일,리뷰,Korea,444000,564872,7908208,2.93,2.4,18-34,Mixed,13263.0,20,유지,2026-05-27,없음,12,5.0,매크로,PPL,2026-06-13,349520,https://yt3.ggpht.com/1_T9vEI_6KXF-EvvRc_NkKx8XnlyyIZb1kjuZ2ZFiLiCa5480SGRq7eYWgyLwNfkaKt_w_Dv_Eg=s240-c-k-c0x00ffffff-no-rj,UCr4CatqympoNVEzGirUSgfg,https://www.youtube.com/channel/UCr4CatqympoNVEzGirUSgfg
CR_YT_1539,바른소리TV,@yt_ucaiwngz,YouTube,라이프스타일,일상,Korea,444000,0,0,7.96,3.6,18-34,Mixed,1179.0,1,유지,2026-01-24,없음,6,3.2,매크로,브랜디드콘텐츠,2026-06-13,0,,UCAIwNGZmvk4deII-sU4eMXA,https://www.youtube.com/channel/UCAIwNGZmvk4deII-sU4eMXA
CR_YT_1540,루태TV,@yt_uczplwuw,YouTube,게임,게임리뷰,Korea,443000,174029,1740290,3.54,2.3,18-34,Male,9895.0,12,상승,2026-06-01,없음,30,4.7,매크로,스폰서십,2026-06-13,74802,https://yt3.ggpht.com/CZUYHOzzx7DBbiMQNje1vmzSIpGdplg2nrYeUvv_WX1zuSWcT_H78JOt2ZXYTgiOly8JH1pV_A=s240-c-k-c0x00ffffff-no-rj,UCzPLwuw2vJgxtEQk2nM4TVg,https://www.youtube.com/channel/UCzPLwuw2vJgxtEQk2nM4TVg
CR_YT_1541,멋사유튜브,@yt_ucihfl5t,YouTube,게임,e스포츠,Korea,443000,75236,902832,5.3,3.3,18-34,Male,11406.0,12,하락,2026-06-12,없음,14,5.0,매크로,스폰서십,2026-06-13,37739,https://yt3.ggpht.com/J5uEqQMcsdYkmJFfuLzO2QToSfrNEOEzSZk3QVSa1iwG5Ake3ARoG84ViuvYg5vYeZyg5sUVFg=s240-c-k-c0x00ffffff-no-rj,UCIhfL5TX-FODmWcX2k1uWHg,https://www.youtube.com/channel/UCIhfL5TX-FODmWcX2k1uWHg
CR_YT_1542,하이갱스 higaengs,@yt_uc86gzuz,YouTube,라이프스타일,일상,Korea,443000,230729,1845832,5.21,2.7,18-34,Mixed,1782.0,1,하락,2026-04-01,없음,21,4.0,매크로,PPL,2026-06-13,54574,https://yt3.ggpht.com/FND1IITN-glevzdGYri0qqpBXh-HbrotwjrO6lU8xWR8Z_NoS8GoI4m5fINSl2CB5H7GZe9k7A=s240-c-k-c0x00ffffff-no-rj,UC86GzuZXRb7aZnhnnUA3IAg,https://www.youtube.com/channel/UC86GzuZXRb7aZnhnnUA3IAg
CR_YT_1543,UNO ASMR,@yt_ucwyosni,YouTube,라이프스타일,리뷰,Korea,443000,353616,4950624,7.7,3.9,18-34,Mixed,13460.0,2,하락,2026-03-27,없음,36,3.7,매크로,PPL,2026-06-13,120599,https://yt3.ggpht.com/C4HSFziblTEt0p3K_fyD-9408w0KVir6p80eBSyoczO2Y_ohBsuDqj-s9CM7LPheAJiD_SF_uQ=s240-c-k-c0x00ffffff-no-rj,UCwYosniCbUHMyj6HWOlZd9w,https://www.youtube.com/channel/UCwYosniCbUHMyj6HWOlZd9w
CR_YT_1544,양세브라더스,@yt_ucqcc8be,YouTube,엔터테인먼트,브이로그,Korea,443000,1586000,30134000,1.36,4.8,18-34,Mixed,9780.0,12,하락,2026-06-06,없음,30,4.7,매크로,PPL,2026-06-13,968477,https://yt3.ggpht.com/ytc/AIdro_k5IkcKvwedSyZCj364QThhPZwSzNfgIEWElSGUOSRkVQ=s240-c-k-c0x00ffffff-no-rj,UCqCC8BEX4NCoc-0WT-XL7zQ,https://www.youtube.com/channel/UCqCC8BEX4NCoc-0WT-XL7zQ
CR_YT_1545,Luv IT ATO  러빗아토,@yt_uclqrqg8,YouTube,라이프스타일,브이로그,Korea,443000,28135,393890,2.49,2.8,18-34,Mixed,7069.0,12,유지,2026-04-24,확인필요,32,3.2,매크로,PPL,2026-06-13,12717,https://yt3.ggpht.com/xfM_nxe-1Cx-uWpGMXOmlfqZEMxSUyT1V6zuvOpeLjw21R8x7-6k3eEVBZJ9PTzDNkN1Z0TfNQ=s240-c-k-c0x00ffffff-no-rj,UCLQRqg8_LMGsSR-n2RzGGSg,https://www.youtube.com/channel/UCLQRqg8_LMGsSR-n2RzGGSg
CR_YT_1546,kinda cool 아영,@yt_ucyjlyu_,YouTube,뷰티,스킨케어,Korea,442000,129553,1036424,3.2,3.2,18-34,Female,4026.0,2,유지,2026-01-01,없음,27,4.2,매크로,제품리뷰,2026-06-13,27882,https://yt3.ggpht.com/s9Qu2I339BQQLQvYZjDI-rQvqT3Wp-Ac0i-VxG0iagSDNm0SoekY7QPLsIPTT0VqDyncMa5hiQ=s240-c-k-c0x00ffffff-no-rj,UCYJlyU_Lf33eqp6KWYONTGg,https://www.youtube.com/channel/UCYJlyU_Lf33eqp6KWYONTGg
CR_YT_1547,왈도쿤,@yt_uc-s8jfh,YouTube,게임,e스포츠,Korea,442000,217462,3479392,8.18,4.3,18-34,Male,10602.0,4,상승,2026-04-22,없음,39,4.2,매크로,제품리뷰,2026-06-13,159746,https://yt3.ggpht.com/LDeC55oZhf3aaevjxy_aslzPTf-Vx-HEfV36tzRZyL8LzCT4RmQBQxgcGUPX5p5CcTAO3xOCRro=s240-c-k-c0x00ffffff-no-rj,UC-S8JFhLkQ5enhB70c2CYIw,https://www.youtube.com/channel/UC-S8JFhLkQ5enhB70c2CYIw
CR_YT_1548,버니버니,@yt_uczrh94i,YouTube,게임,게임리뷰,Korea,441000,206030,2060300,3.66,2.5,18-34,Male,8848.0,20,유지,2026-01-23,없음,38,4.2,매크로,제품리뷰,2026-06-13,95426,https://yt3.ggpht.com/dhdRacKf7kFnOSTrl853IE1a63B5GS_tikKmULRQavFeMamqYRldqKv7cydwUO-EHNkw94zzryg=s240-c-k-c0x00ffffff-no-rj,UCZRH94I89Ps7giJYeK6DlWA,https://www.youtube.com/channel/UCZRH94I89Ps7giJYeK6DlWA
CR_YT_1549,존이냐박이냐,@yt_uc3qscxx,YouTube,엔터테인먼트,버라이어티,Korea,441000,543933,6527196,8.49,2.3,18-34,Mixed,11455.0,20,하락,2026-04-15,없음,20,5.0,매크로,브랜디드콘텐츠,2026-06-13,163549,https://yt3.ggpht.com/NFZSRIFYdOP4gwVCkEzBeNKvDDSlWr_LqQnTZHKqalu0IOpcOrZq2uvtX3h0FLzjDgMHQHPA=s240-c-k-c0x00ffffff-no-rj,UC3QsCXXj8b3uu9Elki3TE3A,https://www.youtube.com/channel/UC3QsCXXj8b3uu9Elki3TE3A
CR_YT_1550,한국사는따냐 Tanya in Korea,@yt_uc3tjj34,YouTube,라이프스타일,일상,Korea,440000,578947,5210523,4.3,3.2,18-34,Mixed,4105.0,1,유지,2026-04-13,없음,26,3.7,매크로,PPL,2026-06-13,149864,https://yt3.ggpht.com/ytc/AIdro_nkv-aKq0Y1eEn2jb8NpleIdFBR0rBcwYCLLhEYUFlbkA=s240-c-k-c0x00ffffff-no-rj,UC3Tjj344taq3njy4yaK8ZWw,https://www.youtube.com/channel/UC3Tjj344taq3njy4yaK8ZWw
CR_YT_1551,중년게이머 김실장,@yt_ucsgvqde,YouTube,게임,게임리뷰,Korea,440000,257309,3345017,6.1,4.7,18-34,Male,7686.0,4,유지,2026-04-20,없음,22,5.0,매크로,제품리뷰,2026-06-13,138910,https://yt3.ggpht.com/ytc/AIdro_kQpzPGEWrYr3-bHjcq446neEsEDatdKeecWe0mNesUC3o=s240-c-k-c0x00ffffff-no-rj,UCSgvQDek_7CQj08fu7kp1Iw,https://www.youtube.com/channel/UCSgvQDek_7CQj08fu7kp1Iw
CR_YT_1552,전병칠,@yt_ucpoi6s9,YouTube,교육,강의,Korea,440000,47846,621998,7.48,4.1,25-44,Mixed,6538.0,4,상승,2026-01-17,없음,6,5.0,매크로,스폰서십,2026-06-13,23951,https://yt3.ggpht.com/YOd8lPtwBxf_i8SKkY-ksSC-jQAln6rTfYElEzS3m4f9GZBOl65ynjlUdgEC-v2mc3E4Di_vQw=s240-c-k-c0x00ffffff-no-rj,UCpOI6s9fGQXrSPA9KHiyk5A,https://www.youtube.com/channel/UCpOI6s9fGQXrSPA9KHiyk5A
CR_YT_1553,인싸 케이k彡,@yt_ucjys1a6,YouTube,엔터테인먼트,브이로그,Korea,440000,208005,4160100,6.1,3.8,18-34,Mixed,8427.0,12,상승,2026-05-22,없음,39,4.2,매크로,PPL,2026-06-13,147135,https://yt3.ggpht.com/ytc/AIdro_lQWbdSW784oPx50gPKpBeu6PubStSdgDRR9Vgg82uP4QU=s240-c-k-c0x00ffffff-no-rj,UCjYS1a6ENGSfUfxEJpVCOtQ,https://www.youtube.com/channel/UCjYS1a6ENGSfUfxEJpVCOtQ
CR_YT_1554,권민제 MINJE KWON,@yt_uc4yk_ae,YouTube,엔터테인먼트,버라이어티,Korea,439000,272190,2721900,1.14,2.8,18-34,Mixed,12676.0,12,하락,2026-06-10,없음,11,5.0,매크로,PPL,2026-06-13,69665,https://yt3.ggpht.com/bSLi2XxJhk_Y13_oBosxiC7k3tdZEcEE-Ix0NmTlFmSk-pk9ac9WtgjJUNLqOqtLWNVaFJUK=s240-c-k-c0x00ffffff-no-rj,UC4yk_AEHnHRJXSH4RmZQ0eA,https://www.youtube.com/channel/UC4yk_AEHnHRJXSH4RmZQ0eA
CR_YT_1555,다주,@yt_ucawy6uw,YouTube,게임,e스포츠,Korea,439000,98928,1384992,4.87,3.8,18-34,Male,8936.0,12,하락,2026-03-21,없음,20,5.0,매크로,스폰서십,2026-06-13,62926,https://yt3.ggpht.com/r7f2r2R9zFP68Vm5nUEmlYUcTGVnpnDg_cO1KVjXTT2dPKfEqWBuoZOW07-FQLaoDVSNO1tH=s240-c-k-c0x00ffffff-no-rj,UCawY6uW94r1JcBuOTqHDfow,https://www.youtube.com/channel/UCawY6uW94r1JcBuOTqHDfow
CR_YT_1556,닥터쓰리 - 한미일의사의 쉬운 의학,@yt_uckpaw1z,YouTube,피트니스,헬스,Korea,439000,144482,2311712,3.0,4.7,25-44,Mixed,4288.0,1,유지,2026-01-29,없음,25,4.0,매크로,제품리뷰,2026-06-13,74499,https://yt3.ggpht.com/ytc/AIdro_nD-o7Td459NKwR8cpj-6WW5OOm7jgUs999sTp_QTq9XQ=s240-c-k-c0x00ffffff-no-rj,UCkpAw1Z13syiCKj_igxK_xA,https://www.youtube.com/channel/UCkpAw1Z13syiCKj_igxK_xA
CR_YT_1557,노보스인더스트리 NOBOSSINDUSTRY,@yt_uc9amgn2,YouTube,테크,IT정보,Korea,439000,120431,1083879,6.28,4.0,25-44,Male,4073.0,1,유지,2026-03-31,없음,35,3.7,매크로,제품리뷰,2026-06-13,40811,https://yt3.ggpht.com/ytc/AIdro_kOsu0AIgjA1giqa0ZgiiqaI8yDhKh20Qzzd3Gzjzeg=s240-c-k-c0x00ffffff-no-rj,UC9Amgn24YSvlyzKWynKZh-w,https://www.youtube.com/channel/UC9Amgn24YSvlyzKWynKZh-w
CR_YT_1558,유머스낵,@yt_ucdyb7hb,YouTube,엔터테인먼트,브이로그,Korea,439000,1247240,11225160,1.13,4.0,18-34,Mixed,8298.0,1,하락,2026-04-18,없음,19,4.0,매크로,브랜디드콘텐츠,2026-06-13,280355,https://yt3.ggpht.com/O2J2FXa1oKZ3VP6CrJZ4sghs1u8z66z9HZ-LEL74Dbz_P_9s1metG2nXgpKwat_w_r5oEt0_ag=s240-c-k-c0x00ffffff-no-rj,UCDyb7hB6TwGxP25o9hGCqwA,https://www.youtube.com/channel/UCDyb7hB6TwGxP25o9hGCqwA
CR_YT_1559,롤박사 해도리,@yt_uccmqyak,YouTube,게임,게임리뷰,Korea,439000,576923,7499999,8.31,3.9,18-34,Male,5251.0,1,하락,2026-05-05,없음,37,3.2,매크로,스폰서십,2026-06-13,218496,https://yt3.ggpht.com/WiRW4gVz9zqLRdacKFUqgbyOXBKOeGZupY_q4KizsEaPIw_yEHxxr40t_Jpb5t2-AaF7a216ew=s240-c-k-c0x00ffffff-no-rj,UCCMQyaKDjQJY79VimTdaYYQ,https://www.youtube.com/channel/UCCMQyaKDjQJY79VimTdaYYQ
CR_YT_1560,채널 명예훈장,@yt_ucs0lzov,YouTube,게임,게임리뷰,Korea,438000,123992,991936,5.25,4.0,18-34,Male,14583.0,4,유지,2026-03-17,없음,13,5.0,매크로,제품리뷰,2026-06-13,24282,https://yt3.ggpht.com/ytc/AIdro_kJLN8HM044uke9HxMu28KtBeLo8MypPzto785rjTdoAqo=s240-c-k-c0x00ffffff-no-rj,UCs0LzOveQMLImmmTrMmP2sg,https://www.youtube.com/channel/UCs0LzOveQMLImmmTrMmP2sg
CR_YT_1561,라바키즈 TUBA,@yt_ucbfsyle,YouTube,엔터테인먼트,예능,Korea,438000,818181,11454534,5.96,2.8,13-17,Mixed,6754.0,16,유지,2026-04-22,없음,40,4.2,매크로,PPL,2026-06-13,534181,https://yt3.ggpht.com/84C-VHnfXxcfgZpekmLRwNlWNYIt--85amZOU1hecnILRinH4GZvLj5Yt1lKwpb-YM_nQZzABWI=s240-c-k-c0x00ffffff-no-rj,UCbfsYlEFx_62o39kkb8wDLg,https://www.youtube.com/channel/UCbfsYlEFx_62o39kkb8wDLg
CR_YT_1562,한국닌텐도 공식 채널,@yt_ucrck5fc,YouTube,게임,게임플레이,Korea,438000,343065,4116780,7.06,4.8,18-34,Male,7605.0,4,유지,2026-05-27,없음,32,4.7,매크로,제품리뷰,2026-06-13,111603,https://yt3.ggpht.com/PkWnJYLg8HEfTtIF851wBZT1c6EEY6-RSaaiWnwrXyu2Gpu5RC4gyEJgSRJRT6TSVBGW1AXz=s240-c-k-c0x00ffffff-no-rj,UCRCK5FCJtomQT3b88jXI_DA,https://www.youtube.com/channel/UCRCK5FCJtomQT3b88jXI_DA
CR_YT_1563,맘똑티비,@yt_uc-fzjf-,YouTube,교육,강의,Korea,438000,161700,2425500,2.97,3.0,25-44,Mixed,12176.0,2,상승,2026-03-04,없음,17,4.5,매크로,제품리뷰,2026-06-13,100881,https://yt3.ggpht.com/ytc/AIdro_migKag1DqIBZdiZiPJ86XzT6garIkMnA01H4suiJsbAw=s240-c-k-c0x00ffffff-no-rj,UC-FZjF-oF0Cvq699UNcG5Tg,https://www.youtube.com/channel/UC-FZjF-oF0Cvq699UNcG5Tg
CR_YT_1564,mediaAUTO 미디어오토,@yt_uct29dzn,YouTube,테크,언박싱,Korea,437000,131067,2621340,6.89,4.6,25-44,Male,3173.0,20,유지,2026-01-14,없음,13,5.0,매크로,언박싱협찬,2026-06-13,83766,https://yt3.ggpht.com/XP0QMZ6GbN7TmzLQhPfPcJkMAfK7IyQC9Sn70uHS2IBU91LRBB3A-AJpUSYmOsbFyEqyAy12=s240-c-k-c0x00ffffff-no-rj,UCT29dZNPg6exiMyMrVLL0fg,https://www.youtube.com/channel/UCT29dZNPg6exiMyMrVLL0fg
CR_YT_1565,이승인 YISEUNGIN,@yt_ucm1tyv4,YouTube,엔터테인먼트,버라이어티,Korea,437000,191532,1723788,3.17,3.8,18-34,Mixed,14013.0,2,유지,2026-01-31,확인필요,8,3.0,매크로,브랜디드콘텐츠,2026-06-13,56169,https://yt3.ggpht.com/ytc/AIdro_mtrcd3NYRogl2UpPpS4KCgxv2_U64rhgK0SwcZvlhDHg=s240-c-k-c0x00ffffff-no-rj,UCM1tYV4JD19npVJTeGMmD8Q,https://www.youtube.com/channel/UCM1tYV4JD19npVJTeGMmD8Q
CR_YT_1566,하늘건강법,@yt_ucetttsl,YouTube,교육,강의,Korea,437000,32023,320230,1.95,4.3,25-44,Mixed,7436.0,8,유지,2026-02-04,없음,32,4.7,매크로,스폰서십,2026-06-13,8608,https://yt3.ggpht.com/wo9A200rII9kVRaRYLlhyuAeN49Mv5OdjmCSgwx-gazS6yye7fhUMLEfEirnCCiOVrP-NIR5pA=s240-c-k-c0x00ffffff-no-rj,UCEttTSLfeio36ivrj_qMupw,https://www.youtube.com/channel/UCEttTSLfeio36ivrj_qMupw
CR_YT_1567,모아요,@yt_uctjpqaq,YouTube,게임,게임플레이,Korea,437000,415335,8306700,1.04,2.1,18-34,Male,14761.0,1,상승,2026-05-17,없음,16,4.0,매크로,스폰서십,2026-06-13,255072,https://yt3.ggpht.com/ytc/AIdro_mM_ruRJX_W_6uxZzU5Jg1Jp1TlzL3JQC712R9frCKzDXg=s240-c-k-c0x00ffffff-no-rj,UCtJpqaQ0XAmX5uYZ48crOdQ,https://www.youtube.com/channel/UCtJpqaQ0XAmX5uYZ48crOdQ
CR_YT_1568,코리안브로스 | KOREAN BROS,@yt_ucib_onq,YouTube,엔터테인먼트,브이로그,Korea,436000,214776,4295520,3.61,2.2,18-34,Mixed,7381.0,20,하락,2026-05-07,확인필요,39,2.7,매크로,PPL,2026-06-13,152054,https://yt3.ggpht.com/LNnS2tNkizcoDKhTNyag5daxt7jq33VTkymf9ik7Cs1BzCnDQUHqtGRtNMY-LnOxo1_yKFZ-JBw=s240-c-k-c0x00ffffff-no-rj,UCIB_oNqi62rKnPFb3Toaozw,https://www.youtube.com/channel/UCIB_oNqi62rKnPFb3Toaozw
CR_YT_1569,민카롱,@yt_ucjc3end,YouTube,뷰티,스킨케어,Korea,436000,138849,2221584,7.5,2.5,18-34,Female,11891.0,12,상승,2026-02-04,없음,27,4.7,매크로,PPL,2026-06-13,58464,https://yt3.ggpht.com/O-wgPgY4ZPQdrsZJY4TK2CkAYfO2caVZS2-lHWRdrVTJdj3RXOkjDj-SgH1j1Z97T0XoRGVRWQ=s240-c-k-c0x00ffffff-no-rj,UCJC3eND1vV_MR_UJB7-E9LQ,https://www.youtube.com/channel/UCJC3eND1vV_MR_UJB7-E9LQ
CR_YT_1570,EBS ENGLISH,@yt_uczfcnlp,YouTube,교육,스터디,Korea,436000,3793,72067,2.6,2.5,25-44,Mixed,11091.0,20,상승,2026-05-16,확인필요,32,3.2,매크로,제품리뷰,2026-06-13,2368,https://yt3.ggpht.com/ytc/AIdro_megOUamc6jAwoWw6O4WEekLpCYbdVArJ4RgZZB8BYg6Co=s240-c-k-c0x00ffffff-no-rj,UCZFcNlpKXzs2b5ROtjLnB9A,https://www.youtube.com/channel/UCZFcNlpKXzs2b5ROtjLnB9A
CR_YT_1571,경제사냥꾼,@yt_uc7usmjd,YouTube,라이프스타일,리뷰,Korea,436000,75653,907836,6.58,3.4,18-34,Mixed,9037.0,2,유지,2026-04-29,없음,32,4.2,매크로,PPL,2026-06-13,26029,https://yt3.ggpht.com/kWBRJRMv53H1RgC8q02Dr2swCkyK3wcMLcEDE1M1_WDOYUMMt9EIij0SnJZVw1zZNbRP7ZpXSw=s240-c-k-c0x00ffffff-no-rj,UC7usMJDHmtbs_oegmzQKKMA,https://www.youtube.com/channel/UC7usMJDHmtbs_oegmzQKKMA
CR_YT_1572,뽀용뇽 l 남다른 뷰티꿀팁,@yt_ucrxl4vn,YouTube,뷰티,뷰티리뷰,Korea,436000,427098,6833568,7.05,2.5,18-34,Female,2355.0,4,하락,2026-05-09,없음,37,4.2,매크로,제품리뷰,2026-06-13,215313,https://yt3.ggpht.com/1JDdFtdCm24G7AeXVCEu9kxNNS5nq0uh3_eUjLf4HCRCJVSBgsIKjJKJyFc00ttmFysVz2zM=s240-c-k-c0x00ffffff-no-rj,UCRXL4vnST2AE6UtjrYMv4tw,https://www.youtube.com/channel/UCRXL4vnST2AE6UtjrYMv4tw
CR_YT_1573,디토이야기,@yt_ucnabt_b,YouTube,엔터테인먼트,리액션,Korea,436000,503597,6546761,3.4,4.3,18-34,Mixed,14196.0,4,유지,2026-03-15,확인필요,8,3.5,매크로,PPL,2026-06-13,286978,https://yt3.ggpht.com/AmjzZM7qW1lqlfFsHRd3dzJtBeTuGzB2LJ5D5y4k6T-1_fdTDHZoSTFosggSJXCh8JnrVceP=s240-c-k-c0x00ffffff-no-rj,UCnabt_BunUVVk1PcSd8CO9Q,https://www.youtube.com/channel/UCnabt_BunUVVk1PcSd8CO9Q
CR_YT_1574,[책추남TV] 책 추천해 주는 남자,@yt_uc4tmubd,YouTube,라이프스타일,일상,Korea,436000,0,0,1.67,2.6,18-34,Mixed,3306.0,1,유지,2026-06-08,없음,12,3.2,매크로,브랜디드콘텐츠,2026-06-13,0,,UC4tMubdhTUlnWLUr-BzjeOw,https://www.youtube.com/channel/UC4tMubdhTUlnWLUr-BzjeOw
CR_YT_1575,No.1 댄스학원 DEF DANCE SKOOL,@yt_ucodmztf,YouTube,엔터테인먼트,버라이어티,Korea,435000,54791,1041029,1.18,3.3,18-34,Mixed,4022.0,20,유지,2026-02-13,없음,30,4.7,매크로,PPL,2026-06-13,44102,https://yt3.ggpht.com/4ZityovBykuEDPF2wbhjQXPfyr4bkqBZUukILc38Z6PAt3kN8k6AANyEOy23ymWm1tsGqXy-pQ=s240-c-k-c0x00ffffff-no-rj,UCoDmztfkfbB3rtEa62BoUvw,https://www.youtube.com/channel/UCoDmztfkfbB3rtEa62BoUvw
CR_YT_1576,함께해요 운동채널,@yt_uctmdwu2,YouTube,엔터테인먼트,예능,Korea,435000,109073,872584,7.16,3.6,18-34,Mixed,13517.0,16,유지,2026-01-18,없음,15,5.0,매크로,브랜디드콘텐츠,2026-06-13,24261,https://yt3.ggpht.com/XpHLtJlXlPrVDaBPOSzmtVav80a3QZ6_gY3Zbt2yaN2pi7SUsPzVbapXWV8F5NPo0YMS_hb2HQ=s240-c-k-c0x00ffffff-no-rj,UCtMDWU2HlvVc01HBV2AYIJw,https://www.youtube.com/channel/UCtMDWU2HlvVc01HBV2AYIJw
CR_YT_1577,꼬예유 & 한예찬의 게임저장소,@yt_ucjownci,YouTube,게임,e스포츠,Korea,435000,159529,2711993,8.2,4.5,18-34,Male,3318.0,4,유지,2026-03-25,없음,26,4.7,매크로,제품리뷰,2026-06-13,112893,https://yt3.ggpht.com/ytc/AIdro_kW8mHI0YAIaxzveSGaXai7LPLdsVQNKLCfg3r3b4DDGNU=s240-c-k-c0x00ffffff-no-rj,UCJoWNCiFuiN4eZnB80WUf4Q,https://www.youtube.com/channel/UCJoWNCiFuiN4eZnB80WUf4Q
CR_YT_1578,MyBoo Cosplay 마이부 코스프레,@yt_ucij5rok,YouTube,여행,여행브이로그,Korea,434000,228136,4334584,7.14,2.8,25-44,Mixed,13276.0,2,상승,2026-05-12,없음,26,4.2,매크로,스폰서십,2026-06-13,156293,https://yt3.ggpht.com/QhyTP_Xjcp5j2YUbQx8IGuscbZkUoNfKiMo17EtJWxxTtCUwmzFXV5CqUkviyF1TSKlc9ELCnQ=s240-c-k-c0x00ffffff-no-rj,UCIj5rOKz6Kv6CwjSgZXqUaA,https://www.youtube.com/channel/UCIj5rOKz6Kv6CwjSgZXqUaA
CR_YT_1579,황룡갑,@yt_uc-kafr_,YouTube,푸드,레시피,Korea,434000,328587,2957283,3.67,3.4,18-34,Mixed,12717.0,4,유지,2026-03-07,없음,37,4.2,매크로,제품리뷰,2026-06-13,118351,https://yt3.ggpht.com/LwUnTRBi0uzVZqyPIm9eiA4IBwyJyl9q7h15TspfIIvTKnCwMqJzQGGTkPoRpgpiR7_cDGwr6ac=s240-c-k-c0x00ffffff-no-rj,UC-KafR_WOgyxLK_2FBsP8-w,https://www.youtube.com/channel/UC-KafR_WOgyxLK_2FBsP8-w
CR_YT_1580,연금박사,@yt_ucd9mxn8,YouTube,교육,강의,Korea,434000,75413,904956,8.14,2.8,25-44,Mixed,3549.0,8,하락,2026-05-02,없음,8,5.0,매크로,제품리뷰,2026-06-13,40474,https://yt3.ggpht.com/ytc/AIdro_mNXuX9eHtgcW4kd9V9LmhczEbesIOb7tyYzyHsjzw8Yvk=s240-c-k-c0x00ffffff-no-rj,UCD9mxN8o9qLei1MbzroeP_A,https://www.youtube.com/channel/UCD9mxN8o9qLei1MbzroeP_A
CR_YT_1581,왕할배,@yt_uc4jcrmt,YouTube,라이프스타일,브이로그,Korea,434000,492196,8367332,4.1,4.4,18-34,Mixed,9938.0,1,유지,2026-02-07,없음,5,4.0,매크로,PPL,2026-06-13,316195,https://yt3.ggpht.com/Xm7sQkwXmK0p9smvcIDq0rvPfZYH3-BKiT7bDP1WSzLbVbTyKiDTBKmalIE0_ERt-ISM6BeRmAo=s240-c-k-c0x00ffffff-no-rj,UC4jcrmttciSzOie-uH7vV0Q,https://www.youtube.com/channel/UC4jcrmttciSzOie-uH7vV0Q
CR_YT_1582,왕쥬 Wangju,@yt_ucnzyapk,YouTube,엔터테인먼트,브이로그,Korea,434000,93712,1499392,4.52,4.0,18-34,Mixed,12157.0,20,하락,2026-06-03,없음,39,4.2,매크로,브랜디드콘텐츠,2026-06-13,50956,https://yt3.ggpht.com/ytc/AIdro_kRYiO5DR9d9ipD-msGbKtsXRSs54BIEeF-gDrBwRtFUCo=s240-c-k-c0x00ffffff-no-rj,UCNzYaPkki55QOp5u2UPJvzA,https://www.youtube.com/channel/UCNzYaPkki55QOp5u2UPJvzA
CR_YT_1583,익스트림한,@yt_ucqwsstu,YouTube,엔터테인먼트,버라이어티,Korea,433000,220150,1761200,8.38,3.4,18-34,Mixed,2017.0,16,유지,2026-04-07,없음,13,5.0,매크로,PPL,2026-06-13,53672,https://yt3.ggpht.com/s3Y6MV-Ulb3jveYa4LWkoqV-a2fKnzW-yHYYJ1ZoLvmj_zLxl9uMwBet9J2O4h12hv6oQ93RqA=s240-c-k-c0x00ffffff-no-rj,UCqWsstunfzMzQ7cJB0I4aXw,https://www.youtube.com/channel/UCqWsstunfzMzQ7cJB0I4aXw
CR_YT_1584,김사원세끼,@yt_uc-x55hf,YouTube,엔터테인먼트,버라이어티,Korea,433000,304003,3344033,1.22,4.2,18-34,Mixed,6029.0,12,유지,2026-02-03,없음,39,4.2,매크로,PPL,2026-06-13,80869,https://yt3.ggpht.com/ytc/AIdro_m40OlKaHVbL3tI4x6GhPWn1zUTEcgMH0moCs1NK_W4JA=s240-c-k-c0x00ffffff-no-rj,UC-x55HF1-IilhxZOzwJm7JA,https://www.youtube.com/channel/UC-x55HF1-IilhxZOzwJm7JA
CR_YT_1585,산골여행,@yt_ucx3jmyy,YouTube,여행,여행브이로그,Korea,433000,187617,2063787,5.69,3.8,25-44,Mixed,8736.0,2,상승,2026-05-21,없음,38,3.7,매크로,스폰서십,2026-06-13,88202,https://yt3.ggpht.com/DLtTTLaVmfwVCi2lUDmXUGDG_KcDOoK692WOayTYRGErLAxKYyZNpt_u890DCDNK29IbScdhfQ=s240-c-k-c0x00ffffff-no-rj,UCX3jMYyi3smD-ltueIQMawA,https://www.youtube.com/channel/UCX3jMYyi3smD-ltueIQMawA
CR_YT_1586,건빵튜브 GunBang Tube,@yt_ucczhoye,YouTube,엔터테인먼트,예능,Korea,432000,454545,6818175,7.86,2.5,18-34,Mixed,7998.0,12,하락,2026-02-12,없음,18,5.0,매크로,브랜디드콘텐츠,2026-06-13,163876,https://yt3.ggpht.com/C2hY_7gVSaj75Er6QVLkcQVUCxygsFHgGkc7-OLhZYyPiMMutL3uDDpHRWz5HSTEYt8vwq2AwA=s240-c-k-c0x00ffffff-no-rj,UCczHoyexXU4v60x_9q0b_Cg,https://www.youtube.com/channel/UCczHoyexXU4v60x_9q0b_Cg
CR_YT_1587,너굴몬,@yt_ucwgaths,YouTube,라이프스타일,일상,Korea,432000,0,0,1.44,2.6,18-34,Mixed,10529.0,2,유지,2026-04-08,확인필요,5,2.2,매크로,브랜디드콘텐츠,2026-06-13,0,,UCwgAThSYfmU9YRPq4Z1nJfg,https://www.youtube.com/channel/UCwgAThSYfmU9YRPq4Z1nJfg
CR_YT_1588,비마이펫,@yt_uclljz2p,YouTube,라이프스타일,브이로그,Korea,430000,180851,1627659,0.74,4.5,18-34,Mixed,10313.0,12,유지,2026-05-21,없음,40,4.2,매크로,PPL,2026-06-13,39699,https://yt3.ggpht.com/ytc/AIdro_lbKGK17_tqcWYZnWTEZuqx2WRhpqTFLfKLW53QdD35bg=s240-c-k-c0x00ffffff-no-rj,UClljZ2pw3YZFVGq6EQgJVyQ,https://www.youtube.com/channel/UClljZ2pw3YZFVGq6EQgJVyQ
CR_YT_1589,회사원B,@yt_uckitx3m,YouTube,엔터테인먼트,리액션,Korea,430000,233009,2097081,2.01,3.2,18-34,Mixed,11005.0,1,하락,2026-03-04,확인필요,23,2.5,매크로,PPL,2026-06-13,88949,https://yt3.ggpht.com/ytc/AIdro_lUPiK0dDOlGhgbB_nJrFx_BNJr0B1aqugt-psgCKpH0w=s240-c-k-c0x00ffffff-no-rj,UCKitX3MzbFuVJHoRiYQwEpw,https://www.youtube.com/channel/UCKitX3MzbFuVJHoRiYQwEpw
CR_YT_1590,김국진TV_거침없는 골프,@yt_ucgp0ktk,YouTube,피트니스,헬스,Korea,430000,413793,7448274,5.22,4.3,25-44,Mixed,11854.0,20,하락,2026-02-19,없음,35,4.7,매크로,제품리뷰,2026-06-13,337750,https://yt3.ggpht.com/ytc/AIdro_nkLaQ_1fGqE4z1uJLtXO-Eo13nGoo1_iTtFfhMph1cuA=s240-c-k-c0x00ffffff-no-rj,UCgp0KTkZeA9LGE7ooDzA5bA,https://www.youtube.com/channel/UCgp0KTkZeA9LGE7ooDzA5bA
CR_YT_1591,DreamSchool 이윤규,@yt_ucnomoev,YouTube,라이프스타일,일상,Korea,430000,61309,797017,7.43,3.8,18-34,Mixed,3379.0,20,상승,2026-02-16,확인필요,11,3.5,매크로,브랜디드콘텐츠,2026-06-13,24349,https://yt3.ggpht.com/nsLRlBGrxbGh5uocTdszurr34fu9f8kzmadslyeqWqdkRG_0zzbNmokfH9nn8XPZRNZ-YTZH=s240-c-k-c0x00ffffff-no-rj,UCnoMoEViyPVWsKch6X-N61w,https://www.youtube.com/channel/UCnoMoEViyPVWsKch6X-N61w
CR_YT_1592,스튜디오 훜 : STUDIO HOOK,@yt_ucah-d4p,YouTube,엔터테인먼트,예능,Korea,429000,122777,982216,7.02,4.8,18-34,Mixed,1581.0,16,상승,2026-04-21,없음,29,4.7,매크로,PPL,2026-06-13,31399,https://yt3.ggpht.com/76dt4OFhL-s02bhSTcNrQCcCGDz-4hrR2AyYQCO4eVMwmDqzgXVO2AtBOLnS9rs22QSe0AmJjw=s240-c-k-c0x00ffffff-no-rj,UCah-d4pYWd5UT6xFbUZgFtg,https://www.youtube.com/channel/UCah-d4pYWd5UT6xFbUZgFtg
CR_YT_1593,밤비걸Bambigirl,@yt_ucoc7dhg,YouTube,뷰티,뷰티리뷰,Korea,428000,200000,3600000,2.65,2.2,18-34,Female,4837.0,16,상승,2026-02-27,없음,30,4.7,매크로,제품리뷰,2026-06-13,116754,https://yt3.ggpht.com/JeJXqDwPK7Q21GX9aktnLO-Vh1RKaSKQYy6tQCIrsZnrXnNH_mrhQPkPUaWeQlqaR-6SFEDIgeA=s240-c-k-c0x00ffffff-no-rj,UCoc7dhgfCpAMMB6UNEdTtJQ,https://www.youtube.com/channel/UCoc7dhgfCpAMMB6UNEdTtJQ
CR_YT_1594,리뷰 MASTER,@yt_ucul4ftk,YouTube,엔터테인먼트,예능,Korea,428000,1030303,12363636,4.08,3.0,18-34,Mixed,7307.0,8,하락,2026-05-24,없음,22,5.0,매크로,PPL,2026-06-13,288942,https://yt3.ggpht.com/ytc/AIdro_k61tK9W2pvqFluXWzI2W9RmHOhhbeHpWVXKyOis0fkF6M=s240-c-k-c0x00ffffff-no-rj,UCul4FTKARC-EaBq0e8UH7RA,https://www.youtube.com/channel/UCul4FTKARC-EaBq0e8UH7RA
CR_YT_1595,인생포기방송,@yt_ucyw8hcv,YouTube,엔터테인먼트,브이로그,Korea,428000,15800,316000,3.86,2.6,18-34,Mixed,11021.0,12,하락,2026-04-10,없음,14,5.0,매크로,브랜디드콘텐츠,2026-06-13,8808,https://yt3.ggpht.com/eWDSOHCOLJJ_mZDevx4A_SmWARFlmnE-ouXtcdxTE11K6wb_gKfEDGE_kaDfooHFN64yvIh_eA0=s240-c-k-c0x00ffffff-no-rj,UCYw8hcvafCNTN9AkmfXmHOg,https://www.youtube.com/channel/UCYw8hcvafCNTN9AkmfXmHOg
CR_YT_1596,소니뮤직코리아 Sony Music Korea,@yt_ucpovbgm,YouTube,엔터테인먼트,예능,Korea,428000,176565,3001605,0.62,2.7,18-34,Mixed,13517.0,8,하락,2026-05-16,없음,40,4.2,매크로,PPL,2026-06-13,102192,https://yt3.ggpht.com/Mqxxld7oxtwkzKdTL7YKoCIraR2maoXwIY-lnEG5qf6Er67sfhUyNbJcOJG-Xf_PvbrFdb5j=s240-c-k-c0x00ffffff-no-rj,UCpoVBgMggBOwAe9SDo4S_Og,https://www.youtube.com/channel/UCpoVBgMggBOwAe9SDo4S_Og
CR_YT_1597,SBS Plus 스플스,@yt_ucu27k-l,YouTube,엔터테인먼트,리액션,Korea,427000,120008,2160144,4.38,3.8,18-34,Mixed,9075.0,4,상승,2026-01-20,없음,6,5.0,매크로,PPL,2026-06-13,83690,https://yt3.ggpht.com/KTdO2NmZq3FgJETuvWceOIPPsD-qWA29IVzZ786LuviVFZepGm5wR7iglGdqWrZM42v96tLo9Og=s240-c-k-c0x00ffffff-no-rj,UCU27k-Lw3t0Tag-GH0i4f7w,https://www.youtube.com/channel/UCU27k-Lw3t0Tag-GH0i4f7w
CR_YT_1598,문찬2 MUNCHAN2,@yt_ucwjtcgs,YouTube,엔터테인먼트,리액션,Korea,427000,293083,4982411,3.52,4.1,18-34,Mixed,1761.0,2,유지,2026-06-11,확인필요,13,3.0,매크로,PPL,2026-06-13,169091,https://yt3.ggpht.com/luNcSNwGKxtKoRUiKH8p5IKAWlOU-Er9MyeIivk6Jx9DLKLK40ELLo0HJw85vJg4PbS0LWrjoYM=s240-c-k-c0x00ffffff-no-rj,UCWjtCgsTFh5CDK9zFNP9ZDg,https://www.youtube.com/channel/UCWjtCgsTFh5CDK9zFNP9ZDg
CR_YT_1599,"무의식 암기 .영어단어,중국어.일본어.한자",@yt_ucugmimt,YouTube,교육,정보,Korea,427000,35420,566720,7.15,2.6,25-44,Mixed,8523.0,1,상승,2026-02-05,없음,24,4.0,매크로,스폰서십,2026-06-13,20857,https://yt3.ggpht.com/ytc/AIdro_lHt_4qNRxWmKA2IxIoBLvKi18N9PvZwOsKIHJfr3u7tQ=s240-c-k-c0x00ffffff-no-rj,UCUGmIMTBM8atgOuhGT5L9wQ,https://www.youtube.com/channel/UCUGmIMTBM8atgOuhGT5L9wQ
CR_YT_1600,Yu Kagawa 카가와 유,@yt_ucezfali,YouTube,엔터테인먼트,버라이어티,Korea,426000,122745,1104705,3.39,3.5,18-34,Mixed,4716.0,1,상승,2026-03-17,없음,34,3.7,매크로,PPL,2026-06-13,45984,https://yt3.ggpht.com/AsAVY4DZoCpEcAUHz4vAKJIMPWwFUB-YncLPsE80Pm_xPMrzG0N4I6bTaLXIhKbmDBbJa2Bgkg=s240-c-k-c0x00ffffff-no-rj,UCEzfaLiOfdvV8V44pzGGdrA,https://www.youtube.com/channel/UCEzfaLiOfdvV8V44pzGGdrA
CR_YT_1601,문틀란TV,@yt_ucjzdo0x,YouTube,라이프스타일,일상,Korea,426000,33279,465906,6.77,2.3,18-34,Mixed,1833.0,16,하락,2026-04-22,없음,40,4.2,매크로,PPL,2026-06-13,17416,https://yt3.ggpht.com/ytc/AIdro_nT_iwBj3JDVLtHecLPGUy5rTbIyRAfeFk-KVmvsVxS5w=s240-c-k-c0x00ffffff-no-rj,UCJzdo0x-J0wRO4SZ6T8A3dA,https://www.youtube.com/channel/UCJzdo0x-J0wRO4SZ6T8A3dA
CR_YT_1602,개리형,@yt_ucrpdlpk,YouTube,게임,e스포츠,Korea,426000,272417,3269004,1.63,4.8,18-34,Male,7015.0,4,유지,2026-03-10,없음,37,4.2,매크로,스폰서십,2026-06-13,89779,https://yt3.ggpht.com/1B0KCpRJ6lKCuo3NbvTQqJ3JqEFEiCNMnqqjKSfEit-jfD0fQwkIpiHLQtTJPRFmHkaSaF2X=s240-c-k-c0x00ffffff-no-rj,UCRpdlPk671uOMiBtf5HtB3Q,https://www.youtube.com/channel/UCRpdlPk671uOMiBtf5HtB3Q
CR_YT_1603,STUDIO JJ [스튜디오 제이제이],@yt_ucow9qwi,YouTube,엔터테인먼트,버라이어티,Korea,426000,2922,29220,4.93,4.0,18-34,Mixed,1158.0,4,유지,2026-05-28,없음,36,4.2,매크로,브랜디드콘텐츠,2026-06-13,753,https://yt3.ggpht.com/EJ29yuqtMDxStSKOOE0CuEj5qLkIcPxZVbqFf9EGOfUUN4gpmWTR69ZcoAXpdYQ_949cIpSwfQ=s240-c-k-c0x00ffffff-no-rj,UCoW9qWiUvytH7ZpnYcX4dEQ,https://www.youtube.com/channel/UCoW9qWiUvytH7ZpnYcX4dEQ
CR_YT_1604,노래하는 놀이터 : 노놀 NONOL,@yt_ucvsavml,YouTube,엔터테인먼트,버라이어티,Korea,425000,33967,339670,7.46,3.5,18-34,Mixed,1222.0,1,유지,2026-04-15,없음,6,4.0,매크로,PPL,2026-06-13,8926,https://yt3.ggpht.com/JvrT_BfK_Q-scehSEx4WsR8N1pCUdFcv0V-nzqs8bSSeQ4p6OVt8xnbN3DlaVvm9Am8ho-SU3g=s240-c-k-c0x00ffffff-no-rj,UCvsAVmLLU1YMOfnMlhOpx5w,https://www.youtube.com/channel/UCvsAVmLLU1YMOfnMlhOpx5w
CR_YT_1605,안될공학 - IT 테크 신기술,@yt_ucen2yej,YouTube,테크,IT정보,Korea,425000,75307,903684,4.17,2.6,25-44,Male,7315.0,2,상승,2026-05-24,없음,22,4.5,매크로,제품리뷰,2026-06-13,41131,https://yt3.ggpht.com/hStraaByOVLDs0eye3XmjD7l1pkYEb9DwGwRhOM5RdOfG-thmMTt0ozg3EOTDcxM-D-S2BlcyA=s240-c-k-c0x00ffffff-no-rj,UCeN2YeJcBCRJoXgzF_OU3qw,https://www.youtube.com/channel/UCeN2YeJcBCRJoXgzF_OU3qw
CR_YT_1606,백지영 Baek Z Young,@yt_ucin1p2z,YouTube,라이프스타일,브이로그,Korea,425000,759493,12911381,6.27,4.4,18-34,Mixed,8042.0,1,하락,2026-03-09,없음,8,4.0,매크로,PPL,2026-06-13,400110,https://yt3.ggpht.com/uqVydqkIi16hsx5OS6VYamaL33CY4vMRGHSspmJ2OexSHkaDA1C7UCnrnmnFkdNDp1QqNek-=s240-c-k-c0x00ffffff-no-rj,UCIn1p2ZbhOo8fyZp1S60uGg,https://www.youtube.com/channel/UCIn1p2ZbhOo8fyZp1S60uGg
CR_YT_1607,안녕하세미,@yt_ucdfhdj0,YouTube,라이프스타일,브이로그,Korea,425000,444785,8450915,1.22,5.0,18-34,Mixed,8363.0,1,유지,2026-01-17,없음,29,3.7,매크로,브랜디드콘텐츠,2026-06-13,286440,https://yt3.ggpht.com/5Q8QsPpmvuAzSGmBZdabhmt6SYHZDc_PXM8G2Hfocx8m7YKaIDQzwh-Deuwr4VAuEkDUdhFF=s240-c-k-c0x00ffffff-no-rj,UCDFHdj0KvSoJ8id97zn3DOQ,https://www.youtube.com/channel/UCDFHdj0KvSoJ8id97zn3DOQ
CR_YT_1608,쑥쑥 SsookSsook,@yt_uc3egv8a,YouTube,엔터테인먼트,버라이어티,Korea,425000,406655,3253240,8.04,3.9,18-34,Mixed,8828.0,20,상승,2026-01-28,없음,8,5.0,매크로,PPL,2026-06-13,135596,https://yt3.ggpht.com/HvreyLmXqhvAYIYnd2g_by1lSwU7txfyz9Cv4DXHNRy0Y_ScI-aINz8fi5et9BeEJdjUpFRGZg=s240-c-k-c0x00ffffff-no-rj,UC3egV8AyVrnwUEOkGZB-s2Q,https://www.youtube.com/channel/UC3egV8AyVrnwUEOkGZB-s2Q
CR_YT_1609,이영옥가요TV~Lee music,@yt_ucdeo9h9,YouTube,엔터테인먼트,예능,Korea,424000,46923,844614,1.99,2.2,18-34,Mixed,12346.0,1,유지,2026-02-21,없음,28,3.7,매크로,브랜디드콘텐츠,2026-06-13,21405,https://yt3.ggpht.com/JTdFAORH5pS0EW9IhbM7pT4pZv_1BKsQRExCz30ujGmcXyjmPvEp5Cp51CBFeCjuIL_sjK7QW-Y=s240-c-k-c0x00ffffff-no-rj,UCDeo9h9VjtQCgheDF07tdgQ,https://www.youtube.com/channel/UCDeo9h9VjtQCgheDF07tdgQ
CR_YT_1610,퍄퍄킴 역사,@yt_ucdjuqv-,YouTube,교육,정보,Korea,424000,391061,3128488,1.07,3.3,25-44,Mixed,7516.0,4,상승,2026-05-24,확인필요,5,3.5,매크로,스폰서십,2026-06-13,75394,https://yt3.ggpht.com/ytc/AIdro_nXEsZ-MUXe_WCcc_Zs7n2FvRMqnEaOaR_VFHYtbua2ui4=s240-c-k-c0x00ffffff-no-rj,UCdjuQV-tsX4eJsQp2qT-NKg,https://www.youtube.com/channel/UCdjuQV-tsX4eJsQp2qT-NKg
CR_YT_1611,유난히빛이나 YUNA,@yt_ucivow-l,YouTube,라이프스타일,브이로그,Korea,423000,170160,3233040,2.84,4.4,18-34,Mixed,9100.0,2,하락,2026-03-30,없음,38,3.7,매크로,브랜디드콘텐츠,2026-06-13,100122,https://yt3.ggpht.com/nWxKOJMXPRGOewqKqHkMmd5rK8h1B4gev24snnnjMlGnGWxY1O96-P1qMEh12X-xJfZqELCW=s240-c-k-c0x00ffffff-no-rj,UCIVow-L-PzGBLy8LzlLvezg,https://www.youtube.com/channel/UCIVow-L-PzGBLy8LzlLvezg
CR_YT_1612,Allright24_박재훈,@yt_ucyqd2ni,YouTube,라이프스타일,리뷰,Korea,423000,591715,5917150,2.73,3.4,18-34,Mixed,1777.0,1,하락,2026-05-02,없음,31,3.7,매크로,PPL,2026-06-13,220241,https://yt3.ggpht.com/YO7gqu1IRHBO6scdkh70LLtrY66eTrhuFXNmIPXQGomnio3q5wZE94NKddEYAhDbZd-6wRzOWg=s240-c-k-c0x00ffffff-no-rj,UCyqD2niH4wkYYP9RJvJWpdQ,https://www.youtube.com/channel/UCyqD2niH4wkYYP9RJvJWpdQ
CR_YT_1613,캐럿맨 여행기 Carrot man,@yt_uc_4hhkh,YouTube,여행,여행리뷰,Korea,423000,352422,3876642,6.99,2.2,25-44,Mixed,5318.0,20,상승,2026-02-26,확인필요,9,3.5,매크로,PPL,2026-06-13,163250,https://yt3.ggpht.com/P9oD9a0yrtUQRR62gqXMXz0izzjHgfRsWcM-dO1xYCQ4visTwvAeVANplrfED3En3fz6UJzH_R4=s240-c-k-c0x00ffffff-no-rj,UC_4hHKHUcs9bGpl_zDAOxvg,https://www.youtube.com/channel/UC_4hHKHUcs9bGpl_zDAOxvg
CR_YT_1614,김똘똘 DDOLDDOL,@yt_uctxejoe,YouTube,라이프스타일,일상,Korea,422000,159744,2875392,4.25,2.9,18-34,Mixed,8098.0,20,상승,2026-04-18,없음,28,4.7,매크로,PPL,2026-06-13,79382,https://yt3.ggpht.com/3khdFAdXprsr8ZE0cQQoZNL-l_7S5pQGTEQ73nwOLYht1qWRcyUBkVOqwHVbSeD1bl5PeMEV=s240-c-k-c0x00ffffff-no-rj,UCTxEJoeukRCeE3j74tZjrAA,https://www.youtube.com/channel/UCTxEJoeukRCeE3j74tZjrAA
CR_YT_1615,다인이공,@yt_ucs7bw5c,YouTube,라이프스타일,리뷰,Korea,422000,625000,10000000,7.4,4.9,18-34,Mixed,6993.0,8,하락,2026-03-06,없음,7,5.0,매크로,PPL,2026-06-13,247444,https://yt3.ggpht.com/OOa4rjGpTonE5YEIIi-1nrEBqqy7jtVgXCE0f3ijN20fhrW_WUM5keuzBH_HPmz-Qlg1OZFbMxI=s240-c-k-c0x00ffffff-no-rj,UCs7Bw5CQK82AHhyMQ59NZWA,https://www.youtube.com/channel/UCs7Bw5CQK82AHhyMQ59NZWA
CR_YT_1616,곽토리 kwak tori,@yt_ucs9h--1,YouTube,라이프스타일,일상,Korea,421000,162932,1955184,4.53,3.6,18-34,Mixed,6048.0,2,유지,2026-05-19,없음,25,4.5,매크로,PPL,2026-06-13,88091,https://yt3.ggpht.com/VVGrzAu8Ls7aefEI5KyVMSPXfCpsctfaHtGaI6ARfTRiH6mMr6jAzYM56HLCygbnOnB6eU5puQ=s240-c-k-c0x00ffffff-no-rj,UCs9H--14toIRdJQAD9qz9tA,https://www.youtube.com/channel/UCs9H--14toIRdJQAD9qz9tA
CR_YT_1617,하이예나 Hiyena,@yt_ucpajtgj,YouTube,뷰티,스킨케어,Korea,421000,126594,1012752,0.92,4.4,18-34,Female,7010.0,4,유지,2026-04-04,없음,8,5.0,매크로,제품리뷰,2026-06-13,31449,https://yt3.ggpht.com/u_-WoUTu3aj-8T8dBYMSIaUEFzpPrVtXJoNImPQ1F4CmmuvPO-KtJosGXldOiY5_WQlAbXhL4Lk=s240-c-k-c0x00ffffff-no-rj,UCpajTgJCEHEVzQ79phzOSoA,https://www.youtube.com/channel/UCpajTgJCEHEVzQ79phzOSoA
CR_YT_1618,Soo Beauty 수뷰티,@yt_ucxuzhvk,YouTube,뷰티,메이크업,Korea,421000,49470,692580,5.02,4.2,18-34,Female,5333.0,1,유지,2026-05-07,없음,7,4.0,매크로,제품리뷰,2026-06-13,18737,https://yt3.ggpht.com/iZji7IJQTHPlXH1PWEtukTyzcmso9THc9isimkAvOHIh4eNU6u5nG4XpvmcL1yDcYmXC2eaFUw=s240-c-k-c0x00ffffff-no-rj,UCXuzhVKNO9ZLm1q7edeipIw,https://www.youtube.com/channel/UCXuzhVKNO9ZLm1q7edeipIw
CR_YT_1619,MUSINSA TV,@yt_uctfyaiq,YouTube,엔터테인먼트,예능,Korea,421000,130647,2351646,6.34,4.0,18-34,Mixed,1946.0,12,상승,2026-05-10,없음,11,5.0,매크로,PPL,2026-06-13,93273,https://yt3.ggpht.com/hqnRKhr84iWa1gVBzK7uoI4624LVO5rfX896--Eue8X3RD5YVjtshktQfArnUqN7gwvN0sSbFu0=s240-c-k-c0x00ffffff-no-rj,UCtfyAiqf095_0_ux8ruwGfA,https://www.youtube.com/channel/UCtfyAiqf095_0_ux8ruwGfA
CR_YT_1620,정리왕,@yt_ucmerd4m,YouTube,뷰티,메이크업,Korea,421000,108745,1522430,8.39,2.1,18-34,Female,6955.0,4,유지,2026-02-13,없음,23,5.0,매크로,제품리뷰,2026-06-13,38889,https://yt3.ggpht.com/BqhETl_ds_hjISCgdfjK0jj2gnx8WqJLI4OQ2OPWNyiwn8ZvxilHNEkcgRGxp-36k6JOEFRIask=s240-c-k-c0x00ffffff-no-rj,UCmErD4mBSQUUIxHFB8RTJLA,https://www.youtube.com/channel/UCmErD4mBSQUUIxHFB8RTJLA
CR_YT_1621,제프프 [JFF],@yt_ucybv17w,YouTube,엔터테인먼트,버라이어티,Korea,420000,961538,17307684,6.24,3.1,18-34,Mixed,14016.0,2,상승,2026-01-22,없음,25,4.5,매크로,브랜디드콘텐츠,2026-06-13,413454,https://yt3.ggpht.com/Ie9fIghPZNt3JThesI2e01R_UNzts7D3AlMbEFFVT4IJVeM3kY9pEmPqC3VPlpVeH2aTQNVh=s240-c-k-c0x00ffffff-no-rj,UCYBV17wHgK0_nIkkvQLW5ZA,https://www.youtube.com/channel/UCYBV17wHgK0_nIkkvQLW5ZA
CR_YT_1622,RealMouth Dessert,@yt_ucm8z4o4,YouTube,푸드,먹방,Korea,420000,515021,9270378,4.0,2.9,18-34,Mixed,1363.0,20,상승,2026-01-21,없음,27,4.7,매크로,먹방협찬,2026-06-13,245560,https://yt3.ggpht.com/iMn-9CmbdCwfLp9cVlExjKUdGU5QpHCxVmoB9i5oRXdYdxtUPI6zwX4SDFlv8XP3ZJEFAR3S=s240-c-k-c0x00ffffff-no-rj,UCM8Z4o4HGLsj5lMFJOQx90Q,https://www.youtube.com/channel/UCM8Z4o4HGLsj5lMFJOQx90Q
CR_YT_1623,따라하는영어 - 따라해영,@yt_ucnduxe7,YouTube,교육,강의,Korea,420000,86188,1120444,2.22,4.2,25-44,Mixed,9993.0,2,하락,2026-06-12,없음,27,4.2,매크로,스폰서십,2026-06-13,29045,https://yt3.ggpht.com/83eXARSJosPepGSQxtsd3k-MPjcxontM-a4q9B-c7GqGHQZgsiTvdhrpi4izwtci0MQrz8Kq-A=s240-c-k-c0x00ffffff-no-rj,UCNDUxE7CJvc_q3o_72bQqkg,https://www.youtube.com/channel/UCNDUxE7CJvc_q3o_72bQqkg
CR_YT_1624,KIMDAX킴닥스,@yt_ucwvkpze,YouTube,엔터테인먼트,버라이어티,Korea,419000,80555,1369435,4.0,2.1,18-34,Mixed,6923.0,20,상승,2026-06-02,없음,36,4.2,매크로,PPL,2026-06-13,42810,https://yt3.ggpht.com/gcC_isJUJFtshaAYJDJtBstt4BrTROdgPbVnsq8kdd2Sh_sbfm2mmI1R-h4jldkza4-hbOCcfg=s240-c-k-c0x00ffffff-no-rj,UCWvKpZEp5dFsKZiBDxkXHvw,https://www.youtube.com/channel/UCWvKpZEp5dFsKZiBDxkXHvw
CR_YT_1625,동물법사,@yt_uceojlnl,YouTube,라이프스타일,브이로그,Korea,419000,1440677,23050832,3.33,4.2,18-34,Mixed,13745.0,16,상승,2026-04-11,없음,28,4.7,매크로,PPL,2026-06-13,564485,https://yt3.ggpht.com/ytc/AIdro_kjpmrqcoESb9fV9yFWDI2rmfdUELmDh8qB_XhKa2DRy1Yq_Mj9juv2Fgsj_Wy_m29VUw=s240-c-k-c0x00ffffff-no-rj,UCeojlnlrzA08VywTuo3zhLg,https://www.youtube.com/channel/UCeojlnlrzA08VywTuo3zhLg
CR_YT_1626,OfficialSEUNGYOON,@yt_ucwk_qfz,YouTube,엔터테인먼트,예능,Korea,419000,6217857,74614284,5.48,4.9,18-34,Mixed,13510.0,20,상승,2026-03-31,없음,5,5.0,매크로,PPL,2026-06-13,3407820,https://yt3.ggpht.com/eAOPMDDfBB3zy8WNB2ORroeJWcHwT0Bj-xLgpqk9cT9F0sapjqMOOZQ0oUz8z5mLs9MGVy-5Vg=s240-c-k-c0x00ffffff-no-rj,UCwK_qfZgBkFpvSygztZCYLg,https://www.youtube.com/channel/UCwK_qfZgBkFpvSygztZCYLg
CR_YT_1627,바벨라토르 홈트레이닝 BARBELLATOR,@yt_ucdvq0yd,YouTube,피트니스,운동,Korea,418000,239452,2394520,7.53,3.3,25-44,Mixed,8370.0,12,하락,2026-03-28,확인필요,23,3.5,매크로,제품리뷰,2026-06-13,108262,https://yt3.ggpht.com/ytc/AIdro_nN8etLl4lJ-oZKZ_H2X97FVCykLB9oSfeMx_T6VMvwumw=s240-c-k-c0x00ffffff-no-rj,UCDVQ0yDp7Bu-BxEfelTHL8g,https://www.youtube.com/channel/UCDVQ0yDp7Bu-BxEfelTHL8g
CR_YT_1628,브릿센트 x 영국영어,@yt_ucq0pvpn,YouTube,교육,스터디,Korea,418000,22482,382194,1.89,3.6,25-44,Mixed,10447.0,4,유지,2026-04-03,없음,20,5.0,매크로,제품리뷰,2026-06-13,14416,https://yt3.ggpht.com/lCAPu5tiVCg2cGP6llUhhDzaJoTjFTrVQefaMkyEOqIGfrebjPOZzhSO0TKY9dSWG3q40vBnLu8=s240-c-k-c0x00ffffff-no-rj,UCq0pVPNYdDWQk1iTS4jTk2w,https://www.youtube.com/channel/UCq0pVPNYdDWQk1iTS4jTk2w
CR_YT_1629,취한무드등,@yt_ucxm_h0l,YouTube,엔터테인먼트,예능,Korea,417000,224450,3142300,0.97,4.9,18-34,Mixed,6268.0,12,유지,2026-05-20,없음,5,5.0,매크로,브랜디드콘텐츠,2026-06-13,78501,https://yt3.ggpht.com/ytc/AIdro_k0r4pvDMZl6pYo7kx0QGqL6kDbVr4bAHUP92nw0BPpJg=s240-c-k-c0x00ffffff-no-rj,UCxM_h0LDzNU0XVD8YWCb17A,https://www.youtube.com/channel/UCxM_h0LDzNU0XVD8YWCb17A
CR_YT_1630,무조건당신편,@yt_uctp5fjv,YouTube,피트니스,헬스,Korea,417000,30261,423654,4.32,2.1,25-44,Mixed,7764.0,16,상승,2026-02-19,없음,20,5.0,매크로,제품리뷰,2026-06-13,16974,https://yt3.ggpht.com/qL9L5eu8SGC_kiijqIHdyUZTZNqNN4joinKYOVWjxZqHEbRBR3i_G7iUPCVFSY56SY5lzRRCTA=s240-c-k-c0x00ffffff-no-rj,UCTp5fJVTDuFmf_dVfIMF7Nw,https://www.youtube.com/channel/UCTp5fJVTDuFmf_dVfIMF7Nw
CR_YT_1631,이해불가 | 연예계 이슈,@yt_ucdqqikm,YouTube,엔터테인먼트,브이로그,Korea,417000,2128099,36177683,2.95,4.1,18-34,Mixed,6193.0,4,유지,2026-03-27,확인필요,19,3.5,매크로,브랜디드콘텐츠,2026-06-13,1560216,https://yt3.ggpht.com/8k9_NM6nWyIml_316tg8FWZa2JW8jufr4eIpS-7gcAJmlTQpaxbSoWubdgj9zlcdpvjUHoVQ=s240-c-k-c0x00ffffff-no-rj,UCDQqIkmzmljnkMDyWxMX7Ig,https://www.youtube.com/channel/UCDQqIkmzmljnkMDyWxMX7Ig
CR_YT_1632,백수골방,@yt_ucnr3k4h,YouTube,엔터테인먼트,리액션,Korea,416000,234137,3043781,1.79,3.0,18-34,Mixed,14788.0,1,유지,2026-04-11,없음,9,4.0,매크로,브랜디드콘텐츠,2026-06-13,71593,https://yt3.ggpht.com/ytc/AIdro_lwNmbmEI5-fsbZZiqtR5HM1MU3XkqY_saxymep71jq0Os=s240-c-k-c0x00ffffff-no-rj,UCNR3K4HA6LyO9tz0oZoSJIA,https://www.youtube.com/channel/UCNR3K4HA6LyO9tz0oZoSJIA
CR_YT_1633,코뚱잉,@yt_uc4q2qoe,YouTube,게임,e스포츠,Korea,416000,182291,1822910,4.18,2.8,18-34,Male,10092.0,12,하락,2026-02-26,없음,8,5.0,매크로,제품리뷰,2026-06-13,54693,https://yt3.ggpht.com/ytc/AIdro_loCU7bQo38ZYIncPMKjtJ8DtYXRneOYJ8a9dhlS_PWd94=s240-c-k-c0x00ffffff-no-rj,UC4q2QOe3Ht73lVO-31JnkQQ,https://www.youtube.com/channel/UC4q2QOe3Ht73lVO-31JnkQQ
CR_YT_1634,민음사TV,@yt_ucrbjtzu,YouTube,라이프스타일,리뷰,Korea,416000,97690,1953800,3.15,2.3,18-34,Mixed,9826.0,1,유지,2026-04-02,없음,7,4.0,매크로,PPL,2026-06-13,55678,https://yt3.ggpht.com/fxQLrA8ijGo4Y8vVE9Cx8V6FbyUaM9T6nbBmdot1Cs_-yJii_V37j9FD_wLivfk63MY0GhDaNdA=s240-c-k-c0x00ffffff-no-rj,UCRbjtZUrNAQe7w5c03JCMXw,https://www.youtube.com/channel/UCRbjtZUrNAQe7w5c03JCMXw
CR_YT_1635,팔차선 [8LJAYWALKING],@yt_ucmcbe97,YouTube,게임,게임리뷰,Korea,416000,202492,2227412,6.61,3.6,18-34,Male,702.0,8,상승,2026-04-11,없음,37,4.2,매크로,스폰서십,2026-06-13,52264,https://yt3.ggpht.com/ylBDmAG2YFy6KBcSOfg0-WPLLj_pCRiWRdzk0SjOTHkqsmwcWYlS1FntgReXA6iyl8243BxBeA=s240-c-k-c0x00ffffff-no-rj,UCmcBe97VA2LqVEQUeeZl6Ew,https://www.youtube.com/channel/UCmcBe97VA2LqVEQUeeZl6Ew
CR_YT_1636,흑운장TV [BLACKTUBE],@yt_ucdtv_sb,YouTube,게임,게임플레이,Korea,415000,135799,2036985,1.59,4.8,18-34,Male,13891.0,4,유지,2026-03-24,없음,26,4.7,매크로,스폰서십,2026-06-13,57983,https://yt3.ggpht.com/ytc/AIdro_mGTcIgRvSYZgEaRZfzC2FPxhzGPmi9F_zhVtckHYaDTng=s240-c-k-c0x00ffffff-no-rj,UCdtV_sB8WUWo-P_q3OwNfcw,https://www.youtube.com/channel/UCdtV_sB8WUWo-P_q3OwNfcw
CR_YT_1637,보컬트레이너장효진,@yt_ucwamjcl,YouTube,교육,스터디,Korea,415000,228519,3884823,1.2,3.8,25-44,Mixed,6231.0,12,상승,2026-02-15,없음,32,4.7,매크로,스폰서십,2026-06-13,168665,https://yt3.ggpht.com/SsY9eQor_BqrwPKzQAoV1ucOJ572QZeKceClQpSSsKQEx8EVrFs-8ueXONFCkzw0Y9HwsaCY2A=s240-c-k-c0x00ffffff-no-rj,UCwamjClNS3GTVuuyFnuTDyA,https://www.youtube.com/channel/UCwamjClNS3GTVuuyFnuTDyA
CR_YT_1638,서이브 Seo_EVE,@yt_ucxyvzj_,YouTube,엔터테인먼트,예능,Korea,415000,407348,8146960,6.05,3.4,18-34,Mixed,4210.0,4,유지,2026-01-01,없음,38,4.2,매크로,브랜디드콘텐츠,2026-06-13,191706,https://yt3.ggpht.com/yDVZGoLczylUYBIOfhlM5RPAHEM7zG7ztQvK6ZBKGgRtht4Lkc6he5s0JS00Ypvxs3O7Ff6B=s240-c-k-c0x00ffffff-no-rj,UCxYVZj_vBIRLWMcfIYGt5vQ,https://www.youtube.com/channel/UCxYVZj_vBIRLWMcfIYGt5vQ
CR_YT_1639,근육TV,@yt_ucyrjhco,YouTube,피트니스,운동,Korea,414000,1520467,22807005,6.91,4.5,25-44,Mixed,3241.0,2,상승,2026-01-18,확인필요,40,2.2,매크로,제품리뷰,2026-06-13,593114,https://yt3.ggpht.com/SlpONSCV7jR0qyyBps2DDgJ13-EKreVRw1h9ZUl4mAQQY209RlVxEDiUIqatW8HFe0zlwN6X9w=s240-c-k-c0x00ffffff-no-rj,UCYrjhCOq1rH2GnXSK-sq0Gg,https://www.youtube.com/channel/UCYrjhCOq1rH2GnXSK-sq0Gg
CR_YT_1640,샒의 삶Serim's life,@yt_uc0ssa8z,YouTube,라이프스타일,브이로그,Korea,413000,286103,3719339,4.7,2.4,18-34,Mixed,10453.0,12,하락,2026-01-28,없음,36,4.2,매크로,브랜디드콘텐츠,2026-06-13,165489,https://yt3.ggpht.com/bLYdkSYDNfravFgfN8Y0FUCUGCh4XzqIK8Z-3ytBuM_a6FDq4g6mjIf0cf4-WKDcuLhHjMBUPg=s240-c-k-c0x00ffffff-no-rj,UC0ssa8zC_3oif4iZcUe5VUg,https://www.youtube.com/channel/UC0ssa8zC_3oif4iZcUe5VUg
CR_YT_1641,숏츠페이스,@yt_ucsps6h1,YouTube,라이프스타일,리뷰,Korea,413000,530303,10606060,3.99,3.6,18-34,Mixed,11090.0,4,유지,2026-05-01,없음,40,4.2,매크로,브랜디드콘텐츠,2026-06-13,275207,https://yt3.ggpht.com/SValwzBtmVVCiCE22zspjwhkyv4NnyV2kz3ts9727gFTRWUVpYTV1QRHbH2S44kfBfWEiuBoCQ=s240-c-k-c0x00ffffff-no-rj,UCsps6H1sHRSbemV8ra312_g,https://www.youtube.com/channel/UCsps6H1sHRSbemV8ra312_g
CR_YT_1642,제이미포유 Jaymeeforyou,@yt_ucljngnm,YouTube,엔터테인먼트,브이로그,Korea,413000,197693,1976930,1.25,3.7,18-34,Mixed,11710.0,1,상승,2026-01-18,없음,8,4.0,매크로,브랜디드콘텐츠,2026-06-13,78601,https://yt3.ggpht.com/46ybCxWFd4D-h_ZjhHPiKusM7DOJxAfovsUIj8u0IEAIEvRfpr3NtV7sVKYDNBkcSDsN29X1=s240-c-k-c0x00ffffff-no-rj,UClJNgnMWzvEzJuLcpH7m4vQ,https://www.youtube.com/channel/UClJNgnMWzvEzJuLcpH7m4vQ
CR_YT_1643,조아람(E.Violin Jo A Ram),@yt_uck7cgb9,YouTube,엔터테인먼트,리액션,Korea,413000,461309,7380944,5.37,2.5,18-34,Mixed,12154.0,12,유지,2026-01-14,없음,35,4.7,매크로,PPL,2026-06-13,340842,https://yt3.ggpht.com/RImPN__CySMGFNFkCVbNUlqgOQbrJR7QkxIUtRZNvFuumNegNo-sXbQKloDMCJ6Zf4aQE1QxtQ=s240-c-k-c0x00ffffff-no-rj,UCK7CGb9IyP9oChiGRVh1cDQ,https://www.youtube.com/channel/UCK7CGb9IyP9oChiGRVh1cDQ
CR_YT_1644,잡솨,@yt_ucq_21lz,YouTube,푸드,레시피,Korea,413000,219256,3946608,4.61,2.5,18-34,Mixed,1283.0,20,하락,2026-05-18,없음,35,4.7,매크로,제품리뷰,2026-06-13,100925,https://yt3.ggpht.com/ytc/AIdro_kq1SK4zZqMQVl4fAC4l-GVjqUN6UnqGxKb8uqhlUgNXA0=s240-c-k-c0x00ffffff-no-rj,UCQ_21lZoPVNWiW2_MSzGxcg,https://www.youtube.com/channel/UCQ_21lZoPVNWiW2_MSzGxcg
CR_YT_1645,면상들,@yt_uceul40n,YouTube,엔터테인먼트,브이로그,Korea,412000,401529,4015290,7.21,2.7,18-34,Mixed,1786.0,16,유지,2026-02-24,확인필요,14,3.5,매크로,PPL,2026-06-13,152271,https://yt3.ggpht.com/RCZRMmcTxy92fsIYpsZ4tfTj-jAogv4vAs2ivlpJYlnmA1FmRtIDMM29kFWjj-Gsx4mkuTyl=s240-c-k-c0x00ffffff-no-rj,UCEUL40nXJFCBv9z3Q1V6YMQ,https://www.youtube.com/channel/UCEUL40nXJFCBv9z3Q1V6YMQ
CR_YT_1646,MIHO [TV],@yt_ucgigouo,YouTube,라이프스타일,리뷰,Korea,412000,295801,5620219,6.49,3.6,18-34,Mixed,14326.0,1,유지,2026-01-03,없음,9,4.0,매크로,PPL,2026-06-13,148406,https://yt3.ggpht.com/eOQxm3isrv3FAT-CqDRzI1azsVvDUSyqa4uf8LIBIDNyubNNd-PGlOO_fka46JPS5D5J4xPs=s240-c-k-c0x00ffffff-no-rj,UCGIGoUoJpPlh62Sw9gVCBBA,https://www.youtube.com/channel/UCGIGoUoJpPlh62Sw9gVCBBA
CR_YT_1647,백앤아월드,@yt_uc_vngdr,YouTube,게임,게임리뷰,Korea,412000,330882,5955876,5.52,2.0,18-34,Male,4516.0,1,상승,2026-02-03,없음,18,4.0,매크로,제품리뷰,2026-06-13,156554,https://yt3.ggpht.com/1hrUiwecb0aG27WtZec0mu3XBadSL7KBp0sknrwNvdSrlUpytbqnb1UYTnjO7TZSIxJZ4_T_iw=s240-c-k-c0x00ffffff-no-rj,UC_VnGdRI_SUZjLAuDDvMOlg,https://www.youtube.com/channel/UC_VnGdRI_SUZjLAuDDvMOlg
CR_YT_1648,Debbie's Cutting Point [데비의 편집점],@yt_uc4venpb,YouTube,엔터테인먼트,버라이어티,Korea,411000,238628,4533932,3.37,4.8,18-34,Mixed,10909.0,16,상승,2026-04-17,없음,11,5.0,매크로,브랜디드콘텐츠,2026-06-13,152224,https://yt3.ggpht.com/ytc/AIdro_lxUQt8IoG94EXr5nMUD7Ly2WUvyU9hpdhYNJUVesVhUpA=s240-c-k-c0x00ffffff-no-rj,UC4vEnpbm4V08yxICKPAwdDg,https://www.youtube.com/channel/UC4vEnpbm4V08yxICKPAwdDg
CR_YT_1649,나랑NARANG ASMR,@yt_uc2jxtr3,YouTube,푸드,먹방,Korea,411000,276338,3592394,3.76,3.2,18-34,Mixed,11999.0,1,상승,2026-04-28,없음,8,4.0,매크로,제품리뷰,2026-06-13,158117,https://yt3.ggpht.com/GJSmuHgb_eNXc1yEQTG4fEZXsNQAfi-f2Qn-7kwsob38Y-mpWMTk-VHsaabqrwg18TGHKmHI=s240-c-k-c0x00ffffff-no-rj,UC2JxtR36BUxTR1d6pZ5IsEw,https://www.youtube.com/channel/UC2JxtR36BUxTR1d6pZ5IsEw
CR_YT_1650,EDAM Entertainment,@yt_ucu8momf,YouTube,엔터테인먼트,예능,Korea,411000,453325,5893225,5.18,3.8,18-34,Mixed,10415.0,2,상승,2026-01-19,없음,13,4.5,매크로,PPL,2026-06-13,192221,https://yt3.ggpht.com/ytc/AIdro_mGQfs3Dd6idQxjgePXxKeRRRYSUx3AML_qP8p9hqDLEQ=s240-c-k-c0x00ffffff-no-rj,UCU8MOmf9frN_60TIGvwlQEQ,https://www.youtube.com/channel/UCU8MOmf9frN_60TIGvwlQEQ
CR_YT_1651,최강선장 마추,@yt_ucuxhno5,YouTube,라이프스타일,일상,Korea,411000,937500,14062500,7.42,2.1,18-34,Mixed,14190.0,2,상승,2026-05-19,없음,38,3.7,매크로,PPL,2026-06-13,426082,https://yt3.ggpht.com/3lnAipflniGtqMtLbT2NjiTlPRKmzCFmeHPHLBnXfm0O8Ipheq0oNIEO-81QN58XRxk2jq_z=s240-c-k-c0x00ffffff-no-rj,UCuxHNO5KdRdWTUfkOfsLuKg,https://www.youtube.com/channel/UCuxHNO5KdRdWTUfkOfsLuKg
CR_YT_1652,케인 TV,@yt_uc0akwok,YouTube,엔터테인먼트,브이로그,Korea,410000,112417,1349004,3.6,2.5,18-34,Mixed,3444.0,12,상승,2026-01-04,없음,10,5.0,매크로,PPL,2026-06-13,33581,https://yt3.ggpht.com/ytc/AIdro_lnBQY6a5utkvwmOgEZf6NLTZdRMXQgMsrcak4ugKLfTO4=s240-c-k-c0x00ffffff-no-rj,UC0aKwoKNeqBaUwiEXmkQaGQ,https://www.youtube.com/channel/UC0aKwoKNeqBaUwiEXmkQaGQ
CR_YT_1653,집마 홀릭,@yt_ucmzeurf,YouTube,게임,게임리뷰,Korea,410000,98484,1575744,3.75,4.7,18-34,Male,13657.0,20,유지,2026-03-01,없음,31,4.7,매크로,스폰서십,2026-06-13,38821,https://yt3.ggpht.com/57Q5CM4wrlef2w2e-1q7oLf56FF6035QTb21oklIIvZLXGa5utMne-_TarpNDuN6T3tb1q-0=s240-c-k-c0x00ffffff-no-rj,UCmZeuRfHYowZhf6odtoaNdg,https://www.youtube.com/channel/UCmZeuRfHYowZhf6odtoaNdg
CR_YT_1654,연애고수 TV,@yt_ucfbcrku,YouTube,뷰티,스킨케어,Korea,410000,267229,5077351,1.72,3.7,18-34,Female,1376.0,20,하락,2026-03-18,없음,30,4.7,매크로,PPL,2026-06-13,165149,https://yt3.ggpht.com/ytc/AIdro_n8P1hU-tWW-eAkNCEMVxjKDt_r8I9ZbKaa-9pPKBvUjA=s240-c-k-c0x00ffffff-no-rj,UCFbCrkuoJ0y4WfwOa6e5QHg,https://www.youtube.com/channel/UCFbCrkuoJ0y4WfwOa6e5QHg
CR_YT_1655,잡상싱,@yt_ucgt-gb3,YouTube,엔터테인먼트,브이로그,Korea,410000,200085,3601530,8.22,3.2,18-34,Mixed,3234.0,2,상승,2026-01-03,없음,24,4.5,매크로,PPL,2026-06-13,87075,https://yt3.ggpht.com/80K7wDoWkUCdDsPwDNvaONYDXWkk4hcB6vfE4sqUoVHp1gzJhvsndzAhncMvXbNNjc2GvdUx8w=s240-c-k-c0x00ffffff-no-rj,UCgT-gb3favw2jQgwxbbwwaA,https://www.youtube.com/channel/UCgT-gb3favw2jQgwxbbwwaA
CR_YT_1656,요리고수,@yt_ucnmj4zt,YouTube,푸드,레시피,Korea,410000,220797,2649564,3.52,3.4,18-34,Mixed,6791.0,2,상승,2026-02-07,없음,15,4.5,매크로,제품리뷰,2026-06-13,101836,https://yt3.ggpht.com/QqZ-XQLYP9yWpFwSMz8t9ySfpxe2v-3Fvb_porc50k8DpAigUgjliI7npkVHYlyG-UEzlx14ZqQ=s240-c-k-c0x00ffffff-no-rj,UCnMJ4zTwsDWHY1cdzHvcy0Q,https://www.youtube.com/channel/UCnMJ4zTwsDWHY1cdzHvcy0Q
CR_YT_1657,Disney Korea,@yt_ucbv7dcn,YouTube,엔터테인먼트,리액션,Korea,410000,158405,1900860,3.79,2.4,18-34,Mixed,8545.0,20,유지,2026-01-26,없음,26,4.7,매크로,브랜디드콘텐츠,2026-06-13,53953,https://yt3.ggpht.com/ytc/AIdro_lcsSo8NyYYt5UuV4Xr8Xo1MmZuY-_93tzM1DWX6htsGAw=s240-c-k-c0x00ffffff-no-rj,UCbv7Dcn5iNrAyd3GwgVHkIQ,https://www.youtube.com/channel/UCbv7Dcn5iNrAyd3GwgVHkIQ
CR_YT_1658,새벽의 축구 전문가,@yt_ucdh5nlo,YouTube,피트니스,헬스,Korea,409000,53966,971388,4.61,4.7,25-44,Mixed,14263.0,1,하락,2026-06-09,없음,39,3.2,매크로,제품리뷰,2026-06-13,34331,https://yt3.ggpht.com/_mKCwlO3a1-g_NywjD-4vFtiIdGrlIZ4cA0elDNq5_seK3y-A357C-7DtiHO_fAMXdinOHuXEw=s240-c-k-c0x00ffffff-no-rj,UCdh5nloZ9eo5YpZ2DRWwIew,https://www.youtube.com/channel/UCdh5nloZ9eo5YpZ2DRWwIew
CR_YT_1659,Chiyoon ASMR 치윤,@yt_ucrdho9r,YouTube,푸드,먹방,Korea,409000,235780,3300920,2.42,2.9,18-34,Mixed,8778.0,20,유지,2026-02-21,없음,10,5.0,매크로,먹방협찬,2026-06-13,88383,https://yt3.ggpht.com/ytc/AIdro_k2RJ5kOHqQFJ0AjiaH5dl7UHcP1B_Ndch0gt8b9tcU1A=s240-c-k-c0x00ffffff-no-rj,UCrDHo9rwDBR_BaJXR388HnA,https://www.youtube.com/channel/UCrDHo9rwDBR_BaJXR388HnA
CR_YT_1660,오버워치,@yt_uc-2wa6j,YouTube,게임,e스포츠,Korea,408000,220264,3524224,2.42,2.4,18-34,Male,3207.0,4,유지,2026-04-04,없음,34,4.7,매크로,제품리뷰,2026-06-13,110094,https://yt3.ggpht.com/vYOXCIp_9z5ksPFObkqvTNDkfDQQ6mG4u3ESWA_bHJLVTqXTdOedk8WvedcfHylEQUJDHrzwqc0=s240-c-k-c0x00ffffff-no-rj,UC-2wa6jvprl7hfCpvw0ULzg,https://www.youtube.com/channel/UC-2wa6jvprl7hfCpvw0ULzg
CR_YT_1661,리수 Leesu Blooming,@yt_ucggxfqy,YouTube,뷰티,뷰티리뷰,Korea,408000,99091,1585456,2.46,4.8,18-34,Female,3993.0,20,상승,2026-05-16,없음,7,5.0,매크로,PPL,2026-06-13,45719,https://yt3.ggpht.com/BaGXAmP9Qp8pPvVSDhfR-5T9CGJyhz8MFT783zViCGbzusY0BQ_-lvxpB0JWYbgaWpQq7NE0oQ=s240-c-k-c0x00ffffff-no-rj,UCGgxfqy3PjMve7lNY87ivqA,https://www.youtube.com/channel/UCGgxfqy3PjMve7lNY87ivqA
CR_YT_1662,풋군,@yt_ucb8duk8,YouTube,엔터테인먼트,리액션,Korea,408000,573770,8606550,3.49,4.2,18-34,Mixed,6161.0,4,하락,2026-03-26,없음,34,4.7,매크로,PPL,2026-06-13,282285,https://yt3.ggpht.com/PLCmXW8SKEEPLqGl9DZ_NVM9V-Hx303Bwmx6kXcKaWK3wO7PtBfuYCawBR124XGzjlqslL_V=s240-c-k-c0x00ffffff-no-rj,UCb8duk8wjCEHfm6exT98tDA,https://www.youtube.com/channel/UCb8duk8wjCEHfm6exT98tDA
CR_YT_1663,비피디 BPD,@yt_ucrol7iu,YouTube,테크,테크리뷰,Korea,407000,311926,6238520,5.19,4.7,25-44,Male,14170.0,20,유지,2026-03-03,없음,22,5.0,매크로,언박싱협찬,2026-06-13,211583,https://yt3.ggpht.com/ytc/AIdro_legifZnOvSOIdnvjbl8cs3RU6f6DDojRuZ7CDM3FDgI6c=s240-c-k-c0x00ffffff-no-rj,UCrOl7IuctoHW0iW-Gozj4EQ,https://www.youtube.com/channel/UCrOl7IuctoHW0iW-Gozj4EQ
CR_YT_1664,오토뷰(AutoView) - 자동차 & 타이어 구입 참고서,@yt_ucfcgdla,YouTube,테크,언박싱,Korea,407000,190000,2660000,4.28,4.6,25-44,Male,9122.0,8,하락,2026-04-21,없음,29,4.7,매크로,제품리뷰,2026-06-13,85075,https://yt3.ggpht.com/SG_eBV_fwj4NsjzIHWfNPwOiOWyRNHi5Y43uXGAum6PHmzde7TPvRLpuxCYpG9yGRWT-FLOGrNE=s240-c-k-c0x00ffffff-no-rj,UCfcgDLazgMa1L92Kl3r9ZAA,https://www.youtube.com/channel/UCfcgDLazgMa1L92Kl3r9ZAA
CR_YT_1665,Vstar,@yt_uc6dm99d,YouTube,엔터테인먼트,리액션,Korea,407000,49326,542586,1.51,2.5,18-34,Mixed,10617.0,4,상승,2026-05-11,확인필요,28,3.2,매크로,PPL,2026-06-13,24129,https://yt3.ggpht.com/ytc/AIdro_nYZeh7Gm3SX8oG47be-e-i7vEfrZSLmAy320BT5hZ2pA=s240-c-k-c0x00ffffff-no-rj,UC6dM99DofLDsfodmxHsIh5w,https://www.youtube.com/channel/UC6dM99DofLDsfodmxHsIh5w
CR_YT_1666,도블락 GK Doblock,@yt_ucyuxe8y,YouTube,피트니스,다이어트,Korea,407000,265909,2393181,1.98,3.2,25-44,Mixed,5883.0,2,유지,2026-04-25,없음,25,4.5,매크로,PPL,2026-06-13,101338,https://yt3.ggpht.com/fQ4MfPwpptJ9dYv5T7dNCj29ypLsdOMhFHbvaJJY0OLJHHFfUoBxtM5kr22sZaL4WA0MDWjQCg=s240-c-k-c0x00ffffff-no-rj,UCYuXe8y4Hsz1-flloFBJt5Q,https://www.youtube.com/channel/UCYuXe8y4Hsz1-flloFBJt5Q
CR_YT_1667,HOONION,@yt_uc3zqbe9,YouTube,뷰티,메이크업,Korea,406000,189359,1893590,7.88,2.0,18-34,Female,5835.0,20,하락,2026-02-16,없음,22,5.0,매크로,PPL,2026-06-13,49169,https://yt3.ggpht.com/BvaQvaMNqWOee2ERBG9TPOAVGQ6TE9M-9ae1tsuMcUJbiheWdONAT83nZ1GYbMGy76CkX3Nyuw=s240-c-k-c0x00ffffff-no-rj,UC3ZQbE9FKR8TwHYqTNcIXQQ,https://www.youtube.com/channel/UC3ZQbE9FKR8TwHYqTNcIXQQ
CR_YT_1668,따규햅번,@yt_ucoxov4e,YouTube,엔터테인먼트,버라이어티,Korea,406000,124740,1746360,7.01,2.2,18-34,Mixed,8961.0,16,상승,2026-01-30,없음,21,5.0,매크로,PPL,2026-06-13,45741,https://yt3.ggpht.com/QYsEw2d5BBMQVKa8laK42Z3JtpX-t2JDPZedlMsEPFLSsbpI7mj32VP0bWOXWOOpd3LLasP8=s240-c-k-c0x00ffffff-no-rj,UCoXoV4ebLAr30fSsCJsg4fQ,https://www.youtube.com/channel/UCoXoV4ebLAr30fSsCJsg4fQ
CR_YT_1669,건강의 신,@yt_ucttza9_,YouTube,교육,스터디,Korea,406000,306760,3681120,7.59,2.6,25-44,Mixed,6483.0,20,유지,2026-01-05,없음,8,5.0,매크로,제품리뷰,2026-06-13,152610,https://yt3.ggpht.com/Gipi6F35Y5NQp60xL1EMHvh3l39G0yqS3DqqeEw_aGKHHjWL5Vw7zq4nFocTK1wi90JUKtnx=s240-c-k-c0x00ffffff-no-rj,UCtTzA9_TTSWnVNxsN4GiLgA,https://www.youtube.com/channel/UCtTzA9_TTSWnVNxsN4GiLgA
CR_YT_1670,걸뽀,@yt_uc_voixj,YouTube,게임,게임리뷰,Korea,405000,209523,1676184,5.99,2.4,18-34,Male,2560.0,12,상승,2026-05-21,없음,27,4.7,매크로,스폰서십,2026-06-13,60002,https://yt3.ggpht.com/YNM-cisP6tcfK0tWn1Zn-DjyJMrx8za2F0lFdN_X_ZQjfmC5Gf44eJoPMtpc_uPujqV7bTH3=s240-c-k-c0x00ffffff-no-rj,UC_VOIxjBN_WIPKxpPs1omZQ,https://www.youtube.com/channel/UC_VOIxjBN_WIPKxpPs1omZQ
CR_YT_1671,쇼츠창고,@yt_ucnpy83q,YouTube,엔터테인먼트,버라이어티,Korea,405000,996784,14951760,7.96,2.8,18-34,Mixed,14557.0,2,유지,2026-05-10,없음,18,4.5,매크로,PPL,2026-06-13,381102,https://yt3.ggpht.com/rbfNQ_X_sGpjbllKrMp5LHxAlhl_fuzjPxIV4p_dR7yA59kmuR3DcNa6OMd-FMsWkNMZVzkDHw=s240-c-k-c0x00ffffff-no-rj,UCNPy83qw5PDRN1OoRqC-D_Q,https://www.youtube.com/channel/UCNPy83qw5PDRN1OoRqC-D_Q
CR_YT_1672,강남허준 박용환tv,@yt_ucglptxn,YouTube,교육,정보,Korea,405000,75708,1514160,2.64,4.0,25-44,Mixed,7710.0,16,상승,2026-05-16,확인필요,36,2.7,매크로,제품리뷰,2026-06-13,51605,https://yt3.ggpht.com/ytc/AIdro_nxG9ScP76UWSPTASeSTH4q3Qbl_y8ZHRDCZ2dl8RdkCaGi=s240-c-k-c0x00ffffff-no-rj,UCGlpTXnFcQ2jymLyS4fKnNw,https://www.youtube.com/channel/UCGlpTXnFcQ2jymLyS4fKnNw
CR_YT_1673,홍석천이원일,@yt_ucip3hsj,YouTube,엔터테인먼트,브이로그,Korea,405000,405844,5681816,7.5,4.5,18-34,Mixed,2415.0,2,유지,2026-04-15,없음,33,4.2,매크로,PPL,2026-06-13,238189,https://yt3.ggpht.com/ppzD_LtxbJ8FOSdSTSiRNkxeCp_a4fNud0Sxgql2ckYBdgirKINTpuJthXsugj_oo6pnum_g=s240-c-k-c0x00ffffff-no-rj,UCIP3hSJruPL4dIi95lsuCZA,https://www.youtube.com/channel/UCIP3hSJruPL4dIi95lsuCZA
CR_YT_1674,엄마의 요리백과,@yt_ucyuh1c9,YouTube,푸드,레시피,Korea,405000,200000,2200000,0.53,2.8,18-34,Mixed,9625.0,1,유지,2026-05-18,없음,7,4.0,매크로,제품리뷰,2026-06-13,61342,https://yt3.ggpht.com/ytc/AIdro_nk_AwC8dUpM2udJXvXite4t6HR_vmvkGWJM4JbL4z4DQ=s240-c-k-c0x00ffffff-no-rj,UCyUH1C9_ozagToXDxgGjFGg,https://www.youtube.com/channel/UCyUH1C9_ozagToXDxgGjFGg
CR_YT_1675,빅민 TV,@yt_ucxmbxny,YouTube,엔터테인먼트,버라이어티,Korea,405000,177398,1596582,7.99,3.0,18-34,Mixed,13851.0,12,유지,2026-01-17,확인필요,7,3.5,매크로,브랜디드콘텐츠,2026-06-13,38169,https://yt3.ggpht.com/ytc/AIdro_kNbJLuoRNATsYv2oGKd-wbhZ4PDcrPPD0wTNvOHMQOgmQ=s240-c-k-c0x00ffffff-no-rj,UCxmBxNybpaLO7x61dm0oD8w,https://www.youtube.com/channel/UCxmBxNybpaLO7x61dm0oD8w
CR_YT_1676,쿠키런: 킹덤,@yt_ucaotbnc,YouTube,라이프스타일,리뷰,Korea,405000,0,0,5.8,4.8,18-34,Mixed,4866.0,1,하락,2026-02-25,확인필요,32,1.4,매크로,PPL,2026-06-13,0,,UCAOTbNctDD0Hg5MG0enQpMQ,https://www.youtube.com/channel/UCAOTbNctDD0Hg5MG0enQpMQ
CR_YT_1677,[꿀템TV] 클템 유튜브,@yt_ucvrxjgd,YouTube,게임,게임플레이,Korea,404000,127433,2548660,6.95,4.1,18-34,Male,3378.0,8,상승,2026-03-31,없음,15,5.0,매크로,스폰서십,2026-06-13,83137,https://yt3.ggpht.com/CXQTnzij9fNs0MtZN7Y4Ovc-gvTUVQ8JnXARBCG30-vXkxA7gJOjHiZ7dvfwSnktkCoKZR7Brw=s240-c-k-c0x00ffffff-no-rj,UCvrxJgD0T_TFvgsO2nA-fDQ,https://www.youtube.com/channel/UCvrxJgD0T_TFvgsO2nA-fDQ
CR_YT_1678,꽃핀,@yt_uc2mgnh8,YouTube,게임,게임리뷰,Korea,404000,183920,3494480,6.7,2.5,18-34,Male,3204.0,16,유지,2026-02-02,없음,6,5.0,매크로,스폰서십,2026-06-13,94108,https://yt3.ggpht.com/64DoxD28bSsesZC_wAUZsFuBwRq-aXem1eloXxDRFYLfYylwvpPShWf483G5hEiVY-NEnU9q=s240-c-k-c0x00ffffff-no-rj,UC2MgNh831KCMuYkK7u8C2dg,https://www.youtube.com/channel/UC2MgNh831KCMuYkK7u8C2dg
CR_YT_1679,해물파전TV,@yt_ucqiwpyl,YouTube,엔터테인먼트,브이로그,Korea,404000,48991,930829,5.42,4.5,18-34,Mixed,2651.0,20,상승,2026-06-07,없음,18,5.0,매크로,브랜디드콘텐츠,2026-06-13,29832,https://yt3.ggpht.com/ytc/AIdro_ksuZQWYIcmUYu6Bkf9ydq0CKyraQBFYHJ887U7qFrtHc0=s240-c-k-c0x00ffffff-no-rj,UCqIwPYLfMd3EoWYwvyTjPnA,https://www.youtube.com/channel/UCqIwPYLfMd3EoWYwvyTjPnA
CR_YT_1680,하루한곡,@yt_uckqym7w,YouTube,엔터테인먼트,리액션,Korea,404000,80845,889295,5.33,2.5,18-34,Mixed,10522.0,4,상승,2026-02-03,없음,28,4.7,매크로,브랜디드콘텐츠,2026-06-13,39293,https://yt3.ggpht.com/pB76u9rV-p4Lx5aBV4ubCzwzW5p1y0NodxprqufoX769pZ5zVpOMRoJC8sF_NgguEEMbfFReAw=s240-c-k-c0x00ffffff-no-rj,UCKqym7WZq6J6BDJqapiinxw,https://www.youtube.com/channel/UCKqym7WZq6J6BDJqapiinxw
CR_YT_1681,Turbo832 TV,@yt_uckr3cxh,YouTube,교육,강의,Korea,404000,124257,1366827,1.2,3.1,25-44,Mixed,13657.0,1,하락,2026-05-11,없음,35,3.7,매크로,제품리뷰,2026-06-13,45390,https://yt3.ggpht.com/JrMETOPHhfIDp_GRJq_8SIt2uwmvRCR1U9ssevrI84W8nCpSa6i0WJkdcOu-hXb4ihxpbHWMOQ=s240-c-k-c0x00ffffff-no-rj,UCKR3cXHN4kCRbD9Eaa-ROpQ,https://www.youtube.com/channel/UCKR3cXHN4kCRbD9Eaa-ROpQ
CR_YT_1682,THE SINGER DZ,@yt_ucf1ffqr,YouTube,라이프스타일,일상,Korea,404000,231625,2316250,4.48,4.9,18-34,Mixed,12532.0,20,상승,2026-01-26,없음,37,4.2,매크로,PPL,2026-06-13,75074,https://yt3.ggpht.com/wlsUa2GfOFipmlsGtkPVYOTksox5qU_PKC7KtSFpTBTRW-d9h5pZe5sTUkuttM4B9gFDZ5zTAQ=s240-c-k-c0x00ffffff-no-rj,UCf1FFqr-RON9LFNCrvdNUpQ,https://www.youtube.com/channel/UCf1FFqr-RON9LFNCrvdNUpQ
CR_YT_1683,SEOUL MUSIC / 서울뮤직,@yt_ucuebmnl,YouTube,엔터테인먼트,버라이어티,Korea,404000,153482,1227856,1.75,2.3,18-34,Mixed,14460.0,16,하락,2026-05-07,없음,40,4.2,매크로,브랜디드콘텐츠,2026-06-13,42728,https://yt3.ggpht.com/wz4hwBpq7rf-dXxz4PCFg6SuDOE-f9Kv-Q614kYSt6FzF3e9edCgitug6X29Qmcozd6NcFjL=s240-c-k-c0x00ffffff-no-rj,UCUEbMnl7U4rLoMopD2bqT3Q,https://www.youtube.com/channel/UCUEbMnl7U4rLoMopD2bqT3Q
CR_YT_1684,TEAM UNIVERSE,@yt_ucdrtzha,YouTube,게임,게임플레이,Korea,403000,492227,8860086,5.54,4.8,18-34,Male,4245.0,20,유지,2026-03-25,없음,21,5.0,매크로,제품리뷰,2026-06-13,370832,https://yt3.ggpht.com/ytc/AIdro_lns8pskKXc37Iq2C-Hv8MtmLRNYriENk4KDxaTGRfsNw=s240-c-k-c0x00ffffff-no-rj,UCDRtZhASdfRnyhae7s-UemA,https://www.youtube.com/channel/UCDRtZhASdfRnyhae7s-UemA
CR_YT_1685,민호타우르스,@yt_uciic3gr,YouTube,엔터테인먼트,예능,Korea,403000,390334,5855010,1.55,2.6,18-34,Mixed,2840.0,2,하락,2026-06-05,없음,14,4.5,매크로,브랜디드콘텐츠,2026-06-13,239592,https://yt3.ggpht.com/ytc/AIdro_m1niUD8dAR6iXRrXjwT206FUExls7y9p2jfTo4JZGID1M=s240-c-k-c0x00ffffff-no-rj,UCiiC3grOarOVIg5LZgXJnWw,https://www.youtube.com/channel/UCiiC3grOarOVIg5LZgXJnWw
CR_YT_1686,"그림처럼_살림,일상vlog",@yt_ucl-auqn,YouTube,뷰티,메이크업,Korea,403000,233387,2800644,1.73,3.7,18-34,Female,10143.0,16,상승,2026-04-14,없음,14,5.0,매크로,PPL,2026-06-13,81930,https://yt3.ggpht.com/ytc/AIdro_n1dujBChutI83V6F2v1AggHn-GQXwI-U-a_BMmceKF5i4=s240-c-k-c0x00ffffff-no-rj,UCL-AUQNGVO7eOyqaVN_tiMQ,https://www.youtube.com/channel/UCL-AUQNGVO7eOyqaVN_tiMQ
CR_YT_1687,Learn Korean with Jadoo,@yt_ucpx3hww,YouTube,교육,스터디,Korea,402000,145376,1163008,7.07,3.9,25-44,Mixed,1215.0,4,유지,2026-03-04,없음,18,5.0,매크로,스폰서십,2026-06-13,37368,https://yt3.ggpht.com/lAZW8dpjEDunjFLKeC30-Ygtikpw_mIeprKy1R3I55dLZ06CnlTxktb5GDqp5eiM0Q0EUCZ0lw=s240-c-k-c0x00ffffff-no-rj,UCPX3HwwWNaWw3zLc6QDQdzA,https://www.youtube.com/channel/UCPX3HwwWNaWw3zLc6QDQdzA
CR_YT_1688,아모띠 amotti,@yt_ucx9xehu,YouTube,피트니스,다이어트,Korea,402000,151871,1366839,1.42,2.2,25-44,Mixed,12501.0,8,상승,2026-02-28,없음,36,4.2,매크로,PPL,2026-06-13,59164,https://yt3.ggpht.com/j5lInnp33lyd1sg3R_0VaXcg_XG6PqbpB0VKvDzn3UX37ctQJLEtLtvkZY_PA8BdRJzKZ7SCiw=s240-c-k-c0x00ffffff-no-rj,UCx9XehuwNHLqWPt4U0t0LRA,https://www.youtube.com/channel/UCx9XehuwNHLqWPt4U0t0LRA
CR_YT_1689,나도코딩,@yt_uc7iaoli,YouTube,교육,강의,Korea,402000,81467,1303472,6.68,4.0,25-44,Mixed,10070.0,4,상승,2026-04-13,확인필요,14,3.5,매크로,제품리뷰,2026-06-13,59301,https://yt3.ggpht.com/ytc/AIdro_lU1PgVE4dvFxCmvzz72g_2-tzXfLfP1Dv16RAkPEvkIfc=s240-c-k-c0x00ffffff-no-rj,UC7iAOLiALt2rtMVAWWl4pnw,https://www.youtube.com/channel/UC7iAOLiALt2rtMVAWWl4pnw
CR_YT_1690,나부,@yt_ucwwkahw,YouTube,게임,e스포츠,Korea,402000,508849,9159282,6.78,4.0,18-34,Male,6099.0,2,유지,2026-05-02,없음,35,4.2,매크로,스폰서십,2026-06-13,225969,https://yt3.ggpht.com/JfEQJcdF3FrVH9itw6WeVpwbk92De5JiSp6CRMWAjyB3N_rSrHNS8agDHjb7cJMP0BqlJDp0fjQ=s240-c-k-c0x00ffffff-no-rj,UCwWkAHwsKvinc3A6eHonzVg,https://www.youtube.com/channel/UCwWkAHwsKvinc3A6eHonzVg
CR_YT_1691,콜미진 callmejin,@yt_ucbqifmi,YouTube,라이프스타일,브이로그,Korea,402000,455212,3641696,2.51,2.2,18-34,Mixed,6708.0,2,유지,2026-05-25,없음,9,4.5,매크로,PPL,2026-06-13,115693,https://yt3.ggpht.com/BCER72TTjikGorbQb__1OlpfBcV8Uqj2r1Zw2kV-9-IXbs1QwQRROtfHLUNXzGkcmskbcfBSlA=s240-c-k-c0x00ffffff-no-rj,UCBqIfMIcfGn1bhP8BWnafAQ,https://www.youtube.com/channel/UCBqIfMIcfGn1bhP8BWnafAQ
CR_YT_1692,리틀팍스 - 영어동화 세상,@yt_ucuyooqk,YouTube,교육,정보,Korea,402000,51299,1025980,3.24,3.3,25-44,Mixed,5952.0,1,상승,2026-04-26,없음,10,4.0,매크로,스폰서십,2026-06-13,45923,https://yt3.ggpht.com/HFj3kzCxDnyytg2YJofN4lbA4nbaHFVD3uZvvbH8DYifQtRtbJ6rDU5NtP9RerayjA0mIlNqK8E=s240-c-k-c0x00ffffff-no-rj,UCUyOOQKJxRhzxrPOSLArYTA,https://www.youtube.com/channel/UCUyOOQKJxRhzxrPOSLArYTA
CR_YT_1693,캡틴 김상호-군대의 모든 것,@yt_ucnjry7z,YouTube,라이프스타일,일상,Korea,402000,431921,6910736,6.94,2.2,18-34,Mixed,763.0,20,상승,2026-01-04,없음,5,5.0,매크로,PPL,2026-06-13,241335,https://yt3.ggpht.com/3UgY4uemsvKVjWIRT7eyQQUxmos6ycGQqcRW-sQjNwXJqoTU7xHyYDuzNNo9Ja02G_qx6fH3Sw=s240-c-k-c0x00ffffff-no-rj,UCnjRy7zD8J7eODTLksp5AZQ,https://www.youtube.com/channel/UCnjRy7zD8J7eODTLksp5AZQ
CR_YT_1694,황교안TV,@yt_ucnacnzi,YouTube,라이프스타일,리뷰,Korea,402000,0,0,4.47,2.4,18-34,Mixed,1563.0,16,상승,2026-04-21,없음,10,4.2,매크로,PPL,2026-06-13,0,,UCnacnZiUscX6jrVKu78Notg,https://www.youtube.com/channel/UCnacnZiUscX6jrVKu78Notg
CR_YT_1695,소피아패밀리(Sophia family),@yt_ucdk23vz,YouTube,라이프스타일,브이로그,Korea,401000,702875,11948875,4.76,3.9,18-34,Mixed,8087.0,8,상승,2026-04-20,없음,7,5.0,매크로,PPL,2026-06-13,391315,https://yt3.ggpht.com/0VjRT2Slu2gKBQwqaAJl0Opbtx4NB-z85U0qMg6vFwyarVrM8h2EErflydJHkCcWbfYVWEnUgg=s240-c-k-c0x00ffffff-no-rj,UCdK23vzK74N6SzL9VIKR3MQ,https://www.youtube.com/channel/UCdK23vzK74N6SzL9VIKR3MQ
CR_YT_1696,숏부인과,@yt_ucvtmptq,YouTube,라이프스타일,일상,Korea,400000,227670,3415050,2.35,4.4,18-34,Mixed,9954.0,20,상승,2026-05-28,없음,16,5.0,매크로,브랜디드콘텐츠,2026-06-13,150858,https://yt3.ggpht.com/uV1bM0IDZbKLDoNLsQ9tdlIGJkF-OT9rppevskKf_D9grqIbppc7BJSK9eVrWM5XfNoDzK0cjA=s240-c-k-c0x00ffffff-no-rj,UCVtmpTQyQUM4p2auxlnXn5A,https://www.youtube.com/channel/UCVtmpTQyQUM4p2auxlnXn5A
CR_YT_1697,Hello Korea,@yt_uclacytn,YouTube,여행,여행리뷰,Korea,399000,145985,2335760,4.3,3.6,25-44,Mixed,14072.0,4,하락,2026-01-30,없음,20,5.0,매크로,스폰서십,2026-06-13,83646,https://yt3.ggpht.com/E7_rJA5EBJuqOyqnywXyy7-YC5rLrEWL9AReITF4wQ8UT1Ngnh_jf_ptKVVnSKZ0pLaXNom2rvo=s240-c-k-c0x00ffffff-no-rj,UCLAcytNR3gdw44yzoSiKluA,https://www.youtube.com/channel/UCLAcytNR3gdw44yzoSiKluA
CR_YT_1698,KiSH-Log 키쉬의 브이로그,@yt_uc9ch5hq,YouTube,라이프스타일,리뷰,Korea,399000,653594,11111098,6.66,3.0,18-34,Mixed,10246.0,2,하락,2026-02-16,없음,6,4.5,매크로,브랜디드콘텐츠,2026-06-13,283031,https://yt3.ggpht.com/wMleAtv_Z_bnU4qRV1CfCVDJUKa9SVP0atwamVsy50mMFB8rRkFmbUDyO8DugYVB5LCiMEngfsc=s240-c-k-c0x00ffffff-no-rj,UC9cH5HQBojNzPCaTLovivbw,https://www.youtube.com/channel/UC9cH5HQBojNzPCaTLovivbw
CR_YT_1699,KiiiKiii,@yt_ucahwgjx,YouTube,라이프스타일,일상,Korea,399000,313901,3452911,0.87,2.4,18-34,Mixed,11732.0,1,유지,2026-03-14,없음,27,3.7,매크로,브랜디드콘텐츠,2026-06-13,90613,https://yt3.ggpht.com/nNxZaAQ-ty8RGd3p0Zu3A0L6Un2wbPfstBOFcLgzlIkxfeguxVm2lzRK1LGZkKnpnmQLZb-KCaU=s240-c-k-c0x00ffffff-no-rj,UCaHwGJXFb28TekZMf7iFg5Q,https://www.youtube.com/channel/UCaHwGJXFb28TekZMf7iFg5Q
CR_YT_1700,모칠레로 Mochilero,@yt_ucucy82t,YouTube,엔터테인먼트,브이로그,Korea,399000,234541,3987197,6.9,2.9,18-34,Mixed,6603.0,1,하락,2026-03-20,확인필요,8,2.5,매크로,PPL,2026-06-13,152584,https://yt3.ggpht.com/exy_ve5D0k4VDtOxy1Yv8p-N3yns0ys9iVYrQ2A0IR8GzhtiF0Ztd21X0z3ElCOsGAaR2KeRqi0=s240-c-k-c0x00ffffff-no-rj,UCUcy82tGagXlj4t1p2todeQ,https://www.youtube.com/channel/UCUcy82tGagXlj4t1p2todeQ
CR_YT_1701,코코초 COCOCHO,@yt_ucvpd0kp,YouTube,엔터테인먼트,브이로그,Korea,398000,122171,1466052,6.6,3.5,18-34,Mixed,13889.0,4,상승,2026-04-09,없음,33,4.7,매크로,브랜디드콘텐츠,2026-06-13,52842,https://yt3.ggpht.com/ZQpMtyy0dsyA39DNadCDBjmyfzoD66R4BBss_OMhqdsu6ZqVTHy-i_9GA-BGWCsi2AoEWkIBjg=s240-c-k-c0x00ffffff-no-rj,UCvpD0KP2b7nVLbEAydjjNaQ,https://www.youtube.com/channel/UCvpD0KP2b7nVLbEAydjjNaQ
CR_YT_1702,희바HEEBA,@yt_ucrlxipk,YouTube,게임,e스포츠,Korea,398000,71396,928148,8.42,2.8,18-34,Male,4042.0,4,유지,2026-05-01,확인필요,7,3.5,매크로,제품리뷰,2026-06-13,30896,https://yt3.ggpht.com/ytc/AIdro_lfabAXLa5xmrCSNzyRUywzx34QQCtcQnnQeURu9J2qRB4=s240-c-k-c0x00ffffff-no-rj,UCrLxiPkgUEEnItqryMFVG2g,https://www.youtube.com/channel/UCrLxiPkgUEEnItqryMFVG2g
CR_YT_1703,바이스톰 코리아,@yt_uc_ymjwl,YouTube,라이프스타일,브이로그,Korea,398000,168067,1848737,6.41,4.9,18-34,Mixed,14462.0,12,유지,2026-06-12,없음,32,4.7,매크로,PPL,2026-06-13,44760,https://yt3.ggpht.com/ytc/AIdro_kCuNJJIbcOp0G1lw3OmrlxmosUMMTmkmM8onj8J3xsCAE=s240-c-k-c0x00ffffff-no-rj,UC_YMjWL8rj2TRkunDRrlUPA,https://www.youtube.com/channel/UC_YMjWL8rj2TRkunDRrlUPA
CR_YT_1704,켈리쌤 브이로그 영어,@yt_ucofpbjr,YouTube,라이프스타일,일상,Korea,398000,80691,1371747,1.6,4.1,18-34,Mixed,10573.0,2,하락,2026-02-15,없음,25,4.5,매크로,PPL,2026-06-13,52814,https://yt3.ggpht.com/j_T6rztOTKtWZbOJjUVNieOXZzc_yyIzSmoSTMuRpJ-YOF7S8nvZq7FdVg1RXMXAmPcA-RLY=s240-c-k-c0x00ffffff-no-rj,UCOfPBjrT7sFiBe3Bl2e9bEA,https://www.youtube.com/channel/UCOfPBjrT7sFiBe3Bl2e9bEA
CR_YT_1705,[영어똑띠]영어를 똑똑하게 공부하는 방법,@yt_ucsv6fgp,YouTube,교육,강의,Korea,398000,71083,924079,1.79,2.5,25-44,Mixed,3904.0,8,상승,2026-05-15,없음,18,5.0,매크로,스폰서십,2026-06-13,29103,https://yt3.ggpht.com/ytc/AIdro_l8L68swAUu-8t1-UBoL5l5y6kTw19XLp7ZVXVQM3ztKA=s240-c-k-c0x00ffffff-no-rj,UCsV6fgPgSA47vjD_rV0sR1Q,https://www.youtube.com/channel/UCsV6fgPgSA47vjD_rV0sR1Q
CR_YT_1706,부자회사원,@yt_ucnellvb,YouTube,뷰티,메이크업,Korea,398000,29628,503676,7.22,4.3,18-34,Female,4585.0,12,유지,2026-03-26,없음,30,4.7,매크로,PPL,2026-06-13,21741,https://yt3.ggpht.com/yTQvsoZeSDkgNaQAtJKs_Rg5Wke-gqnuBBtfOOJL-ArCnRKkhZ7bOhLXAH13y-xiTD22KUgOxQ=s240-c-k-c0x00ffffff-no-rj,UCnellvbbGXMZpXJC4vYD3Lg,https://www.youtube.com/channel/UCnellvbbGXMZpXJC4vYD3Lg
CR_YT_1707,로동복어,@yt_ucshxned,YouTube,엔터테인먼트,리액션,Korea,398000,358126,7162520,7.71,4.8,18-34,Mixed,4232.0,16,상승,2026-04-12,없음,19,5.0,매크로,브랜디드콘텐츠,2026-06-13,210866,https://yt3.ggpht.com/ytc/AIdro_lRdMV04LxB3eUOQTIrPp7I_-EypU69YHWq7nCSos5V_t0=s240-c-k-c0x00ffffff-no-rj,UCsHXnEd4VtCcKC0SN6ajBGA,https://www.youtube.com/channel/UCsHXnEd4VtCcKC0SN6ajBGA
CR_YT_1708,도리,@yt_ucjels-l,YouTube,게임,e스포츠,Korea,397000,233317,3966389,5.21,4.3,18-34,Male,7038.0,2,상승,2026-04-15,없음,21,4.5,매크로,스폰서십,2026-06-13,178434,https://yt3.ggpht.com/MGDuFYZGsgWoCFiud0AvTfe1P5XcpHDLjeZe-ft7UF6JO4NX2K9bMjUq1CSHN0V7ohnSwxaNj9M=s240-c-k-c0x00ffffff-no-rj,UCJELS-l8v8-tEuJE8stbmIw,https://www.youtube.com/channel/UCJELS-l8v8-tEuJE8stbmIw
CR_YT_1709,야노시호 YanoShiho,@yt_ucp0vpzl,YouTube,라이프스타일,일상,Korea,397000,646896,7762752,6.57,4.5,18-34,Mixed,3756.0,16,하락,2026-02-02,없음,40,4.2,매크로,브랜디드콘텐츠,2026-06-13,184242,https://yt3.ggpht.com/tNh5fD_MZrN-ON1pgsfM7-Zp4xesBkudTkX5Sued2QT3AT-6Q6cl-VE2Ge4k1xu3GF0r1ZYb88w=s240-c-k-c0x00ffffff-no-rj,UCp0VPzlo5UJT7dWhEqUlPOQ,https://www.youtube.com/channel/UCp0VPzlo5UJT7dWhEqUlPOQ
CR_YT_1710,재즈기자 Jazz Editor,@yt_ucwe4yf7,YouTube,엔터테인먼트,리액션,Korea,397000,210385,3576545,6.29,2.7,18-34,Mixed,13294.0,12,하락,2026-03-05,없음,39,4.2,매크로,브랜디드콘텐츠,2026-06-13,143784,https://yt3.ggpht.com/ytc/AIdro_kYEzUdeE0T5Y5NXkGyWEXbmpMQKpWeMNvtOqVsHHIhp-A=s240-c-k-c0x00ffffff-no-rj,UCWe4Yf70Tl7gTBdOb2LcYqA,https://www.youtube.com/channel/UCWe4Yf70Tl7gTBdOb2LcYqA
CR_YT_1711,댕댕이유튜브,@yt_uccdcpca,YouTube,게임,게임플레이,Korea,397000,476190,4761900,0.56,4.7,18-34,Male,10523.0,12,상승,2026-05-03,없음,33,4.7,매크로,제품리뷰,2026-06-13,122623,https://yt3.ggpht.com/N6YoP0hfRCC3i3j1ukSs03WAQrerl_ezd8WOots3_us9dynf9GDpNRpOz4iDOpnGbAJ2twSbhA=s240-c-k-c0x00ffffff-no-rj,UCCdcpCa4yiDcCPhFErd7TXA,https://www.youtube.com/channel/UCCdcpCa4yiDcCPhFErd7TXA
CR_YT_1712,투깝스 twocops,@yt_ucvac3-e,YouTube,엔터테인먼트,버라이어티,Korea,396000,104098,1353274,7.31,3.0,18-34,Mixed,7353.0,4,하락,2026-01-10,없음,31,4.7,매크로,브랜디드콘텐츠,2026-06-13,41092,https://yt3.ggpht.com/4OgWL8ITD7PvT2RfAOxkfA1OgeTKBzcNS9_3agtsL4wqvFYCNT7SpQYppOID8k0C9syjGOWCvYg=s240-c-k-c0x00ffffff-no-rj,UCvaC3-Enz-e4RsfVBozbEpg,https://www.youtube.com/channel/UCvaC3-Enz-e4RsfVBozbEpg
CR_YT_1713,홍인규 골프TV,@yt_ucuxdkie,YouTube,피트니스,운동,Korea,396000,153631,1689941,2.91,3.7,25-44,Mixed,1429.0,20,하락,2026-01-08,없음,24,5.0,매크로,제품리뷰,2026-06-13,39832,https://yt3.ggpht.com/dn3lcIMQwFSEwBlKJU8GQNXCE7XgZcsbvemJoHkmOpUb1V3ZBdo7Pt0mh-v3sutOh7j0YoEt=s240-c-k-c0x00ffffff-no-rj,UCUXDKiEsZH9Kcad-hksAK7g,https://www.youtube.com/channel/UCUXDKiEsZH9Kcad-hksAK7g
CR_YT_1714,Gundam Holic TV,@yt_uc1mq-3b,YouTube,라이프스타일,일상,Korea,396000,38181,381810,7.5,2.3,18-34,Mixed,13025.0,20,유지,2026-05-16,없음,12,5.0,매크로,브랜디드콘텐츠,2026-06-13,16902,https://yt3.ggpht.com/kivKLEO00UvmjxQd0PjsPt3Z1sUAO_NWOnzNUfrE88PsSVM0Ys1F_uQbsSAO9BJb4e8cYe0raw=s240-c-k-c0x00ffffff-no-rj,UC1MQ-3B7gRmyeAzBtt-GAUA,https://www.youtube.com/channel/UC1MQ-3B7gRmyeAzBtt-GAUA
CR_YT_1715,빅토리,@yt_uc5nacr7,YouTube,엔터테인먼트,예능,Korea,396000,494949,9404031,2.02,3.7,18-34,Mixed,8553.0,16,유지,2026-01-18,없음,35,4.7,매크로,브랜디드콘텐츠,2026-06-13,349965,https://yt3.ggpht.com/QKM6v4j2hoVigPuA4yac4iLa7U5OOkWVrS1n-Zr5IYofRqYamgHtcbfreaJeVBd7NhepQz415g=s240-c-k-c0x00ffffff-no-rj,UC5NaCR777o15VJ5UbqXwCbg,https://www.youtube.com/channel/UC5NaCR777o15VJ5UbqXwCbg
CR_YT_1716,천조국 파랭이,@yt_ucv65ff9,YouTube,라이프스타일,브이로그,Korea,395000,178929,2147148,4.92,2.6,18-34,Mixed,3709.0,16,상승,2026-01-13,없음,25,5.0,매크로,브랜디드콘텐츠,2026-06-13,85461,https://yt3.ggpht.com/l0DTl_JHw-lnsiXgssWtLxqoOpIFtWPrQ_33BGtFMpMTXffdd8EwxIvCGegmK7fS-GUif-e-Wg=s240-c-k-c0x00ffffff-no-rj,UCv65Ff91wQXUySuJhb5ZFNQ,https://www.youtube.com/channel/UCv65Ff91wQXUySuJhb5ZFNQ
CR_YT_1717,스트리머 사또 live-streamer satto,@yt_ucnxe6v0,YouTube,게임,게임플레이,Korea,395000,81967,901637,1.97,4.5,18-34,Male,4106.0,2,유지,2026-02-16,확인필요,13,3.0,매크로,스폰서십,2026-06-13,27278,https://yt3.ggpht.com/ytc/AIdro_n5EwqwEc7yGozUZQNiDIjvSfZUoH8phK2_UFq8KWsJycM=s240-c-k-c0x00ffffff-no-rj,UCnXe6v0-5vmMMRU2qx0XwUw,https://www.youtube.com/channel/UCnXe6v0-5vmMMRU2qx0XwUw
CR_YT_1718,명순조,@yt_uc9uqs0a,YouTube,라이프스타일,리뷰,Korea,395000,1294843,15538116,5.75,2.1,18-34,Mixed,6527.0,2,유지,2026-01-09,없음,33,4.2,매크로,PPL,2026-06-13,509963,https://yt3.ggpht.com/spz9oQ33leslDibs0fHTAXWz5vXrTjp79_V9O5JjTqCfefcWUQzcp-APg2IK8wSK7GEbcuOOCA=s240-c-k-c0x00ffffff-no-rj,UC9UQS0AreIqRuHR9ZHlkGDA,https://www.youtube.com/channel/UC9UQS0AreIqRuHR9ZHlkGDA
CR_YT_1719,교양이를 부탁해,@yt_uchy8vuj,YouTube,교육,스터디,Korea,395000,81421,1302736,8.41,4.0,25-44,Mixed,4568.0,16,하락,2026-01-23,없음,14,5.0,매크로,제품리뷰,2026-06-13,54455,https://yt3.ggpht.com/5qDlUe2DmlOFjo81hrVLfzUtM7-1REmQoLvKzL1auFjA_zVSpR8gIIfjJErW0GG7C8yKtlnXIw=s240-c-k-c0x00ffffff-no-rj,UChY8VUjXv0aA7RF9hDQ0ISg,https://www.youtube.com/channel/UChY8VUjXv0aA7RF9hDQ0ISg
CR_YT_1720,YERAM WORSHIP [편곡자 NAM D],@yt_ucwgych9,YouTube,엔터테인먼트,버라이어티,Korea,394000,360480,6488640,4.4,4.7,18-34,Mixed,14906.0,1,유지,2026-01-15,없음,34,3.7,매크로,PPL,2026-06-13,251730,https://yt3.ggpht.com/qxKTNqsFI3fOvlT57x1eh9LMyreN5S3jHyZcI0JDm47VLcGHG9EJO4mDxAsjba10fBSchXe2lA=s240-c-k-c0x00ffffff-no-rj,UCWgyCh92781HaX_ue0r8Vng,https://www.youtube.com/channel/UCWgyCh92781HaX_ue0r8Vng
CR_YT_1721,꼬꼬PD가족[Kkokko PD Family],@yt_ucfugxk2,YouTube,푸드,먹방,Korea,394000,322997,3229970,6.85,4.5,18-34,Mixed,8607.0,1,유지,2026-03-28,없음,15,4.0,매크로,제품리뷰,2026-06-13,92578,https://yt3.ggpht.com/rPDF91xxoF_b_DMcKiB1D1dBda_tINFhX16pOH-9yr8M78WppXio2XAvyZG9_SGWoS8wsZQa2w=s240-c-k-c0x00ffffff-no-rj,UCfugxK22rRKUWMtgYNTvzog,https://www.youtube.com/channel/UCfugxK22rRKUWMtgYNTvzog
CR_YT_1722,준성호네,@yt_ucyj5xvw,YouTube,라이프스타일,리뷰,Korea,394000,102662,1026620,3.19,4.6,18-34,Mixed,2435.0,20,상승,2026-01-03,없음,15,5.0,매크로,PPL,2026-06-13,34696,https://yt3.ggpht.com/ttLYSDZR8b9nw7QkpAbtim7jYZ1x_DAl2uV4j-uB2IicA5bVy60DQl3XJAcPbcSK3s-u8aJ_Jw=s240-c-k-c0x00ffffff-no-rj,UCyj5XVwazOh592neidDN9Eg,https://www.youtube.com/channel/UCyj5XVwazOh592neidDN9Eg
CR_YT_1723,누기,@yt_ucnm3ydn,YouTube,게임,게임리뷰,Korea,394000,293159,2931590,3.14,3.7,18-34,Male,644.0,1,상승,2026-03-06,없음,18,4.0,매크로,제품리뷰,2026-06-13,69514,https://yt3.ggpht.com/cpNWNyu-ZMO8ay7uguJqEfTmCfuVxepUNRYmM4PO6Wvk9GtinAaJVU0U6mzn-SNWOQ76PhWpLQ=s240-c-k-c0x00ffffff-no-rj,UCNM3YDny4fk_3htZBDwSj9w,https://www.youtube.com/channel/UCNM3YDny4fk_3htZBDwSj9w
CR_YT_1724,유스데스크 YOO'S DESK.,@yt_ucqmgqpq,YouTube,엔터테인먼트,브이로그,Korea,394000,299043,4186602,1.04,4.1,18-34,Mixed,5795.0,16,상승,2026-02-06,없음,32,4.7,매크로,PPL,2026-06-13,143448,https://yt3.ggpht.com/yJ9dYjrTiYqGo-br-ysSzviYL9cqtZMtQPyleOoyhyi_A3jrxDSHCfXKf4RwDrTPDIFuFEqFDCI=s240-c-k-c0x00ffffff-no-rj,UCQmGQPqJyCE722ML7GoOL8Q,https://www.youtube.com/channel/UCQmGQPqJyCE722ML7GoOL8Q
CR_YT_1725,슈뢰딩거의고양이,@yt_ucpjgx5g,YouTube,엔터테인먼트,리액션,Korea,394000,677731,13554620,5.38,4.3,18-34,Mixed,1322.0,4,유지,2026-01-15,없음,20,5.0,매크로,브랜디드콘텐츠,2026-06-13,467576,https://yt3.ggpht.com/YKeOggRfAnOU0FzxPSUz4A7SKWa6f-jB3GrCJE_E_eryUqWzBR6LvQZst6XVcB0Az7zvTZFrTw=s240-c-k-c0x00ffffff-no-rj,UCpjGx5G4prqiBP2ie_1snyw,https://www.youtube.com/channel/UCpjGx5G4prqiBP2ie_1snyw
CR_YT_1726,XtvN,@yt_ucirtotv,YouTube,엔터테인먼트,버라이어티,Korea,393000,79944,719496,1.88,2.7,18-34,Mixed,12333.0,12,상승,2026-02-25,없음,40,4.2,매크로,브랜디드콘텐츠,2026-06-13,32595,https://yt3.ggpht.com/ytc/AIdro_mgWfnHoPtZPExJcLiAq0GWtaNqkVuySe3qlAN71iRqRkg=s240-c-k-c0x00ffffff-no-rj,UCiRtotv7cVOYWF2_WIrJvPw,https://www.youtube.com/channel/UCiRtotv7cVOYWF2_WIrJvPw
CR_YT_1727,석꾸축꾸,@yt_uc8valwz,YouTube,피트니스,헬스,Korea,393000,408878,4906536,8.11,2.4,25-44,Mixed,1487.0,2,하락,2026-01-24,없음,39,3.7,매크로,제품리뷰,2026-06-13,196542,https://yt3.ggpht.com/c44TUpsTna249sBgXur5oyZj4zmwyl037gvzc6Yg60rNkhw_xvl0WFc14IThiAlvfvzBJqXwMSY=s240-c-k-c0x00ffffff-no-rj,UC8valWz_8jFnX4tMGCeC62w,https://www.youtube.com/channel/UC8valWz_8jFnX4tMGCeC62w
CR_YT_1728,자동차의모든것[Car&Man],@yt_uc8lcks7,YouTube,테크,IT정보,Korea,393000,109383,1640745,8.16,4.0,25-44,Male,5913.0,2,유지,2026-03-08,확인필요,23,3.0,매크로,언박싱협찬,2026-06-13,65760,https://yt3.ggpht.com/G0FnzusLp8AxwvSRZ3ZWmKcbtJTvmLOO2F_A4DnMnmQXG_XyZ46YjY_C1_g9tWJlfRpA99EduA=s240-c-k-c0x00ffffff-no-rj,UC8lCKs70LKNlMUve1P_XSRQ,https://www.youtube.com/channel/UC8lCKs70LKNlMUve1P_XSRQ
CR_YT_1729,승우아빠 일상채널,@yt_ucs1r9zp,YouTube,엔터테인먼트,리액션,Korea,393000,485981,8747658,4.2,4.3,18-34,Mixed,10519.0,1,유지,2026-01-28,없음,35,3.7,매크로,PPL,2026-06-13,384362,https://yt3.ggpht.com/ytc/AIdro_nqXb6qvqjv5466vqwSxBIurn3ejrGlIkiplaOzuYszRQ=s240-c-k-c0x00ffffff-no-rj,UCs1R9zP6rH2GlTNHUI5SBkw,https://www.youtube.com/channel/UCs1R9zP6rH2GlTNHUI5SBkw
CR_YT_1730,흔한가족,@yt_ucy-nrxl,YouTube,엔터테인먼트,브이로그,Korea,392000,451127,7669159,5.31,4.6,18-34,Mixed,9777.0,4,상승,2026-05-01,없음,8,5.0,매크로,브랜디드콘텐츠,2026-06-13,319717,https://yt3.ggpht.com/nPbo7zBlgp_vj4pLrYnyF7O_KPDXX8_qoDJk7kEZqpIDR8d6kqEV76FUv6grThUpO77Q-C9P=s240-c-k-c0x00ffffff-no-rj,UCy-NrXlV-_3ed0UKnKMbVmQ,https://www.youtube.com/channel/UCy-NrXlV-_3ed0UKnKMbVmQ
CR_YT_1731,0.1통 라이더,@yt_uceqq1ev,YouTube,피트니스,헬스,Korea,392000,224948,4049064,4.55,4.8,25-44,Mixed,1081.0,2,하락,2026-04-09,없음,14,4.5,매크로,PPL,2026-06-13,108492,https://yt3.ggpht.com/dcx6PUzFyr-FKm8If0ZoX8W25DffJyVIQL2djeHWQfCGYHlefw897152vs1iEaMOR-ToLYbBYw=s240-c-k-c0x00ffffff-no-rj,UCeQQ1EvvvUcGHGFYympQmgw,https://www.youtube.com/channel/UCeQQ1EvvvUcGHGFYympQmgw
CR_YT_1732,최국튜브,@yt_ucs7oapz,YouTube,라이프스타일,일상,Korea,392000,156271,2187794,2.75,2.8,18-34,Mixed,7539.0,12,상승,2026-02-17,없음,14,5.0,매크로,PPL,2026-06-13,89756,https://yt3.ggpht.com/Ocp_SwjjPQxCLXitBiQFVz97-SGZf6YE9rniuQqQ2EYsE5vfvfUiBGr8nr86NO28CswbqLq723g=s240-c-k-c0x00ffffff-no-rj,UCS7oapzKYfu85wuEtWWHk8A,https://www.youtube.com/channel/UCS7oapzKYfu85wuEtWWHk8A
CR_YT_1733,TBS FM 95.1MHz,@yt_uc0sfsze,YouTube,엔터테인먼트,브이로그,Korea,389000,7287,65583,1.19,2.1,18-34,Mixed,1108.0,12,유지,2026-01-19,없음,34,4.7,매크로,브랜디드콘텐츠,2026-06-13,1729,https://yt3.ggpht.com/tCei_-12Doinj11cu5toRAMtQ-ZRkNI8jPzH7cliysm9Wus0IkQo1fBoNXYnnbaml1EELTF3zQ=s240-c-k-c0x00ffffff-no-rj,UC0sfSZeoSUeWxys7OKkTelQ,https://www.youtube.com/channel/UC0sfSZeoSUeWxys7OKkTelQ
CR_YT_1734,다예 Daily Daye,@yt_ucang9np,YouTube,라이프스타일,브이로그,Korea,389000,144850,2172750,7.4,3.5,18-34,Mixed,14022.0,16,하락,2026-01-27,없음,7,5.0,매크로,브랜디드콘텐츠,2026-06-13,94046,https://yt3.ggpht.com/zl4W3aqkuinzfdDwmHMsQmTRAqopRg8J-1FV1zbnREkwgePMDLfmKl4Cs2bJ1I55G0RJXL4dyA=s240-c-k-c0x00ffffff-no-rj,UCANG9nPHHhmyOtMVk0bWgaA,https://www.youtube.com/channel/UCANG9nPHHhmyOtMVk0bWgaA
CR_YT_1735,우유커플 Milk_couple,@yt_ucvgmjmd,YouTube,라이프스타일,일상,Korea,389000,779392,13249664,5.44,4.1,18-34,Mixed,13512.0,2,상승,2026-02-14,없음,25,4.5,매크로,PPL,2026-06-13,609545,https://yt3.ggpht.com/5NnViNSlWBkIMM4gdDqfcC8lkko32u195OjnUZJm2n0yxIcRKCD1W_U4Obb1bnftpFttK2YDDg=s240-c-k-c0x00ffffff-no-rj,UCVgmjMddxHEF5VE3MUY_P0g,https://www.youtube.com/channel/UCVgmjMddxHEF5VE3MUY_P0g
CR_YT_1736,건강 똑소리,@yt_uc_zpsj2,YouTube,피트니스,운동,Korea,389000,83130,831300,4.44,3.2,25-44,Mixed,7089.0,4,상승,2026-03-16,없음,20,5.0,매크로,PPL,2026-06-13,22153,https://yt3.ggpht.com/lnCrh38IXOWqqRgNKPemGBdLIiimnVCYiCt0thBDbCCMjiTfNYNUMKof5YJO9j2-5BIZVF2uBHc=s240-c-k-c0x00ffffff-no-rj,UC_ZpSj2WGAEg_BnD1UpOUgw,https://www.youtube.com/channel/UC_ZpSj2WGAEg_BnD1UpOUgw
CR_YT_1737,직방TV,@yt_uciuqwra,YouTube,엔터테인먼트,버라이어티,Korea,389000,140086,1400860,3.51,3.1,18-34,Mixed,9868.0,4,상승,2026-05-19,없음,21,5.0,매크로,브랜디드콘텐츠,2026-06-13,37404,https://yt3.ggpht.com/WBYCoc1Dn0F4aTYiDO4K-JOAr7KqVy8V_bTX_WY4sknIJv7C_kjhyHjzkV4r7Imfui_HkYFD9g=s240-c-k-c0x00ffffff-no-rj,UCiUQWRA_xsGzvNVGFlBKBiQ,https://www.youtube.com/channel/UCiUQWRA_xsGzvNVGFlBKBiQ
CR_YT_1738,뇨리 티브이,@yt_ucrcj0gs,YouTube,뷰티,뷰티리뷰,Korea,389000,133618,1469798,2.82,2.9,18-34,Female,12689.0,20,유지,2026-01-04,없음,6,5.0,매크로,PPL,2026-06-13,41235,https://yt3.ggpht.com/zGB21yRs90iPDcPrRM9YtfY1pDzNiSwL-Xc2Z4WCHv5ufDfdkq239zFb2nD3gqT1_B06hs8fQkk=s240-c-k-c0x00ffffff-no-rj,UCRcj0GSaOmDdFukahVS4u1A,https://www.youtube.com/channel/UCRcj0GSaOmDdFukahVS4u1A
CR_YT_1739,채널주인 여깄음,@yt_uc9kusuu,YouTube,엔터테인먼트,리액션,Korea,388000,554371,6652452,6.94,2.0,18-34,Mixed,10423.0,4,상승,2026-04-25,없음,29,4.7,매크로,브랜디드콘텐츠,2026-06-13,227344,https://yt3.ggpht.com/A5P83PoRW9mjmBLoSQAYDBESkdE1RusBnCFYcbvuZppyKMGYYazNZ2zMiQAUqJHM8_sVeyTbSA=s240-c-k-c0x00ffffff-no-rj,UC9kUsuu1Giqa9V855EWa7-A,https://www.youtube.com/channel/UC9kUsuu1Giqa9V855EWa7-A
CR_YT_1740,은지랑 이은지,@yt_ucr6kxfz,YouTube,라이프스타일,일상,Korea,388000,320699,4810485,6.12,2.5,18-34,Mixed,13226.0,8,유지,2026-03-10,없음,18,5.0,매크로,PPL,2026-06-13,141134,https://yt3.ggpht.com/cQpZ7f6xx3YaGv0iR9Y70SEh0mqPJuaB3rXtuP6WgaBWUssf7g942iumkDsvBXpVWiu_d9FV=s240-c-k-c0x00ffffff-no-rj,UCR6KxFzwY0D8-lhcUns-Y5w,https://www.youtube.com/channel/UCR6KxFzwY0D8-lhcUns-Y5w
CR_YT_1741,패션플래닛,@yt_uc9vu2js,YouTube,라이프스타일,일상,Korea,388000,215716,2157160,4.48,3.0,18-34,Mixed,8725.0,2,상승,2026-04-13,없음,15,4.5,매크로,PPL,2026-06-13,73102,https://yt3.ggpht.com/95ntEiBl1cqqyMSoXiNCKF-x0Zkz5VgXOMpVCf6P3u5Ucn-AEYJB2R4jds7JH1lXytaBOFM=s240-c-k-c0x00ffffff-no-rj,UC9vu2JsuE7g-1r9HkYkOopw,https://www.youtube.com/channel/UC9vu2JsuE7g-1r9HkYkOopw
CR_YT_1742,소마의댄스월드☆SOMA DANCEWORLD,@yt_uczfraoi,YouTube,엔터테인먼트,리액션,Korea,388000,733944,9541272,1.63,3.8,18-34,Mixed,13948.0,1,상승,2026-01-19,없음,28,3.7,매크로,브랜디드콘텐츠,2026-06-13,343459,https://yt3.ggpht.com/ytc/AIdro_m0_GLQgscd0mq03zwNQX6Na4xwfQlIPyYzSri4NQY5QFc=s240-c-k-c0x00ffffff-no-rj,UCzFrAoi6lcrtv83MZIAcm2w,https://www.youtube.com/channel/UCzFrAoi6lcrtv83MZIAcm2w
CR_YT_1743,눈꽃,@yt_ucnxogzw,YouTube,게임,게임플레이,Korea,387000,63607,826891,8.14,4.3,18-34,Male,5107.0,2,하락,2026-04-22,없음,7,4.5,매크로,제품리뷰,2026-06-13,37123,https://yt3.ggpht.com/ytc/AIdro_nxigJB5pIVI9Aru2gLPZ_GvpKwti7AsevNYzHu_bK0ff4=s240-c-k-c0x00ffffff-no-rj,UCnxOGZwppMFnMYS-eUJtwXw,https://www.youtube.com/channel/UCnxOGZwppMFnMYS-eUJtwXw
CR_YT_1744,김크리스탈 KimCrystal,@yt_uccnykzl,YouTube,뷰티,메이크업,Korea,387000,106229,1168519,6.26,2.5,18-34,Female,10979.0,8,상승,2026-04-07,없음,16,5.0,매크로,PPL,2026-06-13,39896,https://yt3.ggpht.com/b74YNv_Hj3nJViRjIiiZ8VUNqrhz0VvoXA7rDGLmUdasTPt5yZJ174-J9nnPs1X-KIlDVyoYIoI=s240-c-k-c0x00ffffff-no-rj,UCcNYkzLMSkSiYaiAYjUNzRg,https://www.youtube.com/channel/UCcNYkzLMSkSiYaiAYjUNzRg
CR_YT_1745,훼사원,@yt_ucf2afwb,YouTube,테크,테크리뷰,Korea,387000,273311,2459799,2.57,3.5,25-44,Male,3321.0,16,상승,2026-01-12,없음,40,4.2,매크로,제품리뷰,2026-06-13,76635,https://yt3.ggpht.com/WsP2gFAXg_i--qUrRd3IjGFm6I5RFPjUefoHnW0IhXmAanN-dhscUHufkn8yorxnhEgGCL-SkQ=s240-c-k-c0x00ffffff-no-rj,UCF2AFWB3tROplgmkt3nOXIw,https://www.youtube.com/channel/UCF2AFWB3tROplgmkt3nOXIw
CR_YT_1746,체스CHES,@yt_ucqlh1pp,YouTube,라이프스타일,브이로그,Korea,386000,91205,1094460,7.31,2.7,18-34,Mixed,9814.0,20,상승,2026-02-14,확인필요,15,3.5,매크로,PPL,2026-06-13,40193,https://yt3.ggpht.com/ytc/AIdro_lu58nE7f5rzA-XRP_ToyM1EVZTkDHk2vQwjDV6JjRvF9Y=s240-c-k-c0x00ffffff-no-rj,UCQlH1ppmoTCx9F1vV0XqPtg,https://www.youtube.com/channel/UCQlH1ppmoTCx9F1vV0XqPtg
CR_YT_1747,꿈의 악마 DREAMDEVILS,@yt_ucffiu1e,YouTube,엔터테인먼트,브이로그,Korea,386000,185520,3710400,6.49,3.5,18-34,Mixed,13111.0,1,하락,2026-04-13,없음,28,3.7,매크로,PPL,2026-06-13,93179,https://yt3.ggpht.com/EKsHpkNRJhAqCI0Svh2xvpnarDq7lkbj1VJj81_RVpZKkGQgL7jQRRbUdn25kszSGq6bKDBhKQ=s240-c-k-c0x00ffffff-no-rj,UCFfIu1Eh11rDvgggYEBwJ9Q,https://www.youtube.com/channel/UCFfIu1Eh11rDvgggYEBwJ9Q
CR_YT_1748,금아[KeumTube],@yt_ucyvz6zf,YouTube,테크,언박싱,Korea,386000,225653,2707836,1.33,3.7,25-44,Male,8290.0,12,유지,2026-02-04,없음,25,5.0,매크로,언박싱협찬,2026-06-13,119644,https://yt3.ggpht.com/ytc/AIdro_lh61YNyS0oUOlkfg2JdPpAEo-SF6YryOQPIFfKt_o27HQ=s240-c-k-c0x00ffffff-no-rj,UCYVZ6zFmvUmeBmmFD7CJRqQ,https://www.youtube.com/channel/UCYVZ6zFmvUmeBmmFD7CJRqQ
CR_YT_1749,김명섭의 헬스교실,@yt_ucc5mvnf,YouTube,피트니스,다이어트,Korea,385000,123708,2226744,6.86,2.5,25-44,Mixed,8104.0,12,상승,2026-04-10,없음,36,4.2,매크로,PPL,2026-06-13,52007,https://yt3.ggpht.com/JtYCCyqIlx4soRl3b6g89VTFIgeHaTxjXCqKjqYWERQ1anVLHl74l-rDjqOVDMkEH0xA4c6vRCg=s240-c-k-c0x00ffffff-no-rj,UCc5mVNF4R6ywMqbty91J0rQ,https://www.youtube.com/channel/UCc5mVNF4R6ywMqbty91J0rQ
CR_YT_1750,온다람,@yt_uc3lnd5i,YouTube,게임,게임플레이,Korea,385000,344036,6192648,8.07,3.2,18-34,Male,11001.0,4,상승,2026-01-29,없음,12,5.0,매크로,제품리뷰,2026-06-13,202542,https://yt3.ggpht.com/xr24Hpn0uLcFPkb6SbhCP7_DxkYREfvzxWZRUioSR0y4kSL0b4Ne2QovNzqYnjzvLDGwK6eXYg=s240-c-k-c0x00ffffff-no-rj,UC3LNd5iXQZ8WinaOpfwXveA,https://www.youtube.com/channel/UC3LNd5iXQZ8WinaOpfwXveA
CR_YT_1751,보고싶진아,@yt_ucr1yt5i,YouTube,엔터테인먼트,예능,Korea,385000,140303,2385151,7.94,4.4,18-34,Mixed,748.0,2,상승,2026-02-11,없음,9,4.5,매크로,PPL,2026-06-13,63495,https://yt3.ggpht.com/Zbc1QVKdZG0mvoiBJp6nxjW6Tg_w8wSvy_9uGsELOU_ynAVIOS4xS-J2XR-adHXQ6kvD-F9O4g=s240-c-k-c0x00ffffff-no-rj,UCr1YT5IRw3iI1oQgbBOpWrQ,https://www.youtube.com/channel/UCr1YT5IRw3iI1oQgbBOpWrQ
CR_YT_1752,박씨집안,@yt_ucp5m5xl,YouTube,엔터테인먼트,예능,Korea,385000,548128,9318176,2.24,4.9,18-34,Mixed,13797.0,4,하락,2026-05-01,없음,36,4.2,매크로,브랜디드콘텐츠,2026-06-13,272418,https://yt3.ggpht.com/n3mMpqbIpA_9KHZLerc7Cq4U8vhb5TWTMkMItEMQSvAmiPHoCxFDM38MdryBDDyiY4I7f9Nx=s240-c-k-c0x00ffffff-no-rj,UCP5M5xLt4TRzPqj8zlAskzQ,https://www.youtube.com/channel/UCP5M5xLt4TRzPqj8zlAskzQ
CR_YT_1753,롤큐 LOLQ,@yt_uca-iaop,YouTube,게임,e스포츠,Korea,385000,217698,3700866,7.1,3.2,18-34,Male,8139.0,12,상승,2026-01-29,없음,22,5.0,매크로,제품리뷰,2026-06-13,124911,https://yt3.ggpht.com/6DC_Auy14QZ_zhWMq4Rg1vx4qncTK0HGx8RGPzWbPBRVidlb3fXN0sef8-9oWP5bnqJy-dnqTg=s240-c-k-c0x00ffffff-no-rj,UCa-IaOPw5r1oQ4vuf3QjEPA,https://www.youtube.com/channel/UCa-IaOPw5r1oQ4vuf3QjEPA
CR_YT_1754,모찌엘,@yt_ucrlaffg,YouTube,게임,e스포츠,Korea,385000,203761,3871459,0.96,4.6,18-34,Male,10479.0,8,상승,2026-01-16,확인필요,31,3.2,매크로,제품리뷰,2026-06-13,139977,https://yt3.ggpht.com/n58YR-gymAj5FpUyxkXhgXgMvI93LLlN-62TABnfMO_l_Rpyu-7hQH_yFfnw2vVvfSLNy8WO-W8=s240-c-k-c0x00ffffff-no-rj,UCRlaFFgUHAcc_Oce_GgAQmg,https://www.youtube.com/channel/UCRlaFFgUHAcc_Oce_GgAQmg
CR_YT_1755,미미미미미누,@yt_ucokyaj_,YouTube,엔터테인먼트,예능,Korea,385000,1065759,8526072,2.07,2.5,18-34,Mixed,3234.0,4,상승,2026-06-11,없음,17,5.0,매크로,PPL,2026-06-13,268140,https://yt3.ggpht.com/jW9z9ZYv7-kmRzHFPb20XHHTgkFL4zkwkBZA0hbCyUaf3px0JDCRhMMvr8JIyGZdicdKM0KPsw=s240-c-k-c0x00ffffff-no-rj,UCoKyaj_ea3BkpSA8TJZaVIQ,https://www.youtube.com/channel/UCoKyaj_ea3BkpSA8TJZaVIQ
CR_YT_1756,설레임 에디션 ♬,@yt_uci0ai1r,YouTube,엔터테인먼트,버라이어티,Korea,384000,1436781,11494248,1.94,2.7,18-34,Mixed,528.0,12,유지,2026-06-07,없음,20,5.0,매크로,PPL,2026-06-13,355802,https://yt3.ggpht.com/q8LhT6mAvANT3RnVK6ntZ7NIjzdA2JolAEaRGTlXbkF63Rxs68pxWNMrHQc1C35GOSEeQa_Y=s240-c-k-c0x00ffffff-no-rj,UCI0Ai1RoRD-b8i-qvRR0Yeg,https://www.youtube.com/channel/UCI0Ai1RoRD-b8i-qvRR0Yeg
CR_YT_1757,Hong's MakeuPlay 홍이모,@yt_ucw67ygq,YouTube,뷰티,스킨케어,Korea,384000,159817,1598170,5.02,3.8,18-34,Female,10614.0,1,상승,2026-03-04,없음,33,3.7,매크로,PPL,2026-06-13,61901,https://yt3.ggpht.com/krLaTgiiuwvlxTR75dCirld6cMWbUImxdpNdj4paptyT5zqVN4peD5WNgwU8az6LDFJQLh_S0Q=s240-c-k-c0x00ffffff-no-rj,UCW67yGQxNNMnLqRHyaTjygA,https://www.youtube.com/channel/UCW67yGQxNNMnLqRHyaTjygA
CR_YT_1758,ورشة عبدو / workshop,@yt_uc2cdnfa,YouTube,라이프스타일,브이로그,Korea,384000,253886,2792746,4.95,4.7,18-34,Mixed,6088.0,20,상승,2026-04-15,없음,37,4.2,매크로,브랜디드콘텐츠,2026-06-13,76718,https://yt3.ggpht.com/vyIek4OxoLlCz0R5LGuwTMReAwQNZuJe1El5ZM2z29Dc3fnsCr7dr2px2T96Z0M-uCqG-jQL_Q=s240-c-k-c0x00ffffff-no-rj,UC2CdnfAahaJjk9o9DSoCBzA,https://www.youtube.com/channel/UC2CdnfAahaJjk9o9DSoCBzA
CR_YT_1759,김모이,@yt_uczbibkw,YouTube,라이프스타일,브이로그,Korea,384000,384078,7297482,3.19,2.3,18-34,Mixed,11376.0,16,유지,2026-04-27,없음,39,4.2,매크로,브랜디드콘텐츠,2026-06-13,184458,https://yt3.ggpht.com/7Y-4avdf8eU2oV-3JtTtO-y5UI3vFXNml6m6Q5haD1VjOOsKteHnazjtD9nBeAml9UhfABkBIA=s240-c-k-c0x00ffffff-no-rj,UCZbiBKwoQQ2-myL4bbRmEWQ,https://www.youtube.com/channel/UCZbiBKwoQQ2-myL4bbRmEWQ
CR_YT_1760,시니어건강학교,@yt_ucflvs-p,YouTube,교육,스터디,Korea,384000,36944,332496,4.92,4.9,25-44,Mixed,3253.0,1,하락,2026-02-27,없음,5,4.0,매크로,제품리뷰,2026-06-13,9680,https://yt3.ggpht.com/5oyfZBWpO6vdMu1C7pWW8OoOK_Zf5WWKMQPbkMFHQHvYqqFQ2MYLh7L747pOsU12WAMu49YH6A=s240-c-k-c0x00ffffff-no-rj,UCflvs-PqUNjSGvH9_QGKP3g,https://www.youtube.com/channel/UCflvs-PqUNjSGvH9_QGKP3g
CR_YT_1761,봉지욱의 오프더레코드,@yt_uc9meee5,YouTube,라이프스타일,리뷰,Korea,383000,123880,2353720,1.29,3.6,18-34,Mixed,3209.0,12,하락,2026-05-16,없음,19,5.0,매크로,PPL,2026-06-13,88354,https://yt3.ggpht.com/HyI1_KFOKd6CK03fBD4zgtdeXiFjD_mJG5lOs04u72fuG6EOYCKzs-iQGbKjF-KlbdYDz5ww=s240-c-k-c0x00ffffff-no-rj,UC9mEeE55q4PCfGERt_PNYbg,https://youtube.com/channel/UC9mEeE55q4PCfGERt_PNYbg
CR_YT_1762,몇대몇?블랙박스,@yt_ucs2tmea,YouTube,테크,언박싱,Korea,383000,797773,11966595,8.0,4.2,25-44,Male,13487.0,16,유지,2026-01-12,없음,6,5.0,매크로,제품리뷰,2026-06-13,370069,https://yt3.ggpht.com/4AtTjJWOjibHBORFJts1FzZ5qTrlAGFfP-L-jS-9LmYH1Yu324UghGCC1F1ase87suzrr2rfEw=s240-c-k-c0x00ffffff-no-rj,UCs2TmEANiFrjKhzCsKsY7XA,https://www.youtube.com/channel/UCs2TmEANiFrjKhzCsKsY7XA
CR_YT_1763,속촌아씨,@yt_ucpfw4r1,YouTube,엔터테인먼트,예능,Korea,383000,426871,5976194,6.29,4.5,18-34,Mixed,14048.0,2,하락,2026-03-05,없음,5,4.5,매크로,PPL,2026-06-13,244797,https://yt3.ggpht.com/ytc/AIdro_m3F8ve251tY0SqmWrwdN8C4S-C0r1f5cDV2W5888zRgg=s240-c-k-c0x00ffffff-no-rj,UCPFW4r1nmTdtQUsAJSno1iA,https://www.youtube.com/channel/UCPFW4r1nmTdtQUsAJSno1iA
CR_YT_1764,데일리 미라클,@yt_uck1be73,YouTube,뷰티,스킨케어,Korea,383000,106470,2129400,1.52,3.8,18-34,Female,7796.0,8,상승,2026-05-29,없음,12,5.0,매크로,PPL,2026-06-13,53415,https://yt3.ggpht.com/Og2nvkVnq0naVgNDZixdBa8wnAgyhNdMDvGPoLWPmp9tKAGW-Esv593skSBquoTIyGjNY8nCog=s240-c-k-c0x00ffffff-no-rj,UCk1BE73NfSUGz19LpNg9E-w,https://www.youtube.com/channel/UCk1BE73NfSUGz19LpNg9E-w
CR_YT_1765,"우리동네산부인과, 우리동산",@yt_ucpgoxlj,YouTube,엔터테인먼트,브이로그,Korea,383000,184275,2948400,4.83,2.9,18-34,Mixed,10296.0,16,상승,2026-04-05,없음,36,4.2,매크로,PPL,2026-06-13,113049,https://yt3.ggpht.com/3j1bc0-_Tp6mKqSOocWS4IvXJnqyJi0COH0e7gu5qCqLaSKasMrAol_0TFOq_uRm2f2pSyoo=s240-c-k-c0x00ffffff-no-rj,UCpgoxljexZ23-K5dN0-6hVA,https://www.youtube.com/channel/UCpgoxljexZ23-K5dN0-6hVA
CR_YT_1766,Yummy's ASMR 야미스,@yt_uc1mseuo,YouTube,푸드,먹방,Korea,383000,297882,5659758,3.69,3.2,18-34,Mixed,1866.0,2,유지,2026-03-20,없음,27,4.2,매크로,먹방협찬,2026-06-13,257960,https://yt3.ggpht.com/ytc/AIdro_n31p2omMJrqB3ICeKvMPPt0mNLMZs1fpXa0gNFDGKXKw=s240-c-k-c0x00ffffff-no-rj,UC1MSeuocPdQ9B4_91TINsYg,https://www.youtube.com/channel/UC1MSeuocPdQ9B4_91TINsYg
CR_YT_1767,LionsTV,@yt_ucmwaku3,YouTube,피트니스,헬스,Korea,383000,76859,1306603,5.02,4.9,25-44,Mixed,4456.0,4,유지,2026-04-24,없음,25,5.0,매크로,제품리뷰,2026-06-13,45951,https://yt3.ggpht.com/C9mC7OZniQaqpZhbsVGRBQtLg3y8ZbnoHKRa4HZRJ826z07jRvxHSFSE2CJzD9CGqEF9-Aia=s240-c-k-c0x00ffffff-no-rj,UCMWAku3a3h65QpLm63Jf2pw,https://www.youtube.com/channel/UCMWAku3a3h65QpLm63Jf2pw
CR_YT_1768,늪지대에서 생긴 일,@yt_uc2uid-r,YouTube,게임,게임플레이,Korea,382000,187175,3556325,1.59,4.6,18-34,Male,7390.0,1,하락,2026-06-01,없음,33,3.7,매크로,스폰서십,2026-06-13,107697,https://yt3.ggpht.com/ytc/AIdro_kZ7zcaiXizOwXdEM96qAkxfI7bGY4xA__W7LUKm6IIEJU=s240-c-k-c0x00ffffff-no-rj,UC2uID-rcbLMi3RxZmZtwSZg,https://www.youtube.com/channel/UC2uID-rcbLMi3RxZmZtwSZg
CR_YT_1769,만만,@yt_ucry0vkm,YouTube,게임,게임플레이,Korea,382000,110734,1328808,4.0,3.9,18-34,Male,8522.0,8,하락,2026-05-08,없음,6,5.0,매크로,스폰서십,2026-06-13,32956,https://yt3.ggpht.com/AVl2heDqAqDQqweTyY6OS40EmbsgkX21UxTU2gDJVOwYVeGzI5DyA2iNjvpRqrJMLZBmz9U6Ag=s240-c-k-c0x00ffffff-no-rj,UCRY0vKmqFmQ4XCJomWMBf-w,https://www.youtube.com/channel/UCRY0vKmqFmQ4XCJomWMBf-w
CR_YT_1770,투머치 김호영,@yt_uc_w6vbb,YouTube,엔터테인먼트,리액션,Korea,382000,661938,7943256,5.98,4.6,18-34,Mixed,14327.0,4,상승,2026-04-16,없음,30,4.7,매크로,브랜디드콘텐츠,2026-06-13,288976,https://yt3.ggpht.com/fq5nILxP8-mnNXqhL9XSE74jEC_HoQjB22GKR2YrjTCTpo73CoTLCL-e-2W-IfZWLgb-3PGH_UI=s240-c-k-c0x00ffffff-no-rj,UC_w6vBBczYwQ-4hCwgqWW9w,https://www.youtube.com/channel/UC_w6vBBczYwQ-4hCwgqWW9w
CR_YT_1771,KBS 스포츠,@yt_ucdib1do,YouTube,피트니스,헬스,Korea,382000,86395,1295925,7.21,3.6,25-44,Mixed,11130.0,16,하락,2026-04-08,없음,26,4.7,매크로,제품리뷰,2026-06-13,37571,https://yt3.ggpht.com/ywqOBA0MBlvsExTXsSgDZDLixLzgqZM7rgbDEm7tUJdMHI3Ya6CrADkDqtrNsBUKXJHmkBDRZ38=s240-c-k-c0x00ffffff-no-rj,UCDIB1DOwPPe58M2fHPyVVDA,https://www.youtube.com/channel/UCDIB1DOwPPe58M2fHPyVVDA
